recipe,seed,n_seen,n_train,val_acc,preq_acc
"bundle-all, w=8",0,250,6015,0.70606,0.704
"bundle-all, w=8",0,500,6015,0.72102,0.74
"bundle-all, w=8",0,750,6015,0.73373,0.794
"bundle-all, w=8",0,1000,6015,0.74271,0.782
"bundle-all, w=8",0,1250,6015,0.73972,0.77
"bundle-all, w=8",0,1500,6015,0.73747,0.778
"bundle-all, w=8",0,1750,6015,0.73373,0.776
"bundle-all, w=8",0,2000,6015,0.73598,0.762
"bundle-all, w=8",0,2250,6015,0.73972,0.776
"bundle-all, w=8",0,2500,6015,0.74271,0.804
"bundle-all, w=8",0,2750,6015,0.73822,0.792
"bundle-all, w=8",0,3000,6015,0.727,0.76
"bundle-all, w=8",0,3250,6015,0.73972,0.754
"bundle-all, w=8",0,3500,6015,0.73448,0.774
"bundle-all, w=8",0,3750,6015,0.73448,0.77
"bundle-all, w=8",0,4000,6015,0.73373,0.77
"bundle-all, w=8",0,4250,6015,0.73298,0.776
"bundle-all, w=8",0,4500,6015,0.73747,0.792
"bundle-all, w=8",0,4750,6015,0.73373,0.784
"bundle-all, w=8",0,5000,6015,0.73298,0.776
"bundle-all, w=8",0,5250,6015,0.74046,0.804
"bundle-all, w=8",0,5500,6015,0.73598,0.814
"bundle-all, w=8",0,5750,6015,0.73598,0.826
"bundle-all, w=8",0,6000,6015,0.73074,0.79
"error-driven, w=8",0,250,6015,0.70606,0.704
"error-driven, w=8",0,500,6015,0.72102,0.74
"error-driven, w=8",0,750,6015,0.73373,0.794
"error-driven, w=8",0,1000,6015,0.74271,0.782
"error-driven, w=8",0,1250,6015,0.73972,0.77
"error-driven, w=8",0,1500,6015,0.73747,0.778
"error-driven, w=8",0,1750,6015,0.73373,0.776
"error-driven, w=8",0,2000,6015,0.73598,0.762
"error-driven, w=8",0,2250,6015,0.73972,0.776
"error-driven, w=8",0,2500,6015,0.74271,0.804
"error-driven, w=8",0,2750,6015,0.73822,0.792
"error-driven, w=8",0,3000,6015,0.727,0.76
"error-driven, w=8",0,3250,6015,0.73972,0.754
"error-driven, w=8",0,3500,6015,0.73448,0.774
"error-driven, w=8",0,3750,6015,0.73448,0.77
"error-driven, w=8",0,4000,6015,0.73373,0.77
"error-driven, w=8",0,4250,6015,0.73298,0.776
"error-driven, w=8",0,4500,6015,0.73747,0.792
"error-driven, w=8",0,4750,6015,0.73373,0.784
"error-driven, w=8",0,5000,6015,0.73298,0.776
"error-driven, w=8",0,5250,6015,0.74046,0.804
"error-driven, w=8",0,5500,6015,0.73598,0.814
"error-driven, w=8",0,5750,6015,0.73598,0.826
"error-driven, w=8",0,6000,6015,0.73074,0.79
"error-driven, w=8",0,6250,6015,0.73074,0.782
"error-driven, w=8",0,6500,6015,0.73897,0.794
"error-driven, w=8",0,6750,6015,0.73373,0.77
"error-driven, w=8",0,7000,6015,0.74271,0.786
"error-driven, w=8",0,7250,6015,0.74944,0.786
"error-driven, w=8",0,7500,6015,0.75093,0.794
"error-driven, w=8",0,7750,6015,0.74794,0.806
"error-driven, w=8",0,8000,6015,0.74495,0.8
"error-driven, w=8",0,8250,6015,0.76589,0.788
"error-driven, w=8",0,8500,6015,0.76739,0.802
"error-driven, w=8",0,8750,6015,0.76814,0.84
"error-driven, w=8",0,9000,6015,0.77487,0.844
"error-driven, w=8",0,9250,6015,0.7816,0.826
"error-driven, w=8",0,9500,6015,0.80105,0.814
"error-driven, w=8",0,9750,6015,0.82573,0.808
"error-driven, w=8",0,10000,6015,0.82648,0.798
"error-driven, w=8",0,10250,6015,0.83321,0.79
"error-driven, w=8",0,10500,6015,0.82648,0.808
"error-driven, w=8",0,10750,6015,0.79581,0.824
"error-driven, w=8",0,11000,6015,0.82947,0.844
"error-driven, w=8",0,11250,6015,0.81675,0.848
"error-driven, w=8",0,11500,6015,0.83022,0.836
"error-driven, w=8",0,11750,6015,0.82423,0.814
"error-driven, w=8",0,12000,6015,0.85041,0.818
"error-driven, w=8",0,12250,6015,0.80479,0.838
"error-driven, w=8",0,12500,6015,0.81975,0.83
"error-driven, w=8",0,12750,6015,0.81451,0.83
"error-driven, w=8",0,13000,6015,0.83171,0.81
"error-driven, w=8",0,13250,6015,0.78459,0.796
"error-driven, w=8",0,13500,6015,0.75467,0.814
"error-driven, w=8",0,13750,6015,0.8347,0.832
"error-driven, w=8",0,14000,6015,0.85266,0.846
"error-driven, w=8",0,14250,6015,0.83396,0.828
"error-driven, w=8",0,14500,6015,0.81227,0.794
"error-driven, w=8",0,14750,6015,0.85041,0.806
"error-driven, w=8",0,15000,6015,0.76365,0.844
"error-driven, w=8",0,15250,6015,0.8175,0.842
"error-driven, w=8",0,15500,6015,0.819,0.842
"error-driven, w=8",0,15750,6015,0.83919,0.864
"error-driven, w=8",0,16000,6015,0.84667,0.836
"error-driven, w=8",0,16250,6015,0.83246,0.804
"error-driven, w=8",0,16500,6015,0.83919,0.828
"error-driven, w=8",0,16750,6015,0.73224,0.862
"error-driven, w=8",0,17000,6015,0.82723,0.85
"error-driven, w=8",0,17250,6015,0.82797,0.854
"error-driven, w=8",0,17500,6015,0.80927,0.862
"error-driven, w=8",0,17750,6015,0.82573,0.852
"error-driven, w=8",0,18000,6015,0.81601,0.838
"error-driven, w=8",0,18250,6015,0.81451,0.848
"error-driven, w=8",0,18500,6015,0.82723,0.856
"error-driven, w=8",0,18750,6015,0.83096,0.848
"error-driven, w=8",0,19000,6015,0.84892,0.836
"error-driven, w=8",0,19250,6015,0.84368,0.852
"error-driven, w=8",0,19500,6015,0.84069,0.864
"error-driven, w=8",0,19750,6015,0.83321,0.852
"error-driven, w=8",0,20000,6015,0.82947,0.838
"error-driven, w=8",0,20250,6015,0.82947,0.786
"error-driven, w=8",0,20500,6015,0.75168,0.814
"error-driven, w=8",0,20750,6015,0.7988,0.83
"error-driven, w=8",0,21000,6015,0.86687,0.828
"error-driven, w=8",0,21250,6015,0.84144,0.862
"error-driven, w=8",0,21500,6015,0.8549,0.874
"error-driven, w=8",0,21750,6015,0.84293,0.872
"error-driven, w=8",0,22000,6015,0.85714,0.88
"error-driven, w=8",0,22250,6015,0.81975,0.858
"error-driven, w=8",0,22500,6015,0.83171,0.84
"error-driven, w=8",0,22750,6015,0.87659,0.864
"error-driven, w=8",0,23000,6015,0.81526,0.868
"error-driven, w=8",0,23250,6015,0.82573,0.876
"error-driven, w=8",0,23500,6015,0.84069,0.874
"error-driven, w=8",0,23750,6015,0.86911,0.862
"error-driven, w=8",0,24000,6015,0.82349,0.84
"error-driven, w=4",0,250,6015,0.70681,0.704
"error-driven, w=4",0,500,6015,0.72027,0.744
"error-driven, w=4",0,750,6015,0.727,0.796
"error-driven, w=4",0,1000,6015,0.73747,0.784
"error-driven, w=4",0,1250,6015,0.7098,0.78
"error-driven, w=4",0,1500,6015,0.73373,0.768
"error-driven, w=4",0,1750,6015,0.72326,0.75
"error-driven, w=4",0,2000,6015,0.72326,0.754
"error-driven, w=4",0,2250,6015,0.73972,0.78
"error-driven, w=4",0,2500,6015,0.71055,0.792
"error-driven, w=4",0,2750,6015,0.70007,0.766
"error-driven, w=4",0,3000,6015,0.73298,0.762
"error-driven, w=4",0,3250,6015,0.7472,0.774
"error-driven, w=4",0,3500,6015,0.73822,0.776
"error-driven, w=4",0,3750,6015,0.73972,0.764
"error-driven, w=4",0,4000,6015,0.75841,0.76
"error-driven, w=4",0,4250,6015,0.73298,0.782
"error-driven, w=4",0,4500,6015,0.72326,0.79
"error-driven, w=4",0,4750,6015,0.72401,0.774
"error-driven, w=4",0,5000,6015,0.76141,0.792
"error-driven, w=4",0,5250,6015,0.74046,0.822
"error-driven, w=4",0,5500,6015,0.70007,0.818
"error-driven, w=4",0,5750,6015,0.74046,0.814
"error-driven, w=4",0,6000,6015,0.71653,0.776
"error-driven, w=4",0,6250,6015,0.81376,0.754
"error-driven, w=4",0,6500,6015,0.74196,0.782
"error-driven, w=4",0,6750,6015,0.82648,0.774
"error-driven, w=4",0,7000,6015,0.74346,0.788
"error-driven, w=4",0,7250,6015,0.79432,0.794
"error-driven, w=4",0,7500,6015,0.77412,0.782
"error-driven, w=4",0,7750,6015,0.79058,0.782
"error-driven, w=4",0,8000,6015,0.67988,0.784
"error-driven, w=4",0,8250,6015,0.78534,0.756
"error-driven, w=4",0,8500,6015,0.69559,0.736
"error-driven, w=4",0,8750,6015,0.77562,0.768
"error-driven, w=4",0,9000,6015,0.73972,0.762
"error-driven, w=4",0,9250,6015,0.78085,0.75
"error-driven, w=4",0,9500,6015,0.63276,0.766
"error-driven, w=4",0,9750,6015,0.64323,0.712
"error-driven, w=4",0,10000,6015,0.62004,0.66
"error-driven, w=4",0,10250,6015,0.44129,0.622
"error-driven, w=4",0,10500,6015,0.34181,0.532
"error-driven, w=4",0,10750,6015,0.4712,0.458
"error-driven, w=4",0,11000,6015,0.43755,0.446
"error-driven, w=4",0,11250,6015,0.39566,0.46
"error-driven, w=4",0,11500,6015,0.59611,0.468
"error-driven, w=4",0,11750,6015,0.46298,0.454
"error-driven, w=4",0,12000,6015,0.4196,0.484
"error-driven, w=4",0,12250,6015,0.5834,0.506
"error-driven, w=4",0,12500,6015,0.59761,0.506
"error-driven, w=4",0,12750,6015,0.62004,0.51
"error-driven, w=4",0,13000,6015,0.41212,0.51
"error-driven, w=4",0,13250,6015,0.68138,0.52
"error-driven, w=4",0,13500,6015,0.60135,0.522
"error-driven, w=4",0,13750,6015,0.67016,0.576
"error-driven, w=4",0,14000,6015,0.58863,0.6
"error-driven, w=4",0,14250,6015,0.60359,0.564
"error-driven, w=4",0,14500,6015,0.47046,0.544
"error-driven, w=4",0,14750,6015,0.6911,0.556
"error-driven, w=4",0,15000,6015,0.38893,0.59
"error-driven, w=4",0,15250,6015,0.43306,0.612
"error-driven, w=4",0,15500,6015,0.51982,0.574
"error-driven, w=4",0,15750,6015,0.65669,0.576
"error-driven, w=4",0,16000,6015,0.53478,0.558
"error-driven, w=4",0,16250,6015,0.30815,0.532
"error-driven, w=4",0,16500,6015,0.59536,0.548
"error-driven, w=4",0,16750,6015,0.35602,0.534
"error-driven, w=4",0,17000,6015,0.49589,0.554
"error-driven, w=4",0,17250,6015,0.42857,0.51
"error-driven, w=4",0,17500,6015,0.55572,0.486
"error-driven, w=4",0,17750,6015,0.40912,0.536
"error-driven, w=4",0,18000,6015,0.57218,0.548
"error-driven, w=4",0,18250,6015,0.66941,0.566
"error-driven, w=4",0,18500,6015,0.56619,0.566
"error-driven, w=4",0,18750,6015,0.39491,0.568
"error-driven, w=4",0,19000,6015,0.60135,0.568
"error-driven, w=4",0,19250,6015,0.51982,0.558
"error-driven, w=4",0,19500,6015,0.54226,0.524
"error-driven, w=4",0,19750,6015,0.55572,0.498
"error-driven, w=4",0,20000,6015,0.56694,0.518
"error-driven, w=4",0,20250,6015,0.52954,0.496
"error-driven, w=4",0,20500,6015,0.59162,0.534
"error-driven, w=4",0,20750,6015,0.55123,0.57
"error-driven, w=4",0,21000,6015,0.57966,0.516
"error-driven, w=4",0,21250,6015,0.37397,0.526
"error-driven, w=4",0,21500,6015,0.66268,0.592
"error-driven, w=4",0,21750,6015,0.4166,0.572
"error-driven, w=4",0,22000,6015,0.30666,0.55
"error-driven, w=4",0,22250,6015,0.51982,0.552
"error-driven, w=4",0,22500,6015,0.50187,0.48
"error-driven, w=4",0,22750,6015,0.3994,0.504
"error-driven, w=4",0,23000,6015,0.61331,0.526
"error-driven, w=4",0,23250,6015,0.39043,0.494
"error-driven, w=4",0,23500,6015,0.6911,0.498
"error-driven, w=4",0,23750,6015,0.635,0.518
"error-driven, w=4",0,24000,6015,0.4899,0.564
"error-driven, w=3, k=3",0,250,6015,0.65894,0.544
"error-driven, w=3, k=3",0,500,6015,0.71429,0.62
"error-driven, w=3, k=3",0,750,6015,0.73747,0.738
"error-driven, w=3, k=3",0,1000,6015,0.74271,0.778
"error-driven, w=3, k=3",0,1250,6015,0.75617,0.788
"error-driven, w=3, k=3",0,1500,6015,0.72625,0.772
"error-driven, w=3, k=3",0,1750,6015,0.75243,0.762
"error-driven, w=3, k=3",0,2000,6015,0.71055,0.77
"error-driven, w=3, k=3",0,2250,6015,0.71354,0.78
"error-driven, w=3, k=3",0,2500,6015,0.70681,0.77
"error-driven, w=3, k=3",0,2750,6015,0.76739,0.746
"error-driven, w=3, k=3",0,3000,6015,0.73897,0.746
"error-driven, w=3, k=3",0,3250,6015,0.7629,0.766
"error-driven, w=3, k=3",0,3500,6015,0.7816,0.774
"error-driven, w=3, k=3",0,3750,6015,0.71429,0.76
"error-driven, w=3, k=3",0,4000,6015,0.7255,0.764
"error-driven, w=3, k=3",0,4250,6015,0.71279,0.786
"error-driven, w=3, k=3",0,4500,6015,0.70531,0.784
"error-driven, w=3, k=3",0,4750,6015,0.72177,0.746
"error-driven, w=3, k=3",0,5000,6015,0.74645,0.752
"error-driven, w=3, k=3",0,5250,6015,0.7255,0.804
"error-driven, w=3, k=3",0,5500,6015,0.72027,0.824
"error-driven, w=3, k=3",0,5750,6015,0.73897,0.804
"error-driven, w=3, k=3",0,6000,6015,0.7083,0.766
"error-driven, w=3, k=3",0,6250,6015,0.68287,0.738
"error-driven, w=3, k=3",0,6500,6015,0.63575,0.7
"error-driven, w=3, k=3",0,6750,6015,0.65669,0.644
"error-driven, w=3, k=3",0,7000,6015,0.74869,0.672
"error-driven, w=3, k=3",0,7250,6015,0.60957,0.694
"error-driven, w=3, k=3",0,7500,6015,0.7255,0.666
"error-driven, w=3, k=3",0,7750,6015,0.75916,0.674
"error-driven, w=3, k=3",0,8000,6015,0.63949,0.684
"error-driven, w=3, k=3",0,8250,6015,0.68212,0.63
"error-driven, w=3, k=3",0,8500,6015,0.59013,0.624
"error-driven, w=3, k=3",0,8750,6015,0.75243,0.666
"error-driven, w=3, k=3",0,9000,6015,0.54675,0.676
"error-driven, w=3, k=3",0,9250,6015,0.68586,0.664
"error-driven, w=3, k=3",0,9500,6015,0.55348,0.65
"error-driven, w=3, k=3",0,9750,6015,0.63949,0.672
"error-driven, w=3, k=3",0,10000,6015,0.6365,0.646
"error-driven, w=3, k=3",0,10250,6015,0.62079,0.626
"error-driven, w=3, k=3",0,10500,6015,0.67016,0.65
"error-driven, w=3, k=3",0,10750,6015,0.72102,0.64
"error-driven, w=3, k=3",0,11000,6015,0.68512,0.648
"error-driven, w=3, k=3",0,11250,6015,0.55198,0.67
"error-driven, w=3, k=3",0,11500,6015,0.58639,0.642
"error-driven, w=3, k=3",0,11750,6015,0.67315,0.596
"error-driven, w=3, k=3",0,12000,6015,0.6552,0.64
"error-driven, w=3, k=3",0,12250,6015,0.77038,0.672
"error-driven, w=3, k=3",0,12500,6015,0.72625,0.704
"error-driven, w=3, k=3",0,12750,6015,0.6739,0.718
"error-driven, w=3, k=3",0,13000,6015,0.5632,0.68
"error-driven, w=3, k=3",0,13250,6015,0.75916,0.674
"error-driven, w=3, k=3",0,13500,6015,0.63126,0.666
"error-driven, w=3, k=3",0,13750,6015,0.70157,0.638
"error-driven, w=3, k=3",0,14000,6015,0.60808,0.638
"error-driven, w=3, k=3",0,14250,6015,0.63201,0.676
"error-driven, w=3, k=3",0,14500,6015,0.66343,0.686
"error-driven, w=3, k=3",0,14750,6015,0.59461,0.66
"error-driven, w=3, k=3",0,15000,6015,0.67165,0.658
"error-driven, w=3, k=3",0,15250,6015,0.70681,0.682
"error-driven, w=3, k=3",0,15500,6015,0.67091,0.67
"error-driven, w=3, k=3",0,15750,6015,0.71204,0.67
"error-driven, w=3, k=3",0,16000,6015,0.61182,0.674
"error-driven, w=3, k=3",0,16250,6015,0.60509,0.692
"error-driven, w=3, k=3",0,16500,6015,0.71803,0.688
"error-driven, w=3, k=3",0,16750,6015,0.48766,0.658
"error-driven, w=3, k=3",0,17000,6015,0.67689,0.656
"error-driven, w=3, k=3",0,17250,6015,0.63725,0.676
"error-driven, w=3, k=3",0,17500,6015,0.59387,0.674
"error-driven, w=3, k=3",0,17750,6015,0.59985,0.65
"error-driven, w=3, k=3",0,18000,6015,0.69559,0.632
"error-driven, w=3, k=3",0,18250,6015,0.72924,0.664
"error-driven, w=3, k=3",0,18500,6015,0.6537,0.72
"error-driven, w=3, k=3",0,18750,6015,0.71204,0.688
"error-driven, w=3, k=3",0,19000,6015,0.73373,0.638
"error-driven, w=3, k=3",0,19250,6015,0.71728,0.666
"error-driven, w=3, k=3",0,19500,6015,0.74196,0.672
"error-driven, w=3, k=3",0,19750,6015,0.71204,0.666
"error-driven, w=3, k=3",0,20000,6015,0.62977,0.652
"error-driven, w=3, k=3",0,20250,6015,0.66791,0.626
"error-driven, w=3, k=3",0,20500,6015,0.67838,0.638
"error-driven, w=3, k=3",0,20750,6015,0.63052,0.652
"error-driven, w=3, k=3",0,21000,6015,0.74121,0.63
"error-driven, w=3, k=3",0,21250,6015,0.67689,0.674
"error-driven, w=3, k=3",0,21500,6015,0.76889,0.722
"error-driven, w=3, k=3",0,21750,6015,0.58863,0.684
"error-driven, w=3, k=3",0,22000,6015,0.6896,0.676
"error-driven, w=3, k=3",0,22250,6015,0.63575,0.672
"error-driven, w=3, k=3",0,22500,6015,0.61556,0.628
"error-driven, w=3, k=3",0,22750,6015,0.78459,0.634
"error-driven, w=3, k=3",0,23000,6015,0.64847,0.688
"error-driven, w=3, k=3",0,23250,6015,0.73373,0.69
"error-driven, w=3, k=3",0,23500,6015,0.76739,0.678
"error-driven, w=3, k=3",0,23750,6015,0.5288,0.672
"error-driven, w=3, k=3",0,24000,6015,0.7083,0.65
"error-driven, w=4, k=3",0,250,6015,0.65894,0.544
"error-driven, w=4, k=3",0,500,6015,0.71354,0.622
"error-driven, w=4, k=3",0,750,6015,0.73897,0.732
"error-driven, w=4, k=3",0,1000,6015,0.7285,0.766
"error-driven, w=4, k=3",0,1250,6015,0.74869,0.784
"error-driven, w=4, k=3",0,1500,6015,0.73822,0.778
"error-driven, w=4, k=3",0,1750,6015,0.76664,0.776
"error-driven, w=4, k=3",0,2000,6015,0.75991,0.778
"error-driven, w=4, k=3",0,2250,6015,0.7457,0.786
"error-driven, w=4, k=3",0,2500,6015,0.727,0.796
"error-driven, w=4, k=3",0,2750,6015,0.73972,0.754
"error-driven, w=4, k=3",0,3000,6015,0.7442,0.734
"error-driven, w=4, k=3",0,3250,6015,0.74869,0.76
"error-driven, w=4, k=3",0,3500,6015,0.75019,0.764
"error-driven, w=4, k=3",0,3750,6015,0.74645,0.762
"error-driven, w=4, k=3",0,4000,6015,0.73972,0.77
"error-driven, w=4, k=3",0,4250,6015,0.73373,0.77
"error-driven, w=4, k=3",0,4500,6015,0.73972,0.772
"error-driven, w=4, k=3",0,4750,6015,0.73972,0.756
"error-driven, w=4, k=3",0,5000,6015,0.74346,0.764
"error-driven, w=4, k=3",0,5250,6015,0.73672,0.806
"error-driven, w=4, k=3",0,5500,6015,0.73897,0.814
"error-driven, w=4, k=3",0,5750,6015,0.73672,0.806
"error-driven, w=4, k=3",0,6000,6015,0.71877,0.772
"error-driven, w=4, k=3",0,6250,6015,0.73598,0.764
"error-driven, w=4, k=3",0,6500,6015,0.69858,0.768
"error-driven, w=4, k=3",0,6750,6015,0.73074,0.782
"error-driven, w=4, k=3",0,7000,6015,0.73224,0.814
"error-driven, w=4, k=3",0,7250,6015,0.70307,0.778
"error-driven, w=4, k=3",0,7500,6015,0.65071,0.772
"error-driven, w=4, k=3",0,7750,6015,0.77412,0.788
"error-driven, w=4, k=3",0,8000,6015,0.78534,0.8
"error-driven, w=4, k=3",0,8250,6015,0.81601,0.784
"error-driven, w=4, k=3",0,8500,6015,0.7629,0.77
"error-driven, w=4, k=3",0,8750,6015,0.78459,0.784
"error-driven, w=4, k=3",0,9000,6015,0.77711,0.768
"error-driven, w=4, k=3",0,9250,6015,0.70681,0.758
"error-driven, w=4, k=3",0,9500,6015,0.70456,0.73
"error-driven, w=4, k=3",0,9750,6015,0.75318,0.73
"error-driven, w=4, k=3",0,10000,6015,0.78684,0.754
"error-driven, w=4, k=3",0,10250,6015,0.80853,0.758
"error-driven, w=4, k=3",0,10500,6015,0.65221,0.75
"error-driven, w=4, k=3",0,10750,6015,0.74346,0.756
"error-driven, w=4, k=3",0,11000,6015,0.75467,0.796
"error-driven, w=4, k=3",0,11250,6015,0.68287,0.794
"error-driven, w=4, k=3",0,11500,6015,0.80254,0.768
"error-driven, w=4, k=3",0,11750,6015,0.73224,0.732
"error-driven, w=4, k=3",0,12000,6015,0.71354,0.75
"error-driven, w=4, k=3",0,12250,6015,0.71429,0.782
"error-driven, w=4, k=3",0,12500,6015,0.78534,0.782
"error-driven, w=4, k=3",0,12750,6015,0.6911,0.772
"error-driven, w=4, k=3",0,13000,6015,0.72401,0.76
"error-driven, w=4, k=3",0,13250,6015,0.79506,0.77
"error-driven, w=4, k=3",0,13500,6015,0.67464,0.794
"error-driven, w=4, k=3",0,13750,6015,0.71279,0.782
"error-driven, w=4, k=3",0,14000,6015,0.72775,0.762
"error-driven, w=4, k=3",0,14250,6015,0.75991,0.786
"error-driven, w=4, k=3",0,14500,6015,0.68736,0.774
"error-driven, w=4, k=3",0,14750,6015,0.80105,0.752
"error-driven, w=4, k=3",0,15000,6015,0.66941,0.776
"error-driven, w=4, k=3",0,15250,6015,0.80553,0.804
"error-driven, w=4, k=3",0,15500,6015,0.76963,0.808
"error-driven, w=4, k=3",0,15750,6015,0.80479,0.81
"error-driven, w=4, k=3",0,16000,6015,0.80404,0.774
"error-driven, w=4, k=3",0,16250,6015,0.7472,0.764
"error-driven, w=4, k=3",0,16500,6015,0.79432,0.792
"error-driven, w=4, k=3",0,16750,6015,0.65969,0.8
"error-driven, w=4, k=3",0,17000,6015,0.74495,0.796
"error-driven, w=4, k=3",0,17250,6015,0.79955,0.778
"error-driven, w=4, k=3",0,17500,6015,0.72251,0.788
"error-driven, w=4, k=3",0,17750,6015,0.80329,0.8
"error-driven, w=4, k=3",0,18000,6015,0.78459,0.802
"error-driven, w=4, k=3",0,18250,6015,0.79432,0.788
"error-driven, w=4, k=3",0,18500,6015,0.80329,0.796
"error-driven, w=4, k=3",0,18750,6015,0.80553,0.806
"error-driven, w=4, k=3",0,19000,6015,0.84742,0.778
"error-driven, w=4, k=3",0,19250,6015,0.75393,0.802
"error-driven, w=4, k=3",0,19500,6015,0.79058,0.814
"error-driven, w=4, k=3",0,19750,6015,0.73747,0.774
"error-driven, w=4, k=3",0,20000,6015,0.82274,0.726
"error-driven, w=4, k=3",0,20250,6015,0.79357,0.746
"error-driven, w=4, k=3",0,20500,6015,0.64772,0.794
"error-driven, w=4, k=3",0,20750,6015,0.67165,0.778
"error-driven, w=4, k=3",0,21000,6015,0.77786,0.75
"error-driven, w=4, k=3",0,21250,6015,0.79058,0.78
"error-driven, w=4, k=3",0,21500,6015,0.73822,0.8
"error-driven, w=4, k=3",0,21750,6015,0.69484,0.784
"error-driven, w=4, k=3",0,22000,6015,0.81675,0.814
"error-driven, w=4, k=3",0,22250,6015,0.71503,0.796
"error-driven, w=4, k=3",0,22500,6015,0.75168,0.74
"error-driven, w=4, k=3",0,22750,6015,0.81376,0.742
"error-driven, w=4, k=3",0,23000,6015,0.74869,0.752
"error-driven, w=4, k=3",0,23250,6015,0.78534,0.768
"error-driven, w=4, k=3",0,23500,6015,0.77038,0.788
"error-driven, w=4, k=3",0,23750,6015,0.68586,0.758
"error-driven, w=4, k=3",0,24000,6015,0.7457,0.734
"bundle-all, w=8",1,250,6015,0.7629,0.76
"bundle-all, w=8",1,500,6015,0.72625,0.762
"bundle-all, w=8",1,750,6015,0.77337,0.788
"bundle-all, w=8",1,1000,6015,0.7629,0.788
"bundle-all, w=8",1,1250,6015,0.76066,0.76
"bundle-all, w=8",1,1500,6015,0.75841,0.758
"bundle-all, w=8",1,1750,6015,0.78384,0.772
"bundle-all, w=8",1,2000,6015,0.7629,0.802
"bundle-all, w=8",1,2250,6015,0.78235,0.808
"bundle-all, w=8",1,2500,6015,0.77113,0.806
"bundle-all, w=8",1,2750,6015,0.7644,0.824
"bundle-all, w=8",1,3000,6015,0.77562,0.806
"bundle-all, w=8",1,3250,6015,0.77636,0.792
"bundle-all, w=8",1,3500,6015,0.77113,0.82
"bundle-all, w=8",1,3750,6015,0.76664,0.804
"bundle-all, w=8",1,4000,6015,0.77786,0.772
"bundle-all, w=8",1,4250,6015,0.76664,0.768
"bundle-all, w=8",1,4500,6015,0.77636,0.748
"bundle-all, w=8",1,4750,6015,0.77936,0.766
"bundle-all, w=8",1,5000,6015,0.7831,0.78
"bundle-all, w=8",1,5250,6015,0.77188,0.776
"bundle-all, w=8",1,5500,6015,0.77636,0.78
"bundle-all, w=8",1,5750,6015,0.77786,0.754
"bundle-all, w=8",1,6000,6015,0.77188,0.772
"error-driven, w=2, k=4",0,250,6015,0.57068,0.444
"error-driven, w=2, k=4",0,500,6015,0.62378,0.538
"error-driven, w=2, k=4",0,750,6015,0.70007,0.652
"error-driven, w=2, k=4",0,1000,6015,0.75692,0.68
"error-driven, w=2, k=4",0,1250,6015,0.71055,0.71
"error-driven, w=2, k=4",0,1500,6015,0.73972,0.734
"error-driven, w=2, k=4",0,1750,6015,0.75617,0.75
"error-driven, w=2, k=4",0,2000,6015,0.72476,0.74
"error-driven, w=2, k=4",0,2250,6015,0.70755,0.71
"error-driven, w=2, k=4",0,2500,6015,0.6739,0.696
"error-driven, w=2, k=4",0,2750,6015,0.71354,0.702
"error-driven, w=2, k=4",0,3000,6015,0.77487,0.72
"error-driven, w=2, k=4",0,3250,6015,0.72625,0.742
"error-driven, w=2, k=4",0,3500,6015,0.76515,0.744
"error-driven, w=2, k=4",0,3750,6015,0.70157,0.75
"error-driven, w=2, k=4",0,4000,6015,0.75617,0.752
"error-driven, w=2, k=4",0,4250,6015,0.73598,0.776
"error-driven, w=2, k=4",0,4500,6015,0.70157,0.776
"error-driven, w=2, k=4",0,4750,6015,0.63949,0.71
"error-driven, w=2, k=4",0,5000,6015,0.7472,0.724
"error-driven, w=2, k=4",0,5250,6015,0.62603,0.786
"error-driven, w=2, k=4",0,5500,6015,0.69334,0.736
"error-driven, w=2, k=4",0,5750,6015,0.76141,0.714
"error-driven, w=2, k=4",0,6000,6015,0.62827,0.726
"error-driven, w=2, k=4",0,6250,6015,0.49589,0.666
"error-driven, w=2, k=4",0,6500,6015,0.55946,0.634
"error-driven, w=2, k=4",0,6750,6015,0.53328,0.572
"error-driven, w=2, k=4",0,7000,6015,0.66268,0.552
"error-driven, w=2, k=4",0,7250,6015,0.50785,0.556
"error-driven, w=2, k=4",0,7500,6015,0.57966,0.536
"error-driven, w=2, k=4",0,7750,6015,0.57442,0.534
"error-driven, w=2, k=4",0,8000,6015,0.51832,0.554
"error-driven, w=2, k=4",0,8250,6015,0.60434,0.584
"error-driven, w=2, k=4",0,8500,6015,0.52506,0.592
"error-driven, w=2, k=4",0,8750,6015,0.52057,0.592
"error-driven, w=2, k=4",0,9000,6015,0.64547,0.586
"error-driven, w=2, k=4",0,9250,6015,0.65071,0.602
"error-driven, w=2, k=4",0,9500,6015,0.49065,0.572
"error-driven, w=2, k=4",0,9750,6015,0.57442,0.54
"error-driven, w=2, k=4",0,10000,6015,0.61331,0.572
"error-driven, w=2, k=4",0,10250,6015,0.36275,0.576
"error-driven, w=2, k=4",0,10500,6015,0.62827,0.556
"error-driven, w=2, k=4",0,10750,6015,0.65819,0.562
"error-driven, w=2, k=4",0,11000,6015,0.53628,0.612
"error-driven, w=2, k=4",0,11250,6015,0.58863,0.606
"error-driven, w=2, k=4",0,11500,6015,0.54375,0.572
"error-driven, w=2, k=4",0,11750,6015,0.55198,0.558
"error-driven, w=2, k=4",0,12000,6015,0.46597,0.586
"error-driven, w=2, k=4",0,12250,6015,0.46971,0.592
"error-driven, w=2, k=4",0,12500,6015,0.62678,0.578
"error-driven, w=2, k=4",0,12750,6015,0.45176,0.572
"error-driven, w=2, k=4",0,13000,6015,0.55273,0.56
"error-driven, w=2, k=4",0,13250,6015,0.49065,0.57
"error-driven, w=2, k=4",0,13500,6015,0.59461,0.552
"error-driven, w=2, k=4",0,13750,6015,0.63126,0.538
"error-driven, w=2, k=4",0,14000,6015,0.65894,0.562
"error-driven, w=2, k=4",0,14250,6015,0.53029,0.614
"error-driven, w=2, k=4",0,14500,6015,0.56844,0.59
"error-driven, w=2, k=4",0,14750,6015,0.54226,0.556
"error-driven, w=2, k=4",0,15000,6015,0.62229,0.594
"error-driven, w=2, k=4",0,15250,6015,0.65819,0.622
"error-driven, w=2, k=4",0,15500,6015,0.57143,0.616
"error-driven, w=2, k=4",0,15750,6015,0.53029,0.582
"error-driven, w=2, k=4",0,16000,6015,0.51982,0.552
"error-driven, w=2, k=4",0,16250,6015,0.62752,0.548
"error-driven, w=2, k=4",0,16500,6015,0.53029,0.55
"error-driven, w=2, k=4",0,16750,6015,0.46073,0.548
"error-driven, w=2, k=4",0,17000,6015,0.58714,0.546
"error-driven, w=2, k=4",0,17250,6015,0.4914,0.562
"error-driven, w=2, k=4",0,17500,6015,0.59686,0.568
"error-driven, w=2, k=4",0,17750,6015,0.52206,0.564
"error-driven, w=2, k=4",0,18000,6015,0.50411,0.582
"error-driven, w=2, k=4",0,18250,6015,0.48915,0.59
"error-driven, w=2, k=4",0,18500,6015,0.66118,0.566
"error-driven, w=2, k=4",0,18750,6015,0.57292,0.554
"error-driven, w=2, k=4",0,19000,6015,0.54899,0.538
"error-driven, w=2, k=4",0,19250,6015,0.44353,0.554
"error-driven, w=2, k=4",0,19500,6015,0.59985,0.582
"error-driven, w=2, k=4",0,19750,6015,0.48392,0.536
"error-driven, w=2, k=4",0,20000,6015,0.51533,0.54
"error-driven, w=2, k=4",0,20250,6015,0.53254,0.564
"error-driven, w=2, k=4",0,20500,6015,0.54076,0.552
"error-driven, w=2, k=4",0,20750,6015,0.49364,0.572
"error-driven, w=2, k=4",0,21000,6015,0.61107,0.57
"error-driven, w=2, k=4",0,21250,6015,0.55348,0.568
"error-driven, w=2, k=4",0,21500,6015,0.55797,0.582
"error-driven, w=2, k=4",0,21750,6015,0.59237,0.588
"error-driven, w=2, k=4",0,22000,6015,0.62154,0.622
"error-driven, w=2, k=4",0,22250,6015,0.56993,0.62
"error-driven, w=2, k=4",0,22500,6015,0.55123,0.552
"error-driven, w=2, k=4",0,22750,6015,0.53104,0.548
"error-driven, w=2, k=4",0,23000,6015,0.6193,0.568
"error-driven, w=2, k=4",0,23250,6015,0.6178,0.574
"error-driven, w=2, k=4",0,23500,6015,0.53852,0.582
"error-driven, w=2, k=4",0,23750,6015,0.39043,0.534
"error-driven, w=2, k=4",0,24000,6015,0.5086,0.558
"error-driven, w=8",1,250,6015,0.7629,0.76
"error-driven, w=8",1,500,6015,0.72625,0.762
"error-driven, w=8",1,750,6015,0.77337,0.788
"error-driven, w=8",1,1000,6015,0.7629,0.788
"error-driven, w=8",1,1250,6015,0.76066,0.76
"error-driven, w=8",1,1500,6015,0.75841,0.758
"error-driven, w=8",1,1750,6015,0.78384,0.772
"error-driven, w=8",1,2000,6015,0.7629,0.802
"error-driven, w=8",1,2250,6015,0.78235,0.808
"error-driven, w=8",1,2500,6015,0.77113,0.806
"error-driven, w=8",1,2750,6015,0.7644,0.824
"error-driven, w=8",1,3000,6015,0.77562,0.806
"error-driven, w=8",1,3250,6015,0.77636,0.792
"error-driven, w=8",1,3500,6015,0.77113,0.82
"error-driven, w=8",1,3750,6015,0.76664,0.804
"error-driven, w=8",1,4000,6015,0.77786,0.772
"error-driven, w=8",1,4250,6015,0.76664,0.768
"error-driven, w=8",1,4500,6015,0.77636,0.748
"error-driven, w=8",1,4750,6015,0.77936,0.766
"error-driven, w=8",1,5000,6015,0.7831,0.78
"error-driven, w=8",1,5250,6015,0.77188,0.776
"error-driven, w=8",1,5500,6015,0.77636,0.78
"error-driven, w=8",1,5750,6015,0.77786,0.754
"error-driven, w=8",1,6000,6015,0.77188,0.772
"error-driven, w=8",1,6250,6015,0.77562,0.804
"error-driven, w=8",1,6500,6015,0.77861,0.788
"error-driven, w=8",1,6750,6015,0.77936,0.768
"error-driven, w=8",1,7000,6015,0.77562,0.782
"error-driven, w=8",1,7250,6015,0.76664,0.814
"error-driven, w=8",1,7500,6015,0.7816,0.802
"error-driven, w=8",1,7750,6015,0.78908,0.792
"error-driven, w=8",1,8000,6015,0.79357,0.814
"error-driven, w=8",1,8250,6015,0.79656,0.824
"error-driven, w=8",1,8500,6015,0.79806,0.806
"error-driven, w=8",1,8750,6015,0.81077,0.794
"error-driven, w=8",1,9000,6015,0.82124,0.822
"error-driven, w=8",1,9250,6015,0.8362,0.844
"error-driven, w=8",1,9500,6015,0.78534,0.834
"error-driven, w=8",1,9750,6015,0.8362,0.846
"error-driven, w=8",1,10000,6015,0.83321,0.866
"error-driven, w=8",1,10250,6015,0.81975,0.848
"error-driven, w=8",1,10500,6015,0.80927,0.836
"error-driven, w=8",1,10750,6015,0.8377,0.856
"error-driven, w=8",1,11000,6015,0.80703,0.864
"error-driven, w=8",1,11250,6015,0.83171,0.846
"error-driven, w=8",1,11500,6015,0.80254,0.826
"error-driven, w=8",1,11750,6015,0.83545,0.836
"error-driven, w=8",1,12000,6015,0.82573,0.86
"error-driven, w=8",1,12250,6015,0.81675,0.854
"error-driven, w=8",1,12500,6015,0.80927,0.836
"error-driven, w=8",1,12750,6015,0.81975,0.846
"error-driven, w=8",1,13000,6015,0.81675,0.872
"error-driven, w=8",1,13250,6015,0.81002,0.88
"error-driven, w=8",1,13500,6015,0.81601,0.872
"error-driven, w=8",1,13750,6015,0.79731,0.864
"error-driven, w=8",1,14000,6015,0.79581,0.848
"error-driven, w=8",1,14250,6015,0.80703,0.85
"error-driven, w=8",1,14500,6015,0.82648,0.858
"error-driven, w=8",1,14750,6015,0.81451,0.806
"error-driven, w=8",1,15000,6015,0.82124,0.816
"error-driven, w=8",1,15250,6015,0.82349,0.862
"error-driven, w=8",1,15500,6015,0.82797,0.854
"error-driven, w=8",1,15750,6015,0.81227,0.85
"error-driven, w=8",1,16000,6015,0.8377,0.866
"error-driven, w=8",1,16250,6015,0.8347,0.874
"error-driven, w=8",1,16500,6015,0.81301,0.868
"error-driven, w=8",1,16750,6015,0.82349,0.858
"error-driven, w=8",1,17000,6015,0.79656,0.85
"error-driven, w=8",1,17250,6015,0.81376,0.852
"error-driven, w=8",1,17500,6015,0.8377,0.866
"error-driven, w=8",1,17750,6015,0.83246,0.856
"error-driven, w=8",1,18000,6015,0.84817,0.846
"error-driven, w=8",1,18250,6015,0.86238,0.864
"error-driven, w=8",1,18500,6015,0.84069,0.868
"error-driven, w=8",1,18750,6015,0.84966,0.872
"error-driven, w=8",1,19000,6015,0.86238,0.872
"error-driven, w=8",1,19250,6015,0.86013,0.86
"error-driven, w=8",1,19500,6015,0.85714,0.86
"error-driven, w=8",1,19750,6015,0.86537,0.852
"error-driven, w=8",1,20000,6015,0.8377,0.858
"error-driven, w=8",1,20250,6015,0.86088,0.866
"error-driven, w=8",1,20500,6015,0.86088,0.858
"error-driven, w=8",1,20750,6015,0.84293,0.858
"error-driven, w=8",1,21000,6015,0.81376,0.858
"error-driven, w=8",1,21250,6015,0.88332,0.862
"error-driven, w=8",1,21500,6015,0.85565,0.868
"error-driven, w=8",1,21750,6015,0.85191,0.874
"error-driven, w=8",1,22000,6015,0.8736,0.876
"error-driven, w=8",1,22250,6015,0.86462,0.878
"error-driven, w=8",1,22500,6015,0.87509,0.896
"error-driven, w=8",1,22750,6015,0.85415,0.902
"error-driven, w=8",1,23000,6015,0.8534,0.886
"error-driven, w=8",1,23250,6015,0.84892,0.88
"error-driven, w=8",1,23500,6015,0.83022,0.87
"error-driven, w=8",1,23750,6015,0.83844,0.84
"error-driven, w=8",1,24000,6015,0.86313,0.822
"error-driven, w=4",1,250,6015,0.75542,0.768
"error-driven, w=4",1,500,6015,0.73373,0.766
"error-driven, w=4",1,750,6015,0.74271,0.782
"error-driven, w=4",1,1000,6015,0.75019,0.782
"error-driven, w=4",1,1250,6015,0.77861,0.768
"error-driven, w=4",1,1500,6015,0.79731,0.772
"error-driven, w=4",1,1750,6015,0.77487,0.782
"error-driven, w=4",1,2000,6015,0.75916,0.802
"error-driven, w=4",1,2250,6015,0.77487,0.79
"error-driven, w=4",1,2500,6015,0.78684,0.784
"error-driven, w=4",1,2750,6015,0.7644,0.812
"error-driven, w=4",1,3000,6015,0.76589,0.796
"error-driven, w=4",1,3250,6015,0.78459,0.782
"error-driven, w=4",1,3500,6015,0.77337,0.804
"error-driven, w=4",1,3750,6015,0.76365,0.786
"error-driven, w=4",1,4000,6015,0.74196,0.752
"error-driven, w=4",1,4250,6015,0.77412,0.752
"error-driven, w=4",1,4500,6015,0.76814,0.76
"error-driven, w=4",1,4750,6015,0.76589,0.754
"error-driven, w=4",1,5000,6015,0.75916,0.738
"error-driven, w=4",1,5250,6015,0.76889,0.752
"error-driven, w=4",1,5500,6015,0.77861,0.772
"error-driven, w=4",1,5750,6015,0.75916,0.756
"error-driven, w=4",1,6000,6015,0.7472,0.78
"error-driven, w=4",1,6250,6015,0.8018,0.814
"error-driven, w=4",1,6500,6015,0.72326,0.798
"error-driven, w=4",1,6750,6015,0.72177,0.764
"error-driven, w=4",1,7000,6015,0.78085,0.766
"error-driven, w=4",1,7250,6015,0.80329,0.788
"error-driven, w=4",1,7500,6015,0.76963,0.766
"error-driven, w=4",1,7750,6015,0.85191,0.782
"error-driven, w=4",1,8000,6015,0.75916,0.82
"error-driven, w=4",1,8250,6015,0.86013,0.8
"error-driven, w=4",1,8500,6015,0.76141,0.776
"error-driven, w=4",1,8750,6015,0.74794,0.78
"error-driven, w=4",1,9000,6015,0.7457,0.76
"error-driven, w=4",1,9250,6015,0.87734,0.738
"error-driven, w=4",1,9500,6015,0.69933,0.75
"error-driven, w=4",1,9750,6015,0.61107,0.72
"error-driven, w=4",1,10000,6015,0.70905,0.638
"error-driven, w=4",1,10250,6015,0.53179,0.59
"error-driven, w=4",1,10500,6015,0.57367,0.62
"error-driven, w=4",1,10750,6015,0.58489,0.588
"error-driven, w=4",1,11000,6015,0.55348,0.518
"error-driven, w=4",1,11250,6015,0.53628,0.512
"error-driven, w=4",1,11500,6015,0.43829,0.498
"error-driven, w=4",1,11750,6015,0.48841,0.512
"error-driven, w=4",1,12000,6015,0.40688,0.504
"error-driven, w=4",1,12250,6015,0.48093,0.478
"error-driven, w=4",1,12500,6015,0.54151,0.498
"error-driven, w=4",1,12750,6015,0.41436,0.552
"error-driven, w=4",1,13000,6015,0.55273,0.61
"error-driven, w=4",1,13250,6015,0.42184,0.626
"error-driven, w=4",1,13500,6015,0.39566,0.594
"error-driven, w=4",1,13750,6015,0.70755,0.614
"error-driven, w=4",1,14000,6015,0.59536,0.63
"error-driven, w=4",1,14250,6015,0.66791,0.598
"error-driven, w=4",1,14500,6015,0.6006,0.588
"error-driven, w=4",1,14750,6015,0.71728,0.574
"error-driven, w=4",1,15000,6015,0.4727,0.578
"error-driven, w=4",1,15250,6015,0.63276,0.608
"error-driven, w=4",1,15500,6015,0.62603,0.614
"error-driven, w=4",1,15750,6015,0.59611,0.57
"error-driven, w=4",1,16000,6015,0.51533,0.558
"error-driven, w=4",1,16250,6015,0.54899,0.564
"error-driven, w=4",1,16500,6015,0.72326,0.584
"error-driven, w=4",1,16750,6015,0.5632,0.614
"error-driven, w=4",1,17000,6015,0.64996,0.596
"error-driven, w=4",1,17250,6015,0.46672,0.6
"error-driven, w=4",1,17500,6015,0.37771,0.618
"error-driven, w=4",1,17750,6015,0.56993,0.582
"error-driven, w=4",1,18000,6015,0.59536,0.574
"error-driven, w=4",1,18250,6015,0.65146,0.614
"error-driven, w=4",1,18500,6015,0.59237,0.584
"error-driven, w=4",1,18750,6015,0.56021,0.572
"error-driven, w=4",1,19000,6015,0.42034,0.588
"error-driven, w=4",1,19250,6015,0.41286,0.576
"error-driven, w=4",1,19500,6015,0.57442,0.564
"error-driven, w=4",1,19750,6015,0.59536,0.596
"error-driven, w=4",1,20000,6015,0.74346,0.614
"error-driven, w=4",1,20250,6015,0.66492,0.556
"error-driven, w=4",1,20500,6015,0.51907,0.582
"error-driven, w=4",1,20750,6015,0.58863,0.646
"error-driven, w=4",1,21000,6015,0.52506,0.634
"error-driven, w=4",1,21250,6015,0.56395,0.614
"error-driven, w=4",1,21500,6015,0.33283,0.626
"error-driven, w=4",1,21750,6015,0.50112,0.592
"error-driven, w=4",1,22000,6015,0.67091,0.57
"error-driven, w=4",1,22250,6015,0.73523,0.582
"error-driven, w=4",1,22500,6015,0.66642,0.614
"error-driven, w=4",1,22750,6015,0.63874,0.64
"error-driven, w=4",1,23000,6015,0.36649,0.582
"error-driven, w=4",1,23250,6015,0.3822,0.528
"error-driven, w=4",1,23500,6015,0.59686,0.592
"error-driven, w=4",1,23750,6015,0.51832,0.634
"error-driven, w=4",1,24000,6015,0.49364,0.572
"error-driven, w=4, k=3",1,250,6015,0.73373,0.448
"error-driven, w=4, k=3",1,500,6015,0.77113,0.6
"error-driven, w=4, k=3",1,750,6015,0.73523,0.77
"error-driven, w=4, k=3",1,1000,6015,0.75692,0.784
"error-driven, w=4, k=3",1,1250,6015,0.75991,0.768
"error-driven, w=4, k=3",1,1500,6015,0.76963,0.748
"error-driven, w=4, k=3",1,1750,6015,0.76963,0.758
"error-driven, w=4, k=3",1,2000,6015,0.76963,0.8
"error-driven, w=4, k=3",1,2250,6015,0.77487,0.802
"error-driven, w=4, k=3",1,2500,6015,0.77711,0.792
"error-driven, w=4, k=3",1,2750,6015,0.77861,0.814
"error-driven, w=4, k=3",1,3000,6015,0.78609,0.798
"error-driven, w=4, k=3",1,3250,6015,0.78384,0.786
"error-driven, w=4, k=3",1,3500,6015,0.79282,0.802
"error-driven, w=4, k=3",1,3750,6015,0.77188,0.788
"error-driven, w=4, k=3",1,4000,6015,0.77636,0.758
"error-driven, w=4, k=3",1,4250,6015,0.77113,0.754
"error-driven, w=4, k=3",1,4500,6015,0.78085,0.754
"error-driven, w=4, k=3",1,4750,6015,0.77936,0.752
"error-driven, w=4, k=3",1,5000,6015,0.77412,0.748
"error-driven, w=4, k=3",1,5250,6015,0.78459,0.76
"error-driven, w=4, k=3",1,5500,6015,0.78908,0.766
"error-driven, w=4, k=3",1,5750,6015,0.79432,0.744
"error-driven, w=4, k=3",1,6000,6015,0.77188,0.77
"error-driven, w=4, k=3",1,6250,6015,0.79207,0.8
"error-driven, w=4, k=3",1,6500,6015,0.8003,0.798
"error-driven, w=4, k=3",1,6750,6015,0.79656,0.796
"error-driven, w=4, k=3",1,7000,6015,0.82049,0.806
"error-driven, w=4, k=3",1,7250,6015,0.74196,0.828
"error-driven, w=4, k=3",1,7500,6015,0.77487,0.804
"error-driven, w=4, k=3",1,7750,6015,0.74794,0.754
"error-driven, w=4, k=3",1,8000,6015,0.68586,0.776
"error-driven, w=4, k=3",1,8250,6015,0.79581,0.804
"error-driven, w=4, k=3",1,8500,6015,0.79432,0.768
"error-driven, w=4, k=3",1,8750,6015,0.76664,0.75
"error-driven, w=4, k=3",1,9000,6015,0.76963,0.754
"error-driven, w=4, k=3",1,9250,6015,0.79955,0.754
"error-driven, w=4, k=3",1,9500,6015,0.8175,0.77
"error-driven, w=4, k=3",1,9750,6015,0.79282,0.786
"error-driven, w=4, k=3",1,10000,6015,0.82199,0.814
"error-driven, w=4, k=3",1,10250,6015,0.79207,0.836
"error-driven, w=4, k=3",1,10500,6015,0.66193,0.802
"error-driven, w=4, k=3",1,10750,6015,0.81451,0.802
"error-driven, w=4, k=3",1,11000,6015,0.7442,0.812
"error-driven, w=4, k=3",1,11250,6015,0.76589,0.786
"error-driven, w=4, k=3",1,11500,6015,0.76739,0.79
"error-driven, w=4, k=3",1,11750,6015,0.7442,0.814
"error-driven, w=4, k=3",1,12000,6015,0.79207,0.818
"error-driven, w=4, k=3",1,12250,6015,0.79357,0.77
"error-driven, w=4, k=3",1,12500,6015,0.73897,0.77
"error-driven, w=4, k=3",1,12750,6015,0.72401,0.786
"error-driven, w=4, k=3",1,13000,6015,0.727,0.786
"error-driven, w=4, k=3",1,13250,6015,0.72999,0.782
"error-driven, w=4, k=3",1,13500,6015,0.78758,0.776
"error-driven, w=4, k=3",1,13750,6015,0.81002,0.788
"error-driven, w=4, k=3",1,14000,6015,0.727,0.772
"error-driven, w=4, k=3",1,14250,6015,0.5834,0.75
"error-driven, w=4, k=3",1,14500,6015,0.67091,0.75
"error-driven, w=4, k=3",1,14750,6015,0.65295,0.758
"error-driven, w=4, k=3",1,15000,6015,0.66941,0.77
"error-driven, w=4, k=3",1,15250,6015,0.73298,0.792
"error-driven, w=4, k=3",1,15500,6015,0.7098,0.77
"error-driven, w=4, k=3",1,15750,6015,0.79806,0.746
"error-driven, w=4, k=3",1,16000,6015,0.79432,0.762
"error-driven, w=4, k=3",1,16250,6015,0.79731,0.766
"error-driven, w=4, k=3",1,16500,6015,0.79506,0.784
"error-driven, w=4, k=3",1,16750,6015,0.77861,0.814
"error-driven, w=4, k=3",1,17000,6015,0.7816,0.794
"error-driven, w=4, k=3",1,17250,6015,0.69185,0.778
"error-driven, w=4, k=3",1,17500,6015,0.69708,0.798
"error-driven, w=4, k=3",1,17750,6015,0.68287,0.772
"error-driven, w=4, k=3",1,18000,6015,0.69035,0.764
"error-driven, w=4, k=3",1,18250,6015,0.76664,0.8
"error-driven, w=4, k=3",1,18500,6015,0.81526,0.798
"error-driven, w=4, k=3",1,18750,6015,0.67988,0.782
"error-driven, w=4, k=3",1,19000,6015,0.73672,0.784
"error-driven, w=4, k=3",1,19250,6015,0.67614,0.802
"error-driven, w=4, k=3",1,19500,6015,0.71728,0.78
"error-driven, w=4, k=3",1,19750,6015,0.6537,0.736
"error-driven, w=4, k=3",1,20000,6015,0.81526,0.752
"error-driven, w=4, k=3",1,20250,6015,0.7629,0.768
"error-driven, w=4, k=3",1,20500,6015,0.82124,0.768
"error-driven, w=4, k=3",1,20750,6015,0.68362,0.77
"error-driven, w=4, k=3",1,21000,6015,0.7457,0.74
"error-driven, w=4, k=3",1,21250,6015,0.80778,0.75
"error-driven, w=4, k=3",1,21500,6015,0.77412,0.776
"error-driven, w=4, k=3",1,21750,6015,0.74794,0.776
"error-driven, w=4, k=3",1,22000,6015,0.79058,0.766
"error-driven, w=4, k=3",1,22250,6015,0.79731,0.762
"error-driven, w=4, k=3",1,22500,6015,0.83919,0.778
"error-driven, w=4, k=3",1,22750,6015,0.78908,0.814
"error-driven, w=4, k=3",1,23000,6015,0.79731,0.824
"error-driven, w=4, k=3",1,23250,6015,0.83321,0.802
"error-driven, w=4, k=3",1,23500,6015,0.76589,0.782
"error-driven, w=4, k=3",1,23750,6015,0.69484,0.75
"error-driven, w=4, k=3",1,24000,6015,0.76215,0.75
"error-driven, w=3, k=3",1,250,6015,0.74046,0.444
"error-driven, w=3, k=3",1,500,6015,0.75916,0.584
"error-driven, w=3, k=3",1,750,6015,0.73598,0.758
"error-driven, w=3, k=3",1,1000,6015,0.76889,0.774
"error-driven, w=3, k=3",1,1250,6015,0.75542,0.77
"error-driven, w=3, k=3",1,1500,6015,0.76739,0.784
"error-driven, w=3, k=3",1,1750,6015,0.7457,0.772
"error-driven, w=3, k=3",1,2000,6015,0.77487,0.786
"error-driven, w=3, k=3",1,2250,6015,0.76664,0.778
"error-driven, w=3, k=3",1,2500,6015,0.77188,0.782
"error-driven, w=3, k=3",1,2750,6015,0.75916,0.816
"error-driven, w=3, k=3",1,3000,6015,0.77711,0.796
"error-driven, w=3, k=3",1,3250,6015,0.78459,0.786
"error-driven, w=3, k=3",1,3500,6015,0.74794,0.812
"error-driven, w=3, k=3",1,3750,6015,0.75617,0.806
"error-driven, w=3, k=3",1,4000,6015,0.76066,0.756
"error-driven, w=3, k=3",1,4250,6015,0.74869,0.734
"error-driven, w=3, k=3",1,4500,6015,0.74944,0.736
"error-driven, w=3, k=3",1,4750,6015,0.76739,0.738
"error-driven, w=3, k=3",1,5000,6015,0.75542,0.736
"error-driven, w=3, k=3",1,5250,6015,0.7831,0.774
"error-driven, w=3, k=3",1,5500,6015,0.77412,0.806
"error-driven, w=3, k=3",1,5750,6015,0.71728,0.782
"error-driven, w=3, k=3",1,6000,6015,0.7472,0.794
"error-driven, w=3, k=3",1,6250,6015,0.71279,0.834
"error-driven, w=3, k=3",1,6500,6015,0.64921,0.794
"error-driven, w=3, k=3",1,6750,6015,0.58489,0.698
"error-driven, w=3, k=3",1,7000,6015,0.64473,0.66
"error-driven, w=3, k=3",1,7250,6015,0.66941,0.654
"error-driven, w=3, k=3",1,7500,6015,0.62453,0.674
"error-driven, w=3, k=3",1,7750,6015,0.65894,0.68
"error-driven, w=3, k=3",1,8000,6015,0.5804,0.662
"error-driven, w=3, k=3",1,8250,6015,0.58265,0.642
"error-driven, w=3, k=3",1,8500,6015,0.69858,0.618
"error-driven, w=3, k=3",1,8750,6015,0.75767,0.64
"error-driven, w=3, k=3",1,9000,6015,0.70307,0.646
"error-driven, w=3, k=3",1,9250,6015,0.69858,0.642
"error-driven, w=3, k=3",1,9500,6015,0.67614,0.654
"error-driven, w=3, k=3",1,9750,6015,0.65819,0.662
"error-driven, w=3, k=3",1,10000,6015,0.64547,0.692
"error-driven, w=3, k=3",1,10250,6015,0.65445,0.688
"error-driven, w=3, k=3",1,10500,6015,0.69708,0.668
"error-driven, w=3, k=3",1,10750,6015,0.71429,0.694
"error-driven, w=3, k=3",1,11000,6015,0.64099,0.69
"error-driven, w=3, k=3",1,11250,6015,0.69708,0.646
"error-driven, w=3, k=3",1,11500,6015,0.71204,0.644
"error-driven, w=3, k=3",1,11750,6015,0.62752,0.68
"error-driven, w=3, k=3",1,12000,6015,0.71503,0.678
"error-driven, w=3, k=3",1,12250,6015,0.61705,0.652
"error-driven, w=3, k=3",1,12500,6015,0.57367,0.64
"error-driven, w=3, k=3",1,12750,6015,0.62752,0.622
"error-driven, w=3, k=3",1,13000,6015,0.60658,0.644
"error-driven, w=3, k=3",1,13250,6015,0.69858,0.658
"error-driven, w=3, k=3",1,13500,6015,0.75093,0.66
"error-driven, w=3, k=3",1,13750,6015,0.77038,0.742
"error-driven, w=3, k=3",1,14000,6015,0.73448,0.752
"error-driven, w=3, k=3",1,14250,6015,0.61855,0.696
"error-driven, w=3, k=3",1,14500,6015,0.53927,0.642
"error-driven, w=3, k=3",1,14750,6015,0.53254,0.616
"error-driven, w=3, k=3",1,15000,6015,0.7457,0.634
"error-driven, w=3, k=3",1,15250,6015,0.75991,0.698
"error-driven, w=3, k=3",1,15500,6015,0.61257,0.714
"error-driven, w=3, k=3",1,15750,6015,0.77263,0.676
"error-driven, w=3, k=3",1,16000,6015,0.65744,0.694
"error-driven, w=3, k=3",1,16250,6015,0.6552,0.688
"error-driven, w=3, k=3",1,16500,6015,0.63426,0.66
"error-driven, w=3, k=3",1,16750,6015,0.78235,0.694
"error-driven, w=3, k=3",1,17000,6015,0.81675,0.728
"error-driven, w=3, k=3",1,17250,6015,0.55198,0.714
"error-driven, w=3, k=3",1,17500,6015,0.59088,0.724
"error-driven, w=3, k=3",1,17750,6015,0.60583,0.656
"error-driven, w=3, k=3",1,18000,6015,0.60583,0.624
"error-driven, w=3, k=3",1,18250,6015,0.71952,0.672
"error-driven, w=3, k=3",1,18500,6015,0.73822,0.676
"error-driven, w=3, k=3",1,18750,6015,0.72401,0.718
"error-driven, w=3, k=3",1,19000,6015,0.74046,0.698
"error-driven, w=3, k=3",1,19250,6015,0.63276,0.65
"error-driven, w=3, k=3",1,19500,6015,0.59312,0.66
"error-driven, w=3, k=3",1,19750,6015,0.50411,0.656
"error-driven, w=3, k=3",1,20000,6015,0.77936,0.654
"error-driven, w=3, k=3",1,20250,6015,0.69334,0.7
"error-driven, w=3, k=3",1,20500,6015,0.76515,0.69
"error-driven, w=3, k=3",1,20750,6015,0.53179,0.662
"error-driven, w=3, k=3",1,21000,6015,0.69409,0.674
"error-driven, w=3, k=3",1,21250,6015,0.68362,0.7
"error-driven, w=3, k=3",1,21500,6015,0.68586,0.698
"error-driven, w=3, k=3",1,21750,6015,0.72401,0.64
"error-driven, w=3, k=3",1,22000,6015,0.638,0.648
"error-driven, w=3, k=3",1,22250,6015,0.54525,0.682
"error-driven, w=3, k=3",1,22500,6015,0.64473,0.69
"error-driven, w=3, k=3",1,22750,6015,0.75617,0.708
"error-driven, w=3, k=3",1,23000,6015,0.61107,0.68
"error-driven, w=3, k=3",1,23250,6015,0.69933,0.644
"error-driven, w=3, k=3",1,23500,6015,0.75617,0.686
"error-driven, w=3, k=3",1,23750,6015,0.58938,0.67
"error-driven, w=3, k=3",1,24000,6015,0.55049,0.662
"bundle-all, w=8",2,250,6015,0.77562,0.78
"bundle-all, w=8",2,500,6015,0.75767,0.778
"bundle-all, w=8",2,750,6015,0.77562,0.786
"bundle-all, w=8",2,1000,6015,0.7644,0.798
"bundle-all, w=8",2,1250,6015,0.76215,0.796
"bundle-all, w=8",2,1500,6015,0.77487,0.796
"bundle-all, w=8",2,1750,6015,0.73598,0.8
"bundle-all, w=8",2,2000,6015,0.73972,0.786
"bundle-all, w=8",2,2250,6015,0.74196,0.774
"bundle-all, w=8",2,2500,6015,0.73822,0.782
"bundle-all, w=8",2,2750,6015,0.73224,0.814
"bundle-all, w=8",2,3000,6015,0.73074,0.78
"bundle-all, w=8",2,3250,6015,0.74869,0.762
"bundle-all, w=8",2,3500,6015,0.7472,0.796
"bundle-all, w=8",2,3750,6015,0.74794,0.794
"bundle-all, w=8",2,4000,6015,0.74869,0.806
"bundle-all, w=8",2,4250,6015,0.74944,0.808
"bundle-all, w=8",2,4500,6015,0.7472,0.804
"bundle-all, w=8",2,4750,6015,0.75093,0.814
"bundle-all, w=8",2,5000,6015,0.75093,0.834
"bundle-all, w=8",2,5250,6015,0.75093,0.818
"bundle-all, w=8",2,5500,6015,0.75019,0.78
"bundle-all, w=8",2,5750,6015,0.75019,0.79
"bundle-all, w=8",2,6000,6015,0.75019,0.804
"error-driven, w=2, k=4",1,250,6015,0.41062,0.328
"error-driven, w=2, k=4",1,500,6015,0.6193,0.412
"error-driven, w=2, k=4",1,750,6015,0.74196,0.596
"error-driven, w=2, k=4",1,1000,6015,0.73972,0.69
"error-driven, w=2, k=4",1,1250,6015,0.76215,0.71
"error-driven, w=2, k=4",1,1500,6015,0.74271,0.726
"error-driven, w=2, k=4",1,1750,6015,0.77337,0.73
"error-driven, w=2, k=4",1,2000,6015,0.76739,0.748
"error-driven, w=2, k=4",1,2250,6015,0.66717,0.758
"error-driven, w=2, k=4",1,2500,6015,0.74271,0.778
"error-driven, w=2, k=4",1,2750,6015,0.74645,0.796
"error-driven, w=2, k=4",1,3000,6015,0.76739,0.772
"error-driven, w=2, k=4",1,3250,6015,0.76739,0.756
"error-driven, w=2, k=4",1,3500,6015,0.75542,0.776
"error-driven, w=2, k=4",1,3750,6015,0.78908,0.776
"error-driven, w=2, k=4",1,4000,6015,0.75916,0.762
"error-driven, w=2, k=4",1,4250,6015,0.73448,0.728
"error-driven, w=2, k=4",1,4500,6015,0.75841,0.682
"error-driven, w=2, k=4",1,4750,6015,0.75916,0.706
"error-driven, w=2, k=4",1,5000,6015,0.77263,0.722
"error-driven, w=2, k=4",1,5250,6015,0.76589,0.738
"error-driven, w=2, k=4",1,5500,6015,0.71279,0.774
"error-driven, w=2, k=4",1,5750,6015,0.63874,0.74
"error-driven, w=2, k=4",1,6000,6015,0.68138,0.736
"error-driven, w=2, k=4",1,6250,6015,0.68736,0.71
"error-driven, w=2, k=4",1,6500,6015,0.64622,0.626
"error-driven, w=2, k=4",1,6750,6015,0.62154,0.576
"error-driven, w=2, k=4",1,7000,6015,0.66492,0.582
"error-driven, w=2, k=4",1,7250,6015,0.53777,0.608
"error-driven, w=2, k=4",1,7500,6015,0.62678,0.606
"error-driven, w=2, k=4",1,7750,6015,0.58265,0.574
"error-driven, w=2, k=4",1,8000,6015,0.59686,0.586
"error-driven, w=2, k=4",1,8250,6015,0.5991,0.624
"error-driven, w=2, k=4",1,8500,6015,0.60808,0.57
"error-driven, w=2, k=4",1,8750,6015,0.59237,0.538
"error-driven, w=2, k=4",1,9000,6015,0.55123,0.548
"error-driven, w=2, k=4",1,9250,6015,0.49439,0.56
"error-driven, w=2, k=4",1,9500,6015,0.62079,0.598
"error-driven, w=2, k=4",1,9750,6015,0.66193,0.6
"error-driven, w=2, k=4",1,10000,6015,0.64174,0.604
"error-driven, w=2, k=4",1,10250,6015,0.65221,0.594
"error-driven, w=2, k=4",1,10500,6015,0.60957,0.56
"error-driven, w=2, k=4",1,10750,6015,0.5086,0.544
"error-driven, w=2, k=4",1,11000,6015,0.58414,0.55
"error-driven, w=2, k=4",1,11250,6015,0.68287,0.564
"error-driven, w=2, k=4",1,11500,6015,0.53777,0.532
"error-driven, w=2, k=4",1,11750,6015,0.5273,0.53
"error-driven, w=2, k=4",1,12000,6015,0.56619,0.548
"error-driven, w=2, k=4",1,12250,6015,0.47719,0.506
"error-driven, w=2, k=4",1,12500,6015,0.59387,0.496
"error-driven, w=2, k=4",1,12750,6015,0.56694,0.546
"error-driven, w=2, k=4",1,13000,6015,0.63201,0.572
"error-driven, w=2, k=4",1,13250,6015,0.59761,0.522
"error-driven, w=2, k=4",1,13500,6015,0.50187,0.518
"error-driven, w=2, k=4",1,13750,6015,0.68287,0.578
"error-driven, w=2, k=4",1,14000,6015,0.62453,0.586
"error-driven, w=2, k=4",1,14250,6015,0.51533,0.574
"error-driven, w=2, k=4",1,14500,6015,0.48766,0.53
"error-driven, w=2, k=4",1,14750,6015,0.55871,0.5
"error-driven, w=2, k=4",1,15000,6015,0.51085,0.51
"error-driven, w=2, k=4",1,15250,6015,0.34705,0.544
"error-driven, w=2, k=4",1,15500,6015,0.56619,0.54
"error-driven, w=2, k=4",1,15750,6015,0.58639,0.49
"error-driven, w=2, k=4",1,16000,6015,0.57592,0.524
"error-driven, w=2, k=4",1,16250,6015,0.56545,0.568
"error-driven, w=2, k=4",1,16500,6015,0.4712,0.588
"error-driven, w=2, k=4",1,16750,6015,0.66492,0.576
"error-driven, w=2, k=4",1,17000,6015,0.60359,0.544
"error-driven, w=2, k=4",1,17250,6015,0.52506,0.586
"error-driven, w=2, k=4",1,17500,6015,0.48317,0.612
"error-driven, w=2, k=4",1,17750,6015,0.60209,0.576
"error-driven, w=2, k=4",1,18000,6015,0.46672,0.576
"error-driven, w=2, k=4",1,18250,6015,0.60359,0.56
"error-driven, w=2, k=4",1,18500,6015,0.58863,0.522
"error-driven, w=2, k=4",1,18750,6015,0.50486,0.536
"error-driven, w=2, k=4",1,19000,6015,0.6365,0.57
"error-driven, w=2, k=4",1,19250,6015,0.51683,0.586
"error-driven, w=2, k=4",1,19500,6015,0.48616,0.568
"error-driven, w=2, k=4",1,19750,6015,0.58714,0.566
"error-driven, w=2, k=4",1,20000,6015,0.68586,0.608
"error-driven, w=2, k=4",1,20250,6015,0.65445,0.586
"error-driven, w=2, k=4",1,20500,6015,0.51832,0.54
"error-driven, w=2, k=4",1,20750,6015,0.48018,0.55
"error-driven, w=2, k=4",1,21000,6015,0.6739,0.53
"error-driven, w=2, k=4",1,21250,6015,0.54525,0.538
"error-driven, w=2, k=4",1,21500,6015,0.39566,0.558
"error-driven, w=2, k=4",1,21750,6015,0.56844,0.566
"error-driven, w=2, k=4",1,22000,6015,0.58863,0.578
"error-driven, w=2, k=4",1,22250,6015,0.48915,0.56
"error-driven, w=2, k=4",1,22500,6015,0.74346,0.542
"error-driven, w=2, k=4",1,22750,6015,0.51608,0.584
"error-driven, w=2, k=4",1,23000,6015,0.61107,0.602
"error-driven, w=2, k=4",1,23250,6015,0.52057,0.576
"error-driven, w=2, k=4",1,23500,6015,0.51608,0.548
"error-driven, w=2, k=4",1,23750,6015,0.54375,0.568
"error-driven, w=2, k=4",1,24000,6015,0.45251,0.584
"error-driven, w=8",2,250,6015,0.77562,0.78
"error-driven, w=8",2,500,6015,0.75767,0.778
"error-driven, w=8",2,750,6015,0.77562,0.786
"error-driven, w=8",2,1000,6015,0.7644,0.798
"error-driven, w=8",2,1250,6015,0.76215,0.796
"error-driven, w=8",2,1500,6015,0.77487,0.796
"error-driven, w=8",2,1750,6015,0.73598,0.8
"error-driven, w=8",2,2000,6015,0.73972,0.786
"error-driven, w=8",2,2250,6015,0.74196,0.774
"error-driven, w=8",2,2500,6015,0.73822,0.782
"error-driven, w=8",2,2750,6015,0.73224,0.814
"error-driven, w=8",2,3000,6015,0.73074,0.78
"error-driven, w=8",2,3250,6015,0.74869,0.762
"error-driven, w=8",2,3500,6015,0.7472,0.796
"error-driven, w=8",2,3750,6015,0.74794,0.794
"error-driven, w=8",2,4000,6015,0.74869,0.806
"error-driven, w=8",2,4250,6015,0.74944,0.808
"error-driven, w=8",2,4500,6015,0.7472,0.804
"error-driven, w=8",2,4750,6015,0.75093,0.814
"error-driven, w=8",2,5000,6015,0.75093,0.834
"error-driven, w=8",2,5250,6015,0.75093,0.818
"error-driven, w=8",2,5500,6015,0.75019,0.78
"error-driven, w=8",2,5750,6015,0.75019,0.79
"error-driven, w=8",2,6000,6015,0.75019,0.804
"error-driven, w=8",2,6250,6015,0.75093,0.8
"error-driven, w=8",2,6500,6015,0.75542,0.804
"error-driven, w=8",2,6750,6015,0.75767,0.792
"error-driven, w=8",2,7000,6015,0.75767,0.8
"error-driven, w=8",2,7250,6015,0.78758,0.826
"error-driven, w=8",2,7500,6015,0.78833,0.844
"error-driven, w=8",2,7750,6015,0.75692,0.842
"error-driven, w=8",2,8000,6015,0.7816,0.802
"error-driven, w=8",2,8250,6015,0.7831,0.806
"error-driven, w=8",2,8500,6015,0.78235,0.834
"error-driven, w=8",2,8750,6015,0.78758,0.838
"error-driven, w=8",2,9000,6015,0.78758,0.844
"error-driven, w=8",2,9250,6015,0.79506,0.828
"error-driven, w=8",2,9500,6015,0.77711,0.808
"error-driven, w=8",2,9750,6015,0.77337,0.824
"error-driven, w=8",2,10000,6015,0.81825,0.836
"error-driven, w=8",2,10250,6015,0.79506,0.856
"error-driven, w=8",2,10500,6015,0.78609,0.866
"error-driven, w=8",2,10750,6015,0.79207,0.846
"error-driven, w=8",2,11000,6015,0.8018,0.838
"error-driven, w=8",2,11250,6015,0.80853,0.82
"error-driven, w=8",2,11500,6015,0.80853,0.838
"error-driven, w=8",2,11750,6015,0.80254,0.868
"error-driven, w=8",2,12000,6015,0.80628,0.846
"error-driven, w=8",2,12250,6015,0.8003,0.84
"error-driven, w=8",2,12500,6015,0.79506,0.868
"error-driven, w=8",2,12750,6015,0.77861,0.88
"error-driven, w=8",2,13000,6015,0.80479,0.89
"error-driven, w=8",2,13250,6015,0.79581,0.882
"error-driven, w=8",2,13500,6015,0.80778,0.874
"error-driven, w=8",2,13750,6015,0.819,0.862
"error-driven, w=8",2,14000,6015,0.80778,0.85
"error-driven, w=8",2,14250,6015,0.82274,0.838
"error-driven, w=8",2,14500,6015,0.81601,0.834
"error-driven, w=8",2,14750,6015,0.81227,0.836
"error-driven, w=8",2,15000,6015,0.83171,0.83
"error-driven, w=8",2,15250,6015,0.83022,0.856
"error-driven, w=8",2,15500,6015,0.81526,0.86
"error-driven, w=8",2,15750,6015,0.79506,0.852
"error-driven, w=8",2,16000,6015,0.79207,0.85
"error-driven, w=8",2,16250,6015,0.80778,0.82
"error-driven, w=8",2,16500,6015,0.83695,0.83
"error-driven, w=8",2,16750,6015,0.77038,0.862
"error-driven, w=8",2,17000,6015,0.81152,0.83
"error-driven, w=8",2,17250,6015,0.81301,0.828
"error-driven, w=8",2,17500,6015,0.80778,0.862
"error-driven, w=8",2,17750,6015,0.82947,0.842
"error-driven, w=8",2,18000,6015,0.8362,0.836
"error-driven, w=8",2,18250,6015,0.85116,0.848
"error-driven, w=8",2,18500,6015,0.76739,0.864
"error-driven, w=8",2,18750,6015,0.84892,0.886
"error-driven, w=8",2,19000,6015,0.84443,0.88
"error-driven, w=8",2,19250,6015,0.81675,0.862
"error-driven, w=8",2,19500,6015,0.84069,0.848
"error-driven, w=8",2,19750,6015,0.83695,0.842
"error-driven, w=8",2,20000,6015,0.85714,0.858
"error-driven, w=8",2,20250,6015,0.82199,0.872
"error-driven, w=8",2,20500,6015,0.81526,0.846
"error-driven, w=8",2,20750,6015,0.83321,0.854
"error-driven, w=8",2,21000,6015,0.84966,0.866
"error-driven, w=8",2,21250,6015,0.82498,0.832
"error-driven, w=8",2,21500,6015,0.84742,0.84
"error-driven, w=8",2,21750,6015,0.84218,0.86
"error-driven, w=8",2,22000,6015,0.83396,0.868
"error-driven, w=8",2,22250,6015,0.86612,0.882
"error-driven, w=8",2,22500,6015,0.85041,0.846
"error-driven, w=8",2,22750,6015,0.86238,0.842
"error-driven, w=8",2,23000,6015,0.85864,0.892
"error-driven, w=8",2,23250,6015,0.85415,0.89
"error-driven, w=8",2,23500,6015,0.83246,0.878
"error-driven, w=8",2,23750,6015,0.85191,0.87
"error-driven, w=8",2,24000,6015,0.83919,0.854
"error-driven, w=4",2,250,6015,0.77113,0.78
"error-driven, w=4",2,500,6015,0.75916,0.778
"error-driven, w=4",2,750,6015,0.75991,0.782
"error-driven, w=4",2,1000,6015,0.75767,0.79
"error-driven, w=4",2,1250,6015,0.74645,0.79
"error-driven, w=4",2,1500,6015,0.75767,0.788
"error-driven, w=4",2,1750,6015,0.74271,0.8
"error-driven, w=4",2,2000,6015,0.75318,0.798
"error-driven, w=4",2,2250,6015,0.75093,0.782
"error-driven, w=4",2,2500,6015,0.77038,0.794
"error-driven, w=4",2,2750,6015,0.72476,0.812
"error-driven, w=4",2,3000,6015,0.76664,0.758
"error-driven, w=4",2,3250,6015,0.78459,0.754
"error-driven, w=4",2,3500,6015,0.73149,0.788
"error-driven, w=4",2,3750,6015,0.73298,0.766
"error-driven, w=4",2,4000,6015,0.71055,0.788
"error-driven, w=4",2,4250,6015,0.71129,0.792
"error-driven, w=4",2,4500,6015,0.76141,0.78
"error-driven, w=4",2,4750,6015,0.73448,0.806
"error-driven, w=4",2,5000,6015,0.73897,0.834
"error-driven, w=4",2,5250,6015,0.73298,0.82
"error-driven, w=4",2,5500,6015,0.71279,0.778
"error-driven, w=4",2,5750,6015,0.76664,0.778
"error-driven, w=4",2,6000,6015,0.77636,0.79
"error-driven, w=4",2,6250,6015,0.80329,0.804
"error-driven, w=4",2,6500,6015,0.76739,0.778
"error-driven, w=4",2,6750,6015,0.82797,0.738
"error-driven, w=4",2,7000,6015,0.80927,0.776
"error-driven, w=4",2,7250,6015,0.73822,0.822
"error-driven, w=4",2,7500,6015,0.86013,0.828
"error-driven, w=4",2,7750,6015,0.84742,0.814
"error-driven, w=4",2,8000,6015,0.82349,0.804
"error-driven, w=4",2,8250,6015,0.70606,0.77
"error-driven, w=4",2,8500,6015,0.82349,0.748
"error-driven, w=4",2,8750,6015,0.87135,0.776
"error-driven, w=4",2,9000,6015,0.75767,0.804
"error-driven, w=4",2,9250,6015,0.87584,0.798
"error-driven, w=4",2,9500,6015,0.8721,0.778
"error-driven, w=4",2,9750,6015,0.79058,0.758
"error-driven, w=4",2,10000,6015,0.89678,0.762
"error-driven, w=4",2,10250,6015,0.7816,0.77
"error-driven, w=4",2,10500,6015,0.72251,0.74
"error-driven, w=4",2,10750,6015,0.66343,0.728
"error-driven, w=4",2,11000,6015,0.53328,0.678
"error-driven, w=4",2,11250,6015,0.52132,0.612
"error-driven, w=4",2,11500,6015,0.5819,0.608
"error-driven, w=4",2,11750,6015,0.4555,0.556
"error-driven, w=4",2,12000,6015,0.47569,0.47
"error-driven, w=4",2,12250,6015,0.52655,0.456
"error-driven, w=4",2,12500,6015,0.58115,0.536
"error-driven, w=4",2,12750,6015,0.51085,0.562
"error-driven, w=4",2,13000,6015,0.7285,0.544
"error-driven, w=4",2,13250,6015,0.68811,0.562
"error-driven, w=4",2,13500,6015,0.56021,0.562
"error-driven, w=4",2,13750,6015,0.40165,0.562
"error-driven, w=4",2,14000,6015,0.67913,0.576
"error-driven, w=4",2,14250,6015,0.59536,0.58
"error-driven, w=4",2,14500,6015,0.39342,0.56
"error-driven, w=4",2,14750,6015,0.66193,0.584
"error-driven, w=4",2,15000,6015,0.56694,0.636
"error-driven, w=4",2,15250,6015,0.49514,0.63
"error-driven, w=4",2,15500,6015,0.37622,0.626
"error-driven, w=4",2,15750,6015,0.57816,0.63
"error-driven, w=4",2,16000,6015,0.54226,0.6
"error-driven, w=4",2,16250,6015,0.61705,0.566
"error-driven, w=4",2,16500,6015,0.52356,0.596
"error-driven, w=4",2,16750,6015,0.54749,0.622
"error-driven, w=4",2,17000,6015,0.61182,0.582
"error-driven, w=4",2,17250,6015,0.55722,0.572
"error-driven, w=4",2,17500,6015,0.53553,0.564
"error-driven, w=4",2,17750,6015,0.68512,0.562
"error-driven, w=4",2,18000,6015,0.60209,0.552
"error-driven, w=4",2,18250,6015,0.54001,0.552
"error-driven, w=4",2,18500,6015,0.59611,0.528
"error-driven, w=4",2,18750,6015,0.54151,0.512
"error-driven, w=4",2,19000,6015,0.53852,0.57
"error-driven, w=4",2,19250,6015,0.49514,0.594
"error-driven, w=4",2,19500,6015,0.7098,0.578
"error-driven, w=4",2,19750,6015,0.54899,0.542
"error-driven, w=4",2,20000,6015,0.72625,0.586
"error-driven, w=4",2,20250,6015,0.38519,0.628
"error-driven, w=4",2,20500,6015,0.52057,0.6
"error-driven, w=4",2,20750,6015,0.57891,0.57
"error-driven, w=4",2,21000,6015,0.45699,0.596
"error-driven, w=4",2,21250,6015,0.5273,0.556
"error-driven, w=4",2,21500,6015,0.54899,0.5
"error-driven, w=4",2,21750,6015,0.51159,0.542
"error-driven, w=4",2,22000,6015,0.50187,0.578
"error-driven, w=4",2,22250,6015,0.49364,0.592
"error-driven, w=4",2,22500,6015,0.52206,0.562
"error-driven, w=4",2,22750,6015,0.63949,0.578
"error-driven, w=4",2,23000,6015,0.45026,0.584
"error-driven, w=4",2,23250,6015,0.79282,0.592
"error-driven, w=4",2,23500,6015,0.4899,0.598
"error-driven, w=4",2,23750,6015,0.75617,0.574
"error-driven, w=4",2,24000,6015,0.59536,0.544
"error-driven, w=4, k=3",2,250,6015,0.80553,0.556
"error-driven, w=4, k=3",2,500,6015,0.78384,0.67
"error-driven, w=4, k=3",2,750,6015,0.73298,0.774
"error-driven, w=4, k=3",2,1000,6015,0.727,0.784
"error-driven, w=4, k=3",2,1250,6015,0.74645,0.796
"error-driven, w=4, k=3",2,1500,6015,0.71204,0.794
"error-driven, w=4, k=3",2,1750,6015,0.72999,0.794
"error-driven, w=4, k=3",2,2000,6015,0.7098,0.762
"error-driven, w=4, k=3",2,2250,6015,0.73448,0.75
"error-driven, w=4, k=3",2,2500,6015,0.72924,0.788
"error-driven, w=4, k=3",2,2750,6015,0.72775,0.81
"error-driven, w=4, k=3",2,3000,6015,0.74046,0.766
"error-driven, w=4, k=3",2,3250,6015,0.75617,0.768
"error-driven, w=4, k=3",2,3500,6015,0.75692,0.792
"error-driven, w=4, k=3",2,3750,6015,0.73074,0.784
"error-driven, w=4, k=3",2,4000,6015,0.73523,0.82
"error-driven, w=4, k=3",2,4250,6015,0.75542,0.822
"error-driven, w=4, k=3",2,4500,6015,0.77412,0.818
"error-driven, w=4, k=3",2,4750,6015,0.76963,0.832
"error-driven, w=4, k=3",2,5000,6015,0.77636,0.83
"error-driven, w=4, k=3",2,5250,6015,0.76066,0.802
"error-driven, w=4, k=3",2,5500,6015,0.75168,0.772
"error-driven, w=4, k=3",2,5750,6015,0.75093,0.782
"error-driven, w=4, k=3",2,6000,6015,0.79207,0.79
"error-driven, w=4, k=3",2,6250,6015,0.78684,0.796
"error-driven, w=4, k=3",2,6500,6015,0.77263,0.806
"error-driven, w=4, k=3",2,6750,6015,0.72251,0.794
"error-driven, w=4, k=3",2,7000,6015,0.72625,0.798
"error-driven, w=4, k=3",2,7250,6015,0.73972,0.818
"error-driven, w=4, k=3",2,7500,6015,0.77711,0.8
"error-driven, w=4, k=3",2,7750,6015,0.76066,0.782
"error-driven, w=4, k=3",2,8000,6015,0.75767,0.768
"error-driven, w=4, k=3",2,8250,6015,0.7285,0.76
"error-driven, w=4, k=3",2,8500,6015,0.80628,0.778
"error-driven, w=4, k=3",2,8750,6015,0.76963,0.798
"error-driven, w=4, k=3",2,9000,6015,0.77936,0.798
"error-driven, w=4, k=3",2,9250,6015,0.67091,0.776
"error-driven, w=4, k=3",2,9500,6015,0.74196,0.748
"error-driven, w=4, k=3",2,9750,6015,0.73822,0.768
"error-driven, w=4, k=3",2,10000,6015,0.78235,0.772
"error-driven, w=4, k=3",2,10250,6015,0.76066,0.776
"error-driven, w=4, k=3",2,10500,6015,0.83695,0.808
"error-driven, w=4, k=3",2,10750,6015,0.82723,0.794
"error-driven, w=4, k=3",2,11000,6015,0.73822,0.81
"error-driven, w=4, k=3",2,11250,6015,0.77188,0.82
"error-driven, w=4, k=3",2,11500,6015,0.81601,0.824
"error-driven, w=4, k=3",2,11750,6015,0.71354,0.834
"error-driven, w=4, k=3",2,12000,6015,0.76739,0.826
"error-driven, w=4, k=3",2,12250,6015,0.74645,0.81
"error-driven, w=4, k=3",2,12500,6015,0.82423,0.802
"error-driven, w=4, k=3",2,12750,6015,0.84368,0.824
"error-driven, w=4, k=3",2,13000,6015,0.82274,0.816
"error-driven, w=4, k=3",2,13250,6015,0.83545,0.812
"error-driven, w=4, k=3",2,13500,6015,0.79955,0.832
"error-driven, w=4, k=3",2,13750,6015,0.73822,0.814
"error-driven, w=4, k=3",2,14000,6015,0.86088,0.8
"error-driven, w=4, k=3",2,14250,6015,0.8362,0.792
"error-driven, w=4, k=3",2,14500,6015,0.8377,0.804
"error-driven, w=4, k=3",2,14750,6015,0.79731,0.816
"error-driven, w=4, k=3",2,15000,6015,0.8362,0.808
"error-driven, w=4, k=3",2,15250,6015,0.71653,0.824
"error-driven, w=4, k=3",2,15500,6015,0.7988,0.816
"error-driven, w=4, k=3",2,15750,6015,0.81376,0.792
"error-driven, w=4, k=3",2,16000,6015,0.80254,0.81
"error-driven, w=4, k=3",2,16250,6015,0.79955,0.816
"error-driven, w=4, k=3",2,16500,6015,0.83919,0.806
"error-driven, w=4, k=3",2,16750,6015,0.71578,0.79
"error-driven, w=4, k=3",2,17000,6015,0.77038,0.776
"error-driven, w=4, k=3",2,17250,6015,0.83096,0.774
"error-driven, w=4, k=3",2,17500,6015,0.83171,0.77
"error-driven, w=4, k=3",2,17750,6015,0.80703,0.764
"error-driven, w=4, k=3",2,18000,6015,0.81152,0.774
"error-driven, w=4, k=3",2,18250,6015,0.80628,0.81
"error-driven, w=4, k=3",2,18500,6015,0.72476,0.812
"error-driven, w=4, k=3",2,18750,6015,0.8362,0.806
"error-driven, w=4, k=3",2,19000,6015,0.71354,0.81
"error-driven, w=4, k=3",2,19250,6015,0.78384,0.79
"error-driven, w=4, k=3",2,19500,6015,0.8175,0.764
"error-driven, w=4, k=3",2,19750,6015,0.82872,0.778
"error-driven, w=4, k=3",2,20000,6015,0.7098,0.814
"error-driven, w=4, k=3",2,20250,6015,0.70307,0.822
"error-driven, w=4, k=3",2,20500,6015,0.82723,0.798
"error-driven, w=4, k=3",2,20750,6015,0.77337,0.804
"error-driven, w=4, k=3",2,21000,6015,0.75916,0.82
"error-driven, w=4, k=3",2,21250,6015,0.77412,0.796
"error-driven, w=4, k=3",2,21500,6015,0.79581,0.804
"error-driven, w=4, k=3",2,21750,6015,0.75767,0.82
"error-driven, w=4, k=3",2,22000,6015,0.78609,0.822
"error-driven, w=4, k=3",2,22250,6015,0.76814,0.826
"error-driven, w=4, k=3",2,22500,6015,0.80927,0.804
"error-driven, w=4, k=3",2,22750,6015,0.75318,0.778
"error-driven, w=4, k=3",2,23000,6015,0.84817,0.788
"error-driven, w=4, k=3",2,23250,6015,0.84293,0.824
"error-driven, w=4, k=3",2,23500,6015,0.82723,0.818
"error-driven, w=4, k=3",2,23750,6015,0.84518,0.78
"error-driven, w=4, k=3",2,24000,6015,0.82049,0.782
"error-driven, w=3, k=3",2,250,6015,0.80553,0.552
"error-driven, w=3, k=3",2,500,6015,0.77786,0.66
"error-driven, w=3, k=3",2,750,6015,0.75916,0.778
"error-driven, w=3, k=3",2,1000,6015,0.73972,0.802
"error-driven, w=3, k=3",2,1250,6015,0.74196,0.802
"error-driven, w=3, k=3",2,1500,6015,0.71653,0.796
"error-driven, w=3, k=3",2,1750,6015,0.73598,0.798
"error-driven, w=3, k=3",2,2000,6015,0.7098,0.764
"error-driven, w=3, k=3",2,2250,6015,0.74495,0.75
"error-driven, w=3, k=3",2,2500,6015,0.74121,0.792
"error-driven, w=3, k=3",2,2750,6015,0.7472,0.818
"error-driven, w=3, k=3",2,3000,6015,0.76814,0.758
"error-driven, w=3, k=3",2,3250,6015,0.76963,0.744
"error-driven, w=3, k=3",2,3500,6015,0.71354,0.774
"error-driven, w=3, k=3",2,3750,6015,0.72027,0.76
"error-driven, w=3, k=3",2,4000,6015,0.71503,0.79
"error-driven, w=3, k=3",2,4250,6015,0.70681,0.796
"error-driven, w=3, k=3",2,4500,6015,0.76664,0.782
"error-driven, w=3, k=3",2,4750,6015,0.76589,0.808
"error-driven, w=3, k=3",2,5000,6015,0.78908,0.836
"error-driven, w=3, k=3",2,5250,6015,0.79357,0.828
"error-driven, w=3, k=3",2,5500,6015,0.77487,0.792
"error-driven, w=3, k=3",2,5750,6015,0.78983,0.788
"error-driven, w=3, k=3",2,6000,6015,0.79955,0.79
"error-driven, w=3, k=3",2,6250,6015,0.77562,0.8
"error-driven, w=3, k=3",2,6500,6015,0.7255,0.764
"error-driven, w=3, k=3",2,6750,6015,0.68287,0.698
"error-driven, w=3, k=3",2,7000,6015,0.55348,0.68
"error-driven, w=3, k=3",2,7250,6015,0.67614,0.672
"error-driven, w=3, k=3",2,7500,6015,0.59461,0.67
"error-driven, w=3, k=3",2,7750,6015,0.65221,0.696
"error-driven, w=3, k=3",2,8000,6015,0.60509,0.732
"error-driven, w=3, k=3",2,8250,6015,0.47719,0.732
"error-driven, w=3, k=3",2,8500,6015,0.67091,0.704
"error-driven, w=3, k=3",2,8750,6015,0.7083,0.682
"error-driven, w=3, k=3",2,9000,6015,0.68886,0.678
"error-driven, w=3, k=3",2,9250,6015,0.72476,0.668
"error-driven, w=3, k=3",2,9500,6015,0.73224,0.65
"error-driven, w=3, k=3",2,9750,6015,0.64323,0.646
"error-driven, w=3, k=3",2,10000,6015,0.72326,0.668
"error-driven, w=3, k=3",2,10250,6015,0.74794,0.692
"error-driven, w=3, k=3",2,10500,6015,0.68886,0.688
"error-driven, w=3, k=3",2,10750,6015,0.71129,0.688
"error-driven, w=3, k=3",2,11000,6015,0.70755,0.692
"error-driven, w=3, k=3",2,11250,6015,0.59835,0.676
"error-driven, w=3, k=3",2,11500,6015,0.73074,0.67
"error-driven, w=3, k=3",2,11750,6015,0.73747,0.702
"error-driven, w=3, k=3",2,12000,6015,0.61855,0.696
"error-driven, w=3, k=3",2,12250,6015,0.65146,0.654
"error-driven, w=3, k=3",2,12500,6015,0.70007,0.684
"error-driven, w=3, k=3",2,12750,6015,0.57517,0.682
"error-driven, w=3, k=3",2,13000,6015,0.62004,0.686
"error-driven, w=3, k=3",2,13250,6015,0.64921,0.69
"error-driven, w=3, k=3",2,13500,6015,0.44129,0.678
"error-driven, w=3, k=3",2,13750,6015,0.60583,0.69
"error-driven, w=3, k=3",2,14000,6015,0.61032,0.634
"error-driven, w=3, k=3",2,14250,6015,0.6724,0.624
"error-driven, w=3, k=3",2,14500,6015,0.73972,0.7
"error-driven, w=3, k=3",2,14750,6015,0.76963,0.726
"error-driven, w=3, k=3",2,15000,6015,0.54974,0.706
"error-driven, w=3, k=3",2,15250,6015,0.5288,0.718
"error-driven, w=3, k=3",2,15500,6015,0.58414,0.72
"error-driven, w=3, k=3",2,15750,6015,0.6365,0.676
"error-driven, w=3, k=3",2,16000,6015,0.6926,0.66
"error-driven, w=3, k=3",2,16250,6015,0.63126,0.642
"error-driven, w=3, k=3",2,16500,6015,0.6193,0.646
"error-driven, w=3, k=3",2,16750,6015,0.72924,0.672
"error-driven, w=3, k=3",2,17000,6015,0.77562,0.682
"error-driven, w=3, k=3",2,17250,6015,0.65595,0.694
"error-driven, w=3, k=3",2,17500,6015,0.66866,0.666
"error-driven, w=3, k=3",2,17750,6015,0.70007,0.644
"error-driven, w=3, k=3",2,18000,6015,0.71129,0.628
"error-driven, w=3, k=3",2,18250,6015,0.67315,0.644
"error-driven, w=3, k=3",2,18500,6015,0.68736,0.67
"error-driven, w=3, k=3",2,18750,6015,0.65595,0.668
"error-driven, w=3, k=3",2,19000,6015,0.69858,0.696
"error-driven, w=3, k=3",2,19250,6015,0.52356,0.714
"error-driven, w=3, k=3",2,19500,6015,0.75767,0.682
"error-driven, w=3, k=3",2,19750,6015,0.67988,0.668
"error-driven, w=3, k=3",2,20000,6015,0.66866,0.69
"error-driven, w=3, k=3",2,20250,6015,0.67464,0.726
"error-driven, w=3, k=3",2,20500,6015,0.78459,0.734
"error-driven, w=3, k=3",2,20750,6015,0.7285,0.698
"error-driven, w=3, k=3",2,21000,6015,0.66567,0.704
"error-driven, w=3, k=3",2,21250,6015,0.73224,0.696
"error-driven, w=3, k=3",2,21500,6015,0.71952,0.692
"error-driven, w=3, k=3",2,21750,6015,0.66043,0.738
"error-driven, w=3, k=3",2,22000,6015,0.6365,0.758
"error-driven, w=3, k=3",2,22250,6015,0.79357,0.734
"error-driven, w=3, k=3",2,22500,6015,0.73448,0.694
"error-driven, w=3, k=3",2,22750,6015,0.5991,0.682
"error-driven, w=3, k=3",2,23000,6015,0.6178,0.682
"error-driven, w=3, k=3",2,23250,6015,0.76515,0.678
"error-driven, w=3, k=3",2,23500,6015,0.73672,0.716
"error-driven, w=3, k=3",2,23750,6015,0.65445,0.692
"error-driven, w=3, k=3",2,24000,6015,0.4727,0.654
"bundle-all, w=8",3,250,6015,0.69484,0.704
"bundle-all, w=8",3,500,6015,0.74944,0.748
"bundle-all, w=8",3,750,6015,0.75019,0.804
"bundle-all, w=8",3,1000,6015,0.75243,0.79
"bundle-all, w=8",3,1250,6015,0.727,0.756
"bundle-all, w=8",3,1500,6015,0.73373,0.762
"bundle-all, w=8",3,1750,6015,0.73298,0.778
"bundle-all, w=8",3,2000,6015,0.73972,0.784
"bundle-all, w=8",3,2250,6015,0.75692,0.806
"bundle-all, w=8",3,2500,6015,0.75692,0.816
"bundle-all, w=8",3,2750,6015,0.74346,0.794
"bundle-all, w=8",3,3000,6015,0.74794,0.788
"bundle-all, w=8",3,3250,6015,0.76141,0.81
"bundle-all, w=8",3,3500,6015,0.76739,0.828
"bundle-all, w=8",3,3750,6015,0.75916,0.8
"bundle-all, w=8",3,4000,6015,0.76141,0.78
"bundle-all, w=8",3,4250,6015,0.75168,0.798
"bundle-all, w=8",3,4500,6015,0.75767,0.782
"bundle-all, w=8",3,4750,6015,0.74869,0.792
"bundle-all, w=8",3,5000,6015,0.75692,0.814
"bundle-all, w=8",3,5250,6015,0.76365,0.796
"bundle-all, w=8",3,5500,6015,0.75393,0.808
"bundle-all, w=8",3,5750,6015,0.75916,0.816
"bundle-all, w=8",3,6000,6015,0.7629,0.784
"error-driven, w=2, k=4",2,250,6015,0.74121,0.464
"error-driven, w=2, k=4",2,500,6015,0.77263,0.562
"error-driven, w=2, k=4",2,750,6015,0.73972,0.666
"error-driven, w=2, k=4",2,1000,6015,0.71129,0.712
"error-driven, w=2, k=4",2,1250,6015,0.6724,0.734
"error-driven, w=2, k=4",2,1500,6015,0.73448,0.736
"error-driven, w=2, k=4",2,1750,6015,0.69035,0.764
"error-driven, w=2, k=4",2,2000,6015,0.69858,0.744
"error-driven, w=2, k=4",2,2250,6015,0.69484,0.718
"error-driven, w=2, k=4",2,2500,6015,0.71653,0.736
"error-driven, w=2, k=4",2,2750,6015,0.72177,0.764
"error-driven, w=2, k=4",2,3000,6015,0.70007,0.734
"error-driven, w=2, k=4",2,3250,6015,0.73598,0.702
"error-driven, w=2, k=4",2,3500,6015,0.66717,0.716
"error-driven, w=2, k=4",2,3750,6015,0.67689,0.706
"error-driven, w=2, k=4",2,4000,6015,0.61556,0.724
"error-driven, w=2, k=4",2,4250,6015,0.67091,0.736
"error-driven, w=2, k=4",2,4500,6015,0.69409,0.726
"error-driven, w=2, k=4",2,4750,6015,0.75393,0.768
"error-driven, w=2, k=4",2,5000,6015,0.77038,0.796
"error-driven, w=2, k=4",2,5250,6015,0.78684,0.77
"error-driven, w=2, k=4",2,5500,6015,0.69559,0.74
"error-driven, w=2, k=4",2,5750,6015,0.71803,0.768
"error-driven, w=2, k=4",2,6000,6015,0.80778,0.808
"error-driven, w=2, k=4",2,6250,6015,0.48467,0.776
"error-driven, w=2, k=4",2,6500,6015,0.61257,0.694
"error-driven, w=2, k=4",2,6750,6015,0.61556,0.644
"error-driven, w=2, k=4",2,7000,6015,0.5647,0.644
"error-driven, w=2, k=4",2,7250,6015,0.68661,0.646
"error-driven, w=2, k=4",2,7500,6015,0.61481,0.652
"error-driven, w=2, k=4",2,7750,6015,0.37547,0.606
"error-driven, w=2, k=4",2,8000,6015,0.45251,0.568
"error-driven, w=2, k=4",2,8250,6015,0.59237,0.576
"error-driven, w=2, k=4",2,8500,6015,0.65969,0.586
"error-driven, w=2, k=4",2,8750,6015,0.6552,0.6
"error-driven, w=2, k=4",2,9000,6015,0.72027,0.624
"error-driven, w=2, k=4",2,9250,6015,0.4914,0.596
"error-driven, w=2, k=4",2,9500,6015,0.57442,0.528
"error-driven, w=2, k=4",2,9750,6015,0.59237,0.542
"error-driven, w=2, k=4",2,10000,6015,0.5632,0.604
"error-driven, w=2, k=4",2,10250,6015,0.59162,0.6
"error-driven, w=2, k=4",2,10500,6015,0.61556,0.58
"error-driven, w=2, k=4",2,10750,6015,0.6739,0.612
"error-driven, w=2, k=4",2,11000,6015,0.52356,0.59
"error-driven, w=2, k=4",2,11250,6015,0.52281,0.574
"error-driven, w=2, k=4",2,11500,6015,0.62678,0.608
"error-driven, w=2, k=4",2,11750,6015,0.56844,0.652
"error-driven, w=2, k=4",2,12000,6015,0.59312,0.632
"error-driven, w=2, k=4",2,12250,6015,0.67838,0.572
"error-driven, w=2, k=4",2,12500,6015,0.59611,0.556
"error-driven, w=2, k=4",2,12750,6015,0.76814,0.568
"error-driven, w=2, k=4",2,13000,6015,0.5991,0.612
"error-driven, w=2, k=4",2,13250,6015,0.66717,0.618
"error-driven, w=2, k=4",2,13500,6015,0.69708,0.576
"error-driven, w=2, k=4",2,13750,6015,0.46223,0.582
"error-driven, w=2, k=4",2,14000,6015,0.60284,0.59
"error-driven, w=2, k=4",2,14250,6015,0.55423,0.556
"error-driven, w=2, k=4",2,14500,6015,0.64174,0.568
"error-driven, w=2, k=4",2,14750,6015,0.52356,0.606
"error-driven, w=2, k=4",2,15000,6015,0.59088,0.592
"error-driven, w=2, k=4",2,15250,6015,0.50112,0.596
"error-driven, w=2, k=4",2,15500,6015,0.64473,0.602
"error-driven, w=2, k=4",2,15750,6015,0.53403,0.562
"error-driven, w=2, k=4",2,16000,6015,0.63426,0.566
"error-driven, w=2, k=4",2,16250,6015,0.56171,0.554
"error-driven, w=2, k=4",2,16500,6015,0.60808,0.564
"error-driven, w=2, k=4",2,16750,6015,0.61182,0.618
"error-driven, w=2, k=4",2,17000,6015,0.53628,0.574
"error-driven, w=2, k=4",2,17250,6015,0.57741,0.53
"error-driven, w=2, k=4",2,17500,6015,0.48542,0.564
"error-driven, w=2, k=4",2,17750,6015,0.28871,0.574
"error-driven, w=2, k=4",2,18000,6015,0.49364,0.58
"error-driven, w=2, k=4",2,18250,6015,0.55423,0.618
"error-driven, w=2, k=4",2,18500,6015,0.68287,0.616
"error-driven, w=2, k=4",2,18750,6015,0.65146,0.586
"error-driven, w=2, k=4",2,19000,6015,0.66043,0.576
"error-driven, w=2, k=4",2,19250,6015,0.53852,0.588
"error-driven, w=2, k=4",2,19500,6015,0.55946,0.604
"error-driven, w=2, k=4",2,19750,6015,0.59237,0.536
"error-driven, w=2, k=4",2,20000,6015,0.64174,0.514
"error-driven, w=2, k=4",2,20250,6015,0.4368,0.556
"error-driven, w=2, k=4",2,20500,6015,0.62977,0.58
"error-driven, w=2, k=4",2,20750,6015,0.52132,0.63
"error-driven, w=2, k=4",2,21000,6015,0.58863,0.638
"error-driven, w=2, k=4",2,21250,6015,0.60434,0.572
"error-driven, w=2, k=4",2,21500,6015,0.5273,0.562
"error-driven, w=2, k=4",2,21750,6015,0.56694,0.594
"error-driven, w=2, k=4",2,22000,6015,0.64996,0.594
"error-driven, w=2, k=4",2,22250,6015,0.57741,0.624
"error-driven, w=2, k=4",2,22500,6015,0.60135,0.622
"error-driven, w=2, k=4",2,22750,6015,0.45849,0.596
"error-driven, w=2, k=4",2,23000,6015,0.68661,0.59
"error-driven, w=2, k=4",2,23250,6015,0.62378,0.61
"error-driven, w=2, k=4",2,23500,6015,0.43605,0.608
"error-driven, w=2, k=4",2,23750,6015,0.55647,0.564
"error-driven, w=2, k=4",2,24000,6015,0.59237,0.552
"error-driven, w=8",3,250,6015,0.69484,0.704
"error-driven, w=8",3,500,6015,0.74944,0.748
"error-driven, w=8",3,750,6015,0.75019,0.804
"error-driven, w=8",3,1000,6015,0.75243,0.79
"error-driven, w=8",3,1250,6015,0.727,0.756
"error-driven, w=8",3,1500,6015,0.73373,0.762
"error-driven, w=8",3,1750,6015,0.73298,0.778
"error-driven, w=8",3,2000,6015,0.73972,0.784
"error-driven, w=8",3,2250,6015,0.75692,0.806
"error-driven, w=8",3,2500,6015,0.75692,0.816
"error-driven, w=8",3,2750,6015,0.74346,0.794
"error-driven, w=8",3,3000,6015,0.74794,0.788
"error-driven, w=8",3,3250,6015,0.76141,0.81
"error-driven, w=8",3,3500,6015,0.76739,0.828
"error-driven, w=8",3,3750,6015,0.75916,0.8
"error-driven, w=8",3,4000,6015,0.76141,0.78
"error-driven, w=8",3,4250,6015,0.75168,0.798
"error-driven, w=8",3,4500,6015,0.75767,0.782
"error-driven, w=8",3,4750,6015,0.74869,0.792
"error-driven, w=8",3,5000,6015,0.75692,0.814
"error-driven, w=8",3,5250,6015,0.76365,0.796
"error-driven, w=8",3,5500,6015,0.75393,0.808
"error-driven, w=8",3,5750,6015,0.75916,0.816
"error-driven, w=8",3,6000,6015,0.7629,0.784
"error-driven, w=8",3,6250,6015,0.76066,0.788
"error-driven, w=8",3,6500,6015,0.75692,0.81
"error-driven, w=8",3,6750,6015,0.76141,0.784
"error-driven, w=8",3,7000,6015,0.74271,0.778
"error-driven, w=8",3,7250,6015,0.75168,0.806
"error-driven, w=8",3,7500,6015,0.74944,0.802
"error-driven, w=8",3,7750,6015,0.74794,0.796
"error-driven, w=8",3,8000,6015,0.76589,0.802
"error-driven, w=8",3,8250,6015,0.7629,0.826
"error-driven, w=8",3,8500,6015,0.77636,0.834
"error-driven, w=8",3,8750,6015,0.77711,0.8
"error-driven, w=8",3,9000,6015,0.79731,0.804
"error-driven, w=8",3,9250,6015,0.79132,0.824
"error-driven, w=8",3,9500,6015,0.78609,0.836
"error-driven, w=8",3,9750,6015,0.7831,0.86
"error-driven, w=8",3,10000,6015,0.78534,0.858
"error-driven, w=8",3,10250,6015,0.79581,0.856
"error-driven, w=8",3,10500,6015,0.80628,0.878
"error-driven, w=8",3,10750,6015,0.79506,0.84
"error-driven, w=8",3,11000,6015,0.80479,0.8
"error-driven, w=8",3,11250,6015,0.80553,0.818
"error-driven, w=8",3,11500,6015,0.80703,0.848
"error-driven, w=8",3,11750,6015,0.78384,0.862
"error-driven, w=8",3,12000,6015,0.79731,0.868
"error-driven, w=8",3,12250,6015,0.79581,0.86
"error-driven, w=8",3,12500,6015,0.81002,0.866
"error-driven, w=8",3,12750,6015,0.77337,0.868
"error-driven, w=8",3,13000,6015,0.80479,0.838
"error-driven, w=8",3,13250,6015,0.81376,0.838
"error-driven, w=8",3,13500,6015,0.78534,0.828
"error-driven, w=8",3,13750,6015,0.78684,0.834
"error-driven, w=8",3,14000,6015,0.79581,0.866
"error-driven, w=8",3,14250,6015,0.76889,0.876
"error-driven, w=8",3,14500,6015,0.78758,0.856
"error-driven, w=8",3,14750,6015,0.81601,0.856
"error-driven, w=8",3,15000,6015,0.78758,0.854
"error-driven, w=8",3,15250,6015,0.81077,0.848
"error-driven, w=8",3,15500,6015,0.79581,0.86
"error-driven, w=8",3,15750,6015,0.80329,0.852
"error-driven, w=8",3,16000,6015,0.7801,0.848
"error-driven, w=8",3,16250,6015,0.79058,0.838
"error-driven, w=8",3,16500,6015,0.81825,0.83
"error-driven, w=8",3,16750,6015,0.78384,0.846
"error-driven, w=8",3,17000,6015,0.79357,0.846
"error-driven, w=8",3,17250,6015,0.81152,0.846
"error-driven, w=8",3,17500,6015,0.81301,0.842
"error-driven, w=8",3,17750,6015,0.80479,0.85
"error-driven, w=8",3,18000,6015,0.81825,0.878
"error-driven, w=8",3,18250,6015,0.80703,0.874
"error-driven, w=8",3,18500,6015,0.82124,0.87
"error-driven, w=8",3,18750,6015,0.80927,0.878
"error-driven, w=8",3,19000,6015,0.7472,0.876
"error-driven, w=8",3,19250,6015,0.81825,0.858
"error-driven, w=8",3,19500,6015,0.84144,0.866
"error-driven, w=8",3,19750,6015,0.78758,0.858
"error-driven, w=8",3,20000,6015,0.75243,0.852
"error-driven, w=8",3,20250,6015,0.75916,0.85
"error-driven, w=8",3,20500,6015,0.83919,0.84
"error-driven, w=8",3,20750,6015,0.80553,0.852
"error-driven, w=8",3,21000,6015,0.79731,0.85
"error-driven, w=8",3,21250,6015,0.78459,0.852
"error-driven, w=8",3,21500,6015,0.83022,0.846
"error-driven, w=8",3,21750,6015,0.82049,0.854
"error-driven, w=8",3,22000,6015,0.82872,0.872
"error-driven, w=8",3,22250,6015,0.85041,0.878
"error-driven, w=8",3,22500,6015,0.76963,0.862
"error-driven, w=8",3,22750,6015,0.80628,0.85
"error-driven, w=8",3,23000,6015,0.76141,0.86
"error-driven, w=8",3,23250,6015,0.81301,0.868
"error-driven, w=8",3,23500,6015,0.81451,0.894
"error-driven, w=8",3,23750,6015,0.83022,0.9
"error-driven, w=8",3,24000,6015,0.83321,0.88
"error-driven, w=4",3,250,6015,0.69858,0.708
"error-driven, w=4",3,500,6015,0.74346,0.744
"error-driven, w=4",3,750,6015,0.73972,0.79
"error-driven, w=4",3,1000,6015,0.73747,0.774
"error-driven, w=4",3,1250,6015,0.75841,0.758
"error-driven, w=4",3,1500,6015,0.72625,0.778
"error-driven, w=4",3,1750,6015,0.72924,0.782
"error-driven, w=4",3,2000,6015,0.77861,0.776
"error-driven, w=4",3,2250,6015,0.76889,0.78
"error-driven, w=4",3,2500,6015,0.76215,0.784
"error-driven, w=4",3,2750,6015,0.78609,0.774
"error-driven, w=4",3,3000,6015,0.75467,0.77
"error-driven, w=4",3,3250,6015,0.75841,0.8
"error-driven, w=4",3,3500,6015,0.77487,0.816
"error-driven, w=4",3,3750,6015,0.7629,0.784
"error-driven, w=4",3,4000,6015,0.74121,0.762
"error-driven, w=4",3,4250,6015,0.76664,0.778
"error-driven, w=4",3,4500,6015,0.71803,0.77
"error-driven, w=4",3,4750,6015,0.75916,0.772
"error-driven, w=4",3,5000,6015,0.72476,0.792
"error-driven, w=4",3,5250,6015,0.7442,0.792
"error-driven, w=4",3,5500,6015,0.73897,0.79
"error-driven, w=4",3,5750,6015,0.74495,0.784
"error-driven, w=4",3,6000,6015,0.76365,0.79
"error-driven, w=4",3,6250,6015,0.77936,0.794
"error-driven, w=4",3,6500,6015,0.81301,0.806
"error-driven, w=4",3,6750,6015,0.79506,0.8
"error-driven, w=4",3,7000,6015,0.75617,0.788
"error-driven, w=4",3,7250,6015,0.84293,0.81
"error-driven, w=4",3,7500,6015,0.7644,0.784
"error-driven, w=4",3,7750,6015,0.81002,0.778
"error-driven, w=4",3,8000,6015,0.80853,0.822
"error-driven, w=4",3,8250,6015,0.82573,0.81
"error-driven, w=4",3,8500,6015,0.7831,0.81
"error-driven, w=4",3,8750,6015,0.78684,0.8
"error-driven, w=4",3,9000,6015,0.75243,0.782
"error-driven, w=4",3,9250,6015,0.71429,0.752
"error-driven, w=4",3,9500,6015,0.71653,0.732
"error-driven, w=4",3,9750,6015,0.7285,0.738
"error-driven, w=4",3,10000,6015,0.61182,0.72
"error-driven, w=4",3,10250,6015,0.58788,0.694
"error-driven, w=4",3,10500,6015,0.70082,0.646
"error-driven, w=4",3,10750,6015,0.55198,0.592
"error-driven, w=4",3,11000,6015,0.43231,0.554
"error-driven, w=4",3,11250,6015,0.4727,0.478
"error-driven, w=4",3,11500,6015,0.39043,0.382
"error-driven, w=4",3,11750,6015,0.43156,0.352
"error-driven, w=4",3,12000,6015,0.60583,0.392
"error-driven, w=4",3,12250,6015,0.43082,0.462
"error-driven, w=4",3,12500,6015,0.43381,0.496
"error-driven, w=4",3,12750,6015,0.40389,0.492
"error-driven, w=4",3,13000,6015,0.55049,0.474
"error-driven, w=4",3,13250,6015,0.46746,0.466
"error-driven, w=4",3,13500,6015,0.38444,0.49
"error-driven, w=4",3,13750,6015,0.53179,0.486
"error-driven, w=4",3,14000,6015,0.30067,0.48
"error-driven, w=4",3,14250,6015,0.59761,0.48
"error-driven, w=4",3,14500,6015,0.41212,0.46
"error-driven, w=4",3,14750,6015,0.42184,0.492
"error-driven, w=4",3,15000,6015,0.43306,0.488
"error-driven, w=4",3,15250,6015,0.37322,0.492
"error-driven, w=4",3,15500,6015,0.46522,0.508
"error-driven, w=4",3,15750,6015,0.51234,0.468
"error-driven, w=4",3,16000,6015,0.48392,0.52
"error-driven, w=4",3,16250,6015,0.31638,0.55
"error-driven, w=4",3,16500,6015,0.62079,0.472
"error-driven, w=4",3,16750,6015,0.64547,0.48
"error-driven, w=4",3,17000,6015,0.59686,0.494
"error-driven, w=4",3,17250,6015,0.59387,0.524
"error-driven, w=4",3,17500,6015,0.3089,0.538
"error-driven, w=4",3,17750,6015,0.49738,0.458
"error-driven, w=4",3,18000,6015,0.28871,0.428
"error-driven, w=4",3,18250,6015,0.52805,0.454
"error-driven, w=4",3,18500,6015,0.52506,0.482
"error-driven, w=4",3,18750,6015,0.62378,0.48
"error-driven, w=4",3,19000,6015,0.51085,0.47
"error-driven, w=4",3,19250,6015,0.54375,0.468
"error-driven, w=4",3,19500,6015,0.54001,0.496
"error-driven, w=4",3,19750,6015,0.53478,0.5
"error-driven, w=4",3,20000,6015,0.4712,0.488
"error-driven, w=4",3,20250,6015,0.54974,0.458
"error-driven, w=4",3,20500,6015,0.57143,0.452
"error-driven, w=4",3,20750,6015,0.64398,0.466
"error-driven, w=4",3,21000,6015,0.51907,0.484
"error-driven, w=4",3,21250,6015,0.64921,0.52
"error-driven, w=4",3,21500,6015,0.4712,0.474
"error-driven, w=4",3,21750,6015,0.64099,0.452
"error-driven, w=4",3,22000,6015,0.27076,0.484
"error-driven, w=4",3,22250,6015,0.52954,0.538
"error-driven, w=4",3,22500,6015,0.31862,0.538
"error-driven, w=4",3,22750,6015,0.43082,0.464
"error-driven, w=4",3,23000,6015,0.50636,0.44
"error-driven, w=4",3,23250,6015,0.38145,0.43
"error-driven, w=4",3,23500,6015,0.4368,0.422
"error-driven, w=4",3,23750,6015,0.46597,0.456
"error-driven, w=4",3,24000,6015,0.60359,0.508
"error-driven, w=3, k=3",3,250,6015,0.65894,0.488
"error-driven, w=3, k=3",3,500,6015,0.76141,0.602
"error-driven, w=3, k=3",3,750,6015,0.74495,0.732
"error-driven, w=3, k=3",3,1000,6015,0.76066,0.746
"error-driven, w=3, k=3",3,1250,6015,0.75393,0.754
"error-driven, w=3, k=3",3,1500,6015,0.76739,0.786
"error-driven, w=3, k=3",3,1750,6015,0.75767,0.806
"error-driven, w=3, k=3",3,2000,6015,0.78384,0.792
"error-driven, w=3, k=3",3,2250,6015,0.76215,0.792
"error-driven, w=3, k=3",3,2500,6015,0.75767,0.798
"error-driven, w=3, k=3",3,2750,6015,0.75318,0.776
"error-driven, w=3, k=3",3,3000,6015,0.74271,0.784
"error-driven, w=3, k=3",3,3250,6015,0.75168,0.808
"error-driven, w=3, k=3",3,3500,6015,0.72401,0.796
"error-driven, w=3, k=3",3,3750,6015,0.72027,0.77
"error-driven, w=3, k=3",3,4000,6015,0.75243,0.754
"error-driven, w=3, k=3",3,4250,6015,0.76215,0.77
"error-driven, w=3, k=3",3,4500,6015,0.7255,0.776
"error-driven, w=3, k=3",3,4750,6015,0.7442,0.782
"error-driven, w=3, k=3",3,5000,6015,0.73747,0.804
"error-driven, w=3, k=3",3,5250,6015,0.72476,0.796
"error-driven, w=3, k=3",3,5500,6015,0.74121,0.776
"error-driven, w=3, k=3",3,5750,6015,0.76889,0.78
"error-driven, w=3, k=3",3,6000,6015,0.75318,0.794
"error-driven, w=3, k=3",3,6250,6015,0.58863,0.782
"error-driven, w=3, k=3",3,6500,6015,0.64622,0.756
"error-driven, w=3, k=3",3,6750,6015,0.69708,0.708
"error-driven, w=3, k=3",3,7000,6015,0.65295,0.652
"error-driven, w=3, k=3",3,7250,6015,0.60883,0.66
"error-driven, w=3, k=3",3,7500,6015,0.60957,0.662
"error-driven, w=3, k=3",3,7750,6015,0.71503,0.69
"error-driven, w=3, k=3",3,8000,6015,0.65146,0.704
"error-driven, w=3, k=3",3,8250,6015,0.74794,0.682
"error-driven, w=3, k=3",3,8500,6015,0.65295,0.702
"error-driven, w=3, k=3",3,8750,6015,0.5834,0.648
"error-driven, w=3, k=3",3,9000,6015,0.62304,0.61
"error-driven, w=3, k=3",3,9250,6015,0.57068,0.61
"error-driven, w=3, k=3",3,9500,6015,0.7472,0.646
"error-driven, w=3, k=3",3,9750,6015,0.58788,0.716
"error-driven, w=3, k=3",3,10000,6015,0.69559,0.698
"error-driven, w=3, k=3",3,10250,6015,0.59088,0.674
"error-driven, w=3, k=3",3,10500,6015,0.64323,0.678
"error-driven, w=3, k=3",3,10750,6015,0.65744,0.672
"error-driven, w=3, k=3",3,11000,6015,0.52805,0.666
"error-driven, w=3, k=3",3,11250,6015,0.64398,0.646
"error-driven, w=3, k=3",3,11500,6015,0.727,0.636
"error-driven, w=3, k=3",3,11750,6015,0.53478,0.664
"error-driven, w=3, k=3",3,12000,6015,0.65744,0.684
"error-driven, w=3, k=3",3,12250,6015,0.70681,0.672
"error-driven, w=3, k=3",3,12500,6015,0.72775,0.686
"error-driven, w=3, k=3",3,12750,6015,0.62304,0.676
"error-driven, w=3, k=3",3,13000,6015,0.65669,0.662
"error-driven, w=3, k=3",3,13250,6015,0.62528,0.684
"error-driven, w=3, k=3",3,13500,6015,0.59536,0.684
"error-driven, w=3, k=3",3,13750,6015,0.77263,0.67
"error-driven, w=3, k=3",3,14000,6015,0.68362,0.704
"error-driven, w=3, k=3",3,14250,6015,0.63949,0.708
"error-driven, w=3, k=3",3,14500,6015,0.58265,0.686
"error-driven, w=3, k=3",3,14750,6015,0.66791,0.7
"error-driven, w=3, k=3",3,15000,6015,0.76739,0.68
"error-driven, w=3, k=3",3,15250,6015,0.69858,0.676
"error-driven, w=3, k=3",3,15500,6015,0.70007,0.664
"error-driven, w=3, k=3",3,15750,6015,0.73298,0.652
"error-driven, w=3, k=3",3,16000,6015,0.63201,0.68
"error-driven, w=3, k=3",3,16250,6015,0.68362,0.674
"error-driven, w=3, k=3",3,16500,6015,0.7831,0.668
"error-driven, w=3, k=3",3,16750,6015,0.65819,0.678
"error-driven, w=3, k=3",3,17000,6015,0.73298,0.664
"error-driven, w=3, k=3",3,17250,6015,0.65669,0.708
"error-driven, w=3, k=3",3,17500,6015,0.67988,0.712
"error-driven, w=3, k=3",3,17750,6015,0.51533,0.676
"error-driven, w=3, k=3",3,18000,6015,0.45699,0.68
"error-driven, w=3, k=3",3,18250,6015,0.73074,0.67
"error-driven, w=3, k=3",3,18500,6015,0.72625,0.7
"error-driven, w=3, k=3",3,18750,6015,0.5819,0.714
"error-driven, w=3, k=3",3,19000,6015,0.73448,0.68
"error-driven, w=3, k=3",3,19250,6015,0.62827,0.674
"error-driven, w=3, k=3",3,19500,6015,0.5632,0.696
"error-driven, w=3, k=3",3,19750,6015,0.7285,0.662
"error-driven, w=3, k=3",3,20000,6015,0.41735,0.642
"error-driven, w=3, k=3",3,20250,6015,0.66642,0.65
"error-driven, w=3, k=3",3,20500,6015,0.72251,0.64
"error-driven, w=3, k=3",3,20750,6015,0.68811,0.668
"error-driven, w=3, k=3",3,21000,6015,0.74794,0.686
"error-driven, w=3, k=3",3,21250,6015,0.69035,0.692
"error-driven, w=3, k=3",3,21500,6015,0.65295,0.694
"error-driven, w=3, k=3",3,21750,6015,0.64772,0.674
"error-driven, w=3, k=3",3,22000,6015,0.68362,0.7
"error-driven, w=3, k=3",3,22250,6015,0.56918,0.742
"error-driven, w=3, k=3",3,22500,6015,0.56021,0.728
"error-driven, w=3, k=3",3,22750,6015,0.76664,0.666
"error-driven, w=3, k=3",3,23000,6015,0.57292,0.634
"error-driven, w=3, k=3",3,23250,6015,0.69409,0.642
"error-driven, w=3, k=3",3,23500,6015,0.53927,0.65
"error-driven, w=3, k=3",3,23750,6015,0.64847,0.676
"error-driven, w=3, k=3",3,24000,6015,0.62678,0.672
"error-driven, w=4, k=3",3,250,6015,0.66791,0.488
"error-driven, w=4, k=3",3,500,6015,0.75467,0.61
"error-driven, w=4, k=3",3,750,6015,0.74869,0.742
"error-driven, w=4, k=3",3,1000,6015,0.7457,0.76
"error-driven, w=4, k=3",3,1250,6015,0.76515,0.762
"error-driven, w=4, k=3",3,1500,6015,0.77487,0.782
"error-driven, w=4, k=3",3,1750,6015,0.76515,0.8
"error-driven, w=4, k=3",3,2000,6015,0.7457,0.792
"error-driven, w=4, k=3",3,2250,6015,0.76141,0.808
"error-driven, w=4, k=3",3,2500,6015,0.76141,0.814
"error-driven, w=4, k=3",3,2750,6015,0.75841,0.782
"error-driven, w=4, k=3",3,3000,6015,0.74046,0.782
"error-driven, w=4, k=3",3,3250,6015,0.7629,0.802
"error-driven, w=4, k=3",3,3500,6015,0.76215,0.786
"error-driven, w=4, k=3",3,3750,6015,0.77188,0.754
"error-driven, w=4, k=3",3,4000,6015,0.75991,0.764
"error-driven, w=4, k=3",3,4250,6015,0.75243,0.79
"error-driven, w=4, k=3",3,4500,6015,0.73897,0.788
"error-driven, w=4, k=3",3,4750,6015,0.74346,0.802
"error-driven, w=4, k=3",3,5000,6015,0.74196,0.8
"error-driven, w=4, k=3",3,5250,6015,0.75019,0.786
"error-driven, w=4, k=3",3,5500,6015,0.72775,0.8
"error-driven, w=4, k=3",3,5750,6015,0.76141,0.804
"error-driven, w=4, k=3",3,6000,6015,0.77786,0.778
"error-driven, w=4, k=3",3,6250,6015,0.76365,0.792
"error-driven, w=4, k=3",3,6500,6015,0.76141,0.832
"error-driven, w=4, k=3",3,6750,6015,0.75916,0.82
"error-driven, w=4, k=3",3,7000,6015,0.7255,0.794
"error-driven, w=4, k=3",3,7250,6015,0.80329,0.778
"error-driven, w=4, k=3",3,7500,6015,0.79506,0.776
"error-driven, w=4, k=3",3,7750,6015,0.72177,0.782
"error-driven, w=4, k=3",3,8000,6015,0.78908,0.752
"error-driven, w=4, k=3",3,8250,6015,0.75916,0.744
"error-driven, w=4, k=3",3,8500,6015,0.71279,0.782
"error-driven, w=4, k=3",3,8750,6015,0.66492,0.768
"error-driven, w=4, k=3",3,9000,6015,0.77861,0.726
"error-driven, w=4, k=3",3,9250,6015,0.6178,0.708
"error-driven, w=4, k=3",3,9500,6015,0.70157,0.712
"error-driven, w=4, k=3",3,9750,6015,0.68362,0.758
"error-driven, w=4, k=3",3,10000,6015,0.78534,0.784
"error-driven, w=4, k=3",3,10250,6015,0.67988,0.77
"error-driven, w=4, k=3",3,10500,6015,0.7831,0.782
"error-driven, w=4, k=3",3,10750,6015,0.81601,0.774
"error-driven, w=4, k=3",3,11000,6015,0.63201,0.758
"error-driven, w=4, k=3",3,11250,6015,0.74794,0.784
"error-driven, w=4, k=3",3,11500,6015,0.75093,0.786
"error-driven, w=4, k=3",3,11750,6015,0.79058,0.782
"error-driven, w=4, k=3",3,12000,6015,0.74645,0.796
"error-driven, w=4, k=3",3,12250,6015,0.81301,0.774
"error-driven, w=4, k=3",3,12500,6015,0.81675,0.778
"error-driven, w=4, k=3",3,12750,6015,0.78684,0.792
"error-driven, w=4, k=3",3,13000,6015,0.7472,0.798
"error-driven, w=4, k=3",3,13250,6015,0.70905,0.808
"error-driven, w=4, k=3",3,13500,6015,0.75393,0.778
"error-driven, w=4, k=3",3,13750,6015,0.76215,0.784
"error-driven, w=4, k=3",3,14000,6015,0.69634,0.804
"error-driven, w=4, k=3",3,14250,6015,0.79955,0.818
"error-driven, w=4, k=3",3,14500,6015,0.65744,0.806
"error-driven, w=4, k=3",3,14750,6015,0.7831,0.822
"error-driven, w=4, k=3",3,15000,6015,0.73149,0.822
"error-driven, w=4, k=3",3,15250,6015,0.76664,0.81
"error-driven, w=4, k=3",3,15500,6015,0.75991,0.808
"error-driven, w=4, k=3",3,15750,6015,0.79581,0.796
"error-driven, w=4, k=3",3,16000,6015,0.67764,0.802
"error-driven, w=4, k=3",3,16250,6015,0.69334,0.78
"error-driven, w=4, k=3",3,16500,6015,0.81227,0.808
"error-driven, w=4, k=3",3,16750,6015,0.71429,0.82
"error-driven, w=4, k=3",3,17000,6015,0.73523,0.81
"error-driven, w=4, k=3",3,17250,6015,0.66343,0.834
"error-driven, w=4, k=3",3,17500,6015,0.77038,0.828
"error-driven, w=4, k=3",3,17750,6015,0.79806,0.816
"error-driven, w=4, k=3",3,18000,6015,0.65819,0.816
"error-driven, w=4, k=3",3,18250,6015,0.77337,0.814
"error-driven, w=4, k=3",3,18500,6015,0.7629,0.822
"error-driven, w=4, k=3",3,18750,6015,0.73448,0.838
"error-driven, w=4, k=3",3,19000,6015,0.73149,0.83
"error-driven, w=4, k=3",3,19250,6015,0.79282,0.802
"error-driven, w=4, k=3",3,19500,6015,0.77263,0.816
"error-driven, w=4, k=3",3,19750,6015,0.78758,0.804
"error-driven, w=4, k=3",3,20000,6015,0.74944,0.778
"error-driven, w=4, k=3",3,20250,6015,0.72999,0.768
"error-driven, w=4, k=3",3,20500,6015,0.819,0.766
"error-driven, w=4, k=3",3,20750,6015,0.70307,0.782
"error-driven, w=4, k=3",3,21000,6015,0.82124,0.776
"error-driven, w=4, k=3",3,21250,6015,0.74046,0.77
"error-driven, w=4, k=3",3,21500,6015,0.81002,0.786
"error-driven, w=4, k=3",3,21750,6015,0.75841,0.812
"error-driven, w=4, k=3",3,22000,6015,0.67165,0.812
"error-driven, w=4, k=3",3,22250,6015,0.77487,0.822
"error-driven, w=4, k=3",3,22500,6015,0.67464,0.808
"error-driven, w=4, k=3",3,22750,6015,0.81675,0.782
"error-driven, w=4, k=3",3,23000,6015,0.66941,0.776
"error-driven, w=4, k=3",3,23250,6015,0.727,0.772
"error-driven, w=4, k=3",3,23500,6015,0.727,0.798
"error-driven, w=4, k=3",3,23750,6015,0.79058,0.808
"error-driven, w=4, k=3",3,24000,6015,0.84892,0.78
"error-driven, w=2, k=4",3,250,6015,0.62678,0.404
"error-driven, w=2, k=4",3,500,6015,0.63126,0.488
"error-driven, w=2, k=4",3,750,6015,0.74121,0.658
"error-driven, w=2, k=4",3,1000,6015,0.75467,0.728
"error-driven, w=2, k=4",3,1250,6015,0.77188,0.726
"error-driven, w=2, k=4",3,1500,6015,0.74495,0.748
"error-driven, w=2, k=4",3,1750,6015,0.75093,0.766
"error-driven, w=2, k=4",3,2000,6015,0.71503,0.754
"error-driven, w=2, k=4",3,2250,6015,0.74944,0.746
"error-driven, w=2, k=4",3,2500,6015,0.73149,0.736
"error-driven, w=2, k=4",3,2750,6015,0.75542,0.688
"error-driven, w=2, k=4",3,3000,6015,0.70531,0.704
"error-driven, w=2, k=4",3,3250,6015,0.67165,0.76
"error-driven, w=2, k=4",3,3500,6015,0.73448,0.76
"error-driven, w=2, k=4",3,3750,6015,0.75617,0.74
"error-driven, w=2, k=4",3,4000,6015,0.76365,0.74
"error-driven, w=2, k=4",3,4250,6015,0.79357,0.762
"error-driven, w=2, k=4",3,4500,6015,0.73523,0.756
"error-driven, w=2, k=4",3,4750,6015,0.75692,0.742
"error-driven, w=2, k=4",3,5000,6015,0.71055,0.766
"error-driven, w=2, k=4",3,5250,6015,0.75542,0.762
"error-driven, w=2, k=4",3,5500,6015,0.76066,0.772
"error-driven, w=2, k=4",3,5750,6015,0.76141,0.78
"error-driven, w=2, k=4",3,6000,6015,0.73523,0.744
"error-driven, w=2, k=4",3,6250,6015,0.58265,0.698
"error-driven, w=2, k=4",3,6500,6015,0.67539,0.658
"error-driven, w=2, k=4",3,6750,6015,0.55946,0.628
"error-driven, w=2, k=4",3,7000,6015,0.58489,0.58
"error-driven, w=2, k=4",3,7250,6015,0.66866,0.58
"error-driven, w=2, k=4",3,7500,6015,0.63201,0.586
"error-driven, w=2, k=4",3,7750,6015,0.5445,0.582
"error-driven, w=2, k=4",3,8000,6015,0.37547,0.584
"error-driven, w=2, k=4",3,8250,6015,0.55049,0.568
"error-driven, w=2, k=4",3,8500,6015,0.51683,0.576
"error-driven, w=2, k=4",3,8750,6015,0.57816,0.576
"error-driven, w=2, k=4",3,9000,6015,0.56844,0.562
"error-driven, w=2, k=4",3,9250,6015,0.55722,0.56
"error-driven, w=2, k=4",3,9500,6015,0.61481,0.554
"error-driven, w=2, k=4",3,9750,6015,0.58863,0.526
"error-driven, w=2, k=4",3,10000,6015,0.58863,0.53
"error-driven, w=2, k=4",3,10250,6015,0.56021,0.57
"error-driven, w=2, k=4",3,10500,6015,0.52281,0.598
"error-driven, w=2, k=4",3,10750,6015,0.59835,0.568
"error-driven, w=2, k=4",3,11000,6015,0.63426,0.558
"error-driven, w=2, k=4",3,11250,6015,0.59611,0.582
"error-driven, w=2, k=4",3,11500,6015,0.6006,0.574
"error-driven, w=2, k=4",3,11750,6015,0.54525,0.56
"error-driven, w=2, k=4",3,12000,6015,0.52655,0.568
"error-driven, w=2, k=4",3,12250,6015,0.58863,0.594
"error-driven, w=2, k=4",3,12500,6015,0.5647,0.604
"error-driven, w=2, k=4",3,12750,6015,0.45251,0.582
"error-driven, w=2, k=4",3,13000,6015,0.65071,0.548
"error-driven, w=2, k=4",3,13250,6015,0.43904,0.562
"error-driven, w=2, k=4",3,13500,6015,0.38519,0.558
"error-driven, w=2, k=4",3,13750,6015,0.62453,0.554
"error-driven, w=2, k=4",3,14000,6015,0.41062,0.572
"error-driven, w=2, k=4",3,14250,6015,0.44877,0.574
"error-driven, w=2, k=4",3,14500,6015,0.3822,0.578
"error-driven, w=2, k=4",3,14750,6015,0.55123,0.578
"error-driven, w=2, k=4",3,15000,6015,0.59761,0.574
"error-driven, w=2, k=4",3,15250,6015,0.4196,0.58
"error-driven, w=2, k=4",3,15500,6015,0.51384,0.582
"error-driven, w=2, k=4",3,15750,6015,0.53702,0.552
"error-driven, w=2, k=4",3,16000,6015,0.46896,0.57
"error-driven, w=2, k=4",3,16250,6015,0.64547,0.594
"error-driven, w=2, k=4",3,16500,6015,0.45101,0.576
"error-driven, w=2, k=4",3,16750,6015,0.62902,0.6
"error-driven, w=2, k=4",3,17000,6015,0.61481,0.584
"error-driven, w=2, k=4",3,17250,6015,0.60957,0.578
"error-driven, w=2, k=4",3,17500,6015,0.63351,0.584
"error-driven, w=2, k=4",3,17750,6015,0.49215,0.588
"error-driven, w=2, k=4",3,18000,6015,0.56993,0.608
"error-driven, w=2, k=4",3,18250,6015,0.43306,0.578
"error-driven, w=2, k=4",3,18500,6015,0.41511,0.584
"error-driven, w=2, k=4",3,18750,6015,0.43979,0.574
"error-driven, w=2, k=4",3,19000,6015,0.55797,0.57
"error-driven, w=2, k=4",3,19250,6015,0.638,0.574
"error-driven, w=2, k=4",3,19500,6015,0.55722,0.604
"error-driven, w=2, k=4",3,19750,6015,0.59162,0.614
"error-driven, w=2, k=4",3,20000,6015,0.35752,0.594
"error-driven, w=2, k=4",3,20250,6015,0.4353,0.546
"error-driven, w=2, k=4",3,20500,6015,0.55722,0.522
"error-driven, w=2, k=4",3,20750,6015,0.56769,0.574
"error-driven, w=2, k=4",3,21000,6015,0.51907,0.572
"error-driven, w=2, k=4",3,21250,6015,0.62154,0.568
"error-driven, w=2, k=4",3,21500,6015,0.50935,0.566
"error-driven, w=2, k=4",3,21750,6015,0.60883,0.582
"error-driven, w=2, k=4",3,22000,6015,0.5647,0.602
"error-driven, w=2, k=4",3,22250,6015,0.62752,0.596
"error-driven, w=2, k=4",3,22500,6015,0.54375,0.588
"error-driven, w=2, k=4",3,22750,6015,0.62304,0.578
"error-driven, w=2, k=4",3,23000,6015,0.51234,0.572
"error-driven, w=2, k=4",3,23250,6015,0.5632,0.564
"error-driven, w=2, k=4",3,23500,6015,0.64622,0.578
"error-driven, w=2, k=4",3,23750,6015,0.58788,0.578
"error-driven, w=2, k=4",3,24000,6015,0.67091,0.578
"bundle-all, w=8",4,250,6015,0.79506,0.756
"bundle-all, w=8",4,500,6015,0.7801,0.8
"bundle-all, w=8",4,750,6015,0.75542,0.82
"bundle-all, w=8",4,1000,6015,0.76215,0.79
"bundle-all, w=8",4,1250,6015,0.75318,0.8
"bundle-all, w=8",4,1500,6015,0.76365,0.836
"bundle-all, w=8",4,1750,6015,0.75393,0.832
"bundle-all, w=8",4,2000,6015,0.75617,0.812
"bundle-all, w=8",4,2250,6015,0.75692,0.8
"bundle-all, w=8",4,2500,6015,0.75692,0.784
"bundle-all, w=8",4,2750,6015,0.74346,0.788
"bundle-all, w=8",4,3000,6015,0.7472,0.81
"bundle-all, w=8",4,3250,6015,0.74645,0.806
"bundle-all, w=8",4,3500,6015,0.74271,0.816
"bundle-all, w=8",4,3750,6015,0.73149,0.826
"bundle-all, w=8",4,4000,6015,0.73298,0.798
"bundle-all, w=8",4,4250,6015,0.73822,0.816
"bundle-all, w=8",4,4500,6015,0.73373,0.84
"bundle-all, w=8",4,4750,6015,0.73448,0.82
"bundle-all, w=8",4,5000,6015,0.73672,0.8
"bundle-all, w=8",4,5250,6015,0.73598,0.79
"bundle-all, w=8",4,5500,6015,0.74495,0.792
"bundle-all, w=8",4,5750,6015,0.74121,0.842
"bundle-all, w=8",4,6000,6015,0.73897,0.844
"error-driven, w=8",4,250,6015,0.79506,0.756
"error-driven, w=8",4,500,6015,0.7801,0.8
"error-driven, w=8",4,750,6015,0.75542,0.82
"error-driven, w=8",4,1000,6015,0.76215,0.79
"error-driven, w=8",4,1250,6015,0.75318,0.8
"error-driven, w=8",4,1500,6015,0.76365,0.836
"error-driven, w=8",4,1750,6015,0.75393,0.832
"error-driven, w=8",4,2000,6015,0.75617,0.812
"error-driven, w=8",4,2250,6015,0.75692,0.8
"error-driven, w=8",4,2500,6015,0.75692,0.784
"error-driven, w=8",4,2750,6015,0.74346,0.788
"error-driven, w=8",4,3000,6015,0.7472,0.81
"error-driven, w=8",4,3250,6015,0.74645,0.806
"error-driven, w=8",4,3500,6015,0.74271,0.816
"error-driven, w=8",4,3750,6015,0.73149,0.826
"error-driven, w=8",4,4000,6015,0.73298,0.798
"error-driven, w=8",4,4250,6015,0.73822,0.816
"error-driven, w=8",4,4500,6015,0.73373,0.84
"error-driven, w=8",4,4750,6015,0.73448,0.82
"error-driven, w=8",4,5000,6015,0.73672,0.8
"error-driven, w=8",4,5250,6015,0.73598,0.79
"error-driven, w=8",4,5500,6015,0.74495,0.792
"error-driven, w=8",4,5750,6015,0.74121,0.842
"error-driven, w=8",4,6000,6015,0.73897,0.844
"error-driven, w=8",4,6250,6015,0.73897,0.8
"error-driven, w=8",4,6500,6015,0.73972,0.806
"error-driven, w=8",4,6750,6015,0.73897,0.82
"error-driven, w=8",4,7000,6015,0.75093,0.81
"error-driven, w=8",4,7250,6015,0.74944,0.808
"error-driven, w=8",4,7500,6015,0.75542,0.82
"error-driven, w=8",4,7750,6015,0.75542,0.822
"error-driven, w=8",4,8000,6015,0.75168,0.83
"error-driven, w=8",4,8250,6015,0.77412,0.854
"error-driven, w=8",4,8500,6015,0.76963,0.858
"error-driven, w=8",4,8750,6015,0.77337,0.836
"error-driven, w=8",4,9000,6015,0.81675,0.822
"error-driven, w=8",4,9250,6015,0.82423,0.824
"error-driven, w=8",4,9500,6015,0.82872,0.842
"error-driven, w=8",4,9750,6015,0.82498,0.846
"error-driven, w=8",4,10000,6015,0.82648,0.862
"error-driven, w=8",4,10250,6015,0.83545,0.868
"error-driven, w=8",4,10500,6015,0.82648,0.868
"error-driven, w=8",4,10750,6015,0.82049,0.862
"error-driven, w=8",4,11000,6015,0.82723,0.818
"error-driven, w=8",4,11250,6015,0.81675,0.84
"error-driven, w=8",4,11500,6015,0.82423,0.87
"error-driven, w=8",4,11750,6015,0.81526,0.852
"error-driven, w=8",4,12000,6015,0.8377,0.864
"error-driven, w=8",4,12250,6015,0.83246,0.866
"error-driven, w=8",4,12500,6015,0.84667,0.868
"error-driven, w=8",4,12750,6015,0.82947,0.884
"error-driven, w=8",4,13000,6015,0.82723,0.878
"error-driven, w=8",4,13250,6015,0.83919,0.868
"error-driven, w=8",4,13500,6015,0.84293,0.854
"error-driven, w=8",4,13750,6015,0.82349,0.846
"error-driven, w=8",4,14000,6015,0.83096,0.858
"error-driven, w=8",4,14250,6015,0.81002,0.846
"error-driven, w=8",4,14500,6015,0.81825,0.832
"error-driven, w=8",4,14750,6015,0.82797,0.86
"error-driven, w=8",4,15000,6015,0.83844,0.886
"error-driven, w=8",4,15250,6015,0.83321,0.878
"error-driven, w=8",4,15500,6015,0.86013,0.868
"error-driven, w=8",4,15750,6015,0.81002,0.872
"error-driven, w=8",4,16000,6015,0.84817,0.874
"error-driven, w=8",4,16250,6015,0.81227,0.86
"error-driven, w=8",4,16500,6015,0.84966,0.838
"error-driven, w=8",4,16750,6015,0.84667,0.852
"error-driven, w=8",4,17000,6015,0.83545,0.864
"error-driven, w=8",4,17250,6015,0.819,0.87
"error-driven, w=8",4,17500,6015,0.79506,0.88
"error-driven, w=8",4,17750,6015,0.83919,0.872
"error-driven, w=8",4,18000,6015,0.84892,0.87
"error-driven, w=8",4,18250,6015,0.81002,0.862
"error-driven, w=8",4,18500,6015,0.77936,0.846
"error-driven, w=8",4,18750,6015,0.82498,0.856
"error-driven, w=8",4,19000,6015,0.87061,0.866
"error-driven, w=8",4,19250,6015,0.82723,0.868
"error-driven, w=8",4,19500,6015,0.84742,0.868
"error-driven, w=8",4,19750,6015,0.79581,0.866
"error-driven, w=8",4,20000,6015,0.81376,0.878
"error-driven, w=8",4,20250,6015,0.83545,0.882
"error-driven, w=8",4,20500,6015,0.81825,0.874
"error-driven, w=8",4,20750,6015,0.819,0.87
"error-driven, w=8",4,21000,6015,0.85639,0.878
"error-driven, w=8",4,21250,6015,0.85565,0.892
"error-driven, w=8",4,21500,6015,0.80105,0.886
"error-driven, w=8",4,21750,6015,0.86088,0.872
"error-driven, w=8",4,22000,6015,0.8018,0.868
"error-driven, w=8",4,22250,6015,0.82797,0.854
"error-driven, w=8",4,22500,6015,0.84518,0.85
"error-driven, w=8",4,22750,6015,0.84966,0.874
"error-driven, w=8",4,23000,6015,0.84667,0.888
"error-driven, w=8",4,23250,6015,0.85714,0.868
"error-driven, w=8",4,23500,6015,0.83096,0.844
"error-driven, w=8",4,23750,6015,0.84966,0.852
"error-driven, w=8",4,24000,6015,0.82124,0.864
"error-driven, w=4",4,250,6015,0.79656,0.756
"error-driven, w=4",4,500,6015,0.75767,0.802
"error-driven, w=4",4,750,6015,0.75019,0.836
"error-driven, w=4",4,1000,6015,0.78534,0.798
"error-driven, w=4",4,1250,6015,0.75767,0.792
"error-driven, w=4",4,1500,6015,0.76515,0.82
"error-driven, w=4",4,1750,6015,0.7831,0.822
"error-driven, w=4",4,2000,6015,0.78384,0.822
"error-driven, w=4",4,2250,6015,0.75393,0.808
"error-driven, w=4",4,2500,6015,0.727,0.776
"error-driven, w=4",4,2750,6015,0.74121,0.768
"error-driven, w=4",4,3000,6015,0.73074,0.808
"error-driven, w=4",4,3250,6015,0.72177,0.824
"error-driven, w=4",4,3500,6015,0.73149,0.814
"error-driven, w=4",4,3750,6015,0.74346,0.806
"error-driven, w=4",4,4000,6015,0.75019,0.782
"error-driven, w=4",4,4250,6015,0.73972,0.776
"error-driven, w=4",4,4500,6015,0.72027,0.784
"error-driven, w=4",4,4750,6015,0.74944,0.79
"error-driven, w=4",4,5000,6015,0.77487,0.806
"error-driven, w=4",4,5250,6015,0.74869,0.806
"error-driven, w=4",4,5500,6015,0.75617,0.794
"error-driven, w=4",4,5750,6015,0.73897,0.838
"error-driven, w=4",4,6000,6015,0.72251,0.84
"error-driven, w=4",4,6250,6015,0.79058,0.82
"error-driven, w=4",4,6500,6015,0.80853,0.852
"error-driven, w=4",4,6750,6015,0.82274,0.838
"error-driven, w=4",4,7000,6015,0.69484,0.79
"error-driven, w=4",4,7250,6015,0.70606,0.778
"error-driven, w=4",4,7500,6015,0.81526,0.796
"error-driven, w=4",4,7750,6015,0.71803,0.806
"error-driven, w=4",4,8000,6015,0.78684,0.798
"error-driven, w=4",4,8250,6015,0.79581,0.788
"error-driven, w=4",4,8500,6015,0.83022,0.78
"error-driven, w=4",4,8750,6015,0.77936,0.786
"error-driven, w=4",4,9000,6015,0.74121,0.784
"error-driven, w=4",4,9250,6015,0.727,0.792
"error-driven, w=4",4,9500,6015,0.79955,0.782
"error-driven, w=4",4,9750,6015,0.7816,0.782
"error-driven, w=4",4,10000,6015,0.70007,0.824
"error-driven, w=4",4,10250,6015,0.7816,0.828
"error-driven, w=4",4,10500,6015,0.66941,0.76
"error-driven, w=4",4,10750,6015,0.76215,0.706
"error-driven, w=4",4,11000,6015,0.66343,0.708
"error-driven, w=4",4,11250,6015,0.4727,0.67
"error-driven, w=4",4,11500,6015,0.5834,0.658
"error-driven, w=4",4,11750,6015,0.60957,0.666
"error-driven, w=4",4,12000,6015,0.72177,0.642
"error-driven, w=4",4,12250,6015,0.6724,0.636
"error-driven, w=4",4,12500,6015,0.53553,0.612
"error-driven, w=4",4,12750,6015,0.546,0.616
"error-driven, w=4",4,13000,6015,0.60808,0.598
"error-driven, w=4",4,13250,6015,0.52057,0.544
"error-driven, w=4",4,13500,6015,0.63575,0.526
"error-driven, w=4",4,13750,6015,0.46597,0.492
"error-driven, w=4",4,14000,6015,0.54675,0.5
"error-driven, w=4",4,14250,6015,0.42708,0.544
"error-driven, w=4",4,14500,6015,0.66193,0.578
"error-driven, w=4",4,14750,6015,0.75093,0.616
"error-driven, w=4",4,15000,6015,0.62977,0.638
"error-driven, w=4",4,15250,6015,0.73672,0.62
"error-driven, w=4",4,15500,6015,0.69783,0.604
"error-driven, w=4",4,15750,6015,0.68287,0.622
"error-driven, w=4",4,16000,6015,0.66866,0.624
"error-driven, w=4",4,16250,6015,0.40539,0.582
"error-driven, w=4",4,16500,6015,0.55123,0.554
"error-driven, w=4",4,16750,6015,0.6739,0.574
"error-driven, w=4",4,17000,6015,0.6193,0.59
"error-driven, w=4",4,17250,6015,0.61257,0.578
"error-driven, w=4",4,17500,6015,0.57292,0.596
"error-driven, w=4",4,17750,6015,0.35378,0.58
"error-driven, w=4",4,18000,6015,0.59985,0.586
"error-driven, w=4",4,18250,6015,0.57517,0.594
"error-driven, w=4",4,18500,6015,0.65295,0.58
"error-driven, w=4",4,18750,6015,0.63575,0.616
"error-driven, w=4",4,19000,6015,0.57966,0.586
"error-driven, w=4",4,19250,6015,0.60284,0.554
"error-driven, w=4",4,19500,6015,0.58115,0.554
"error-driven, w=4",4,19750,6015,0.365,0.584
"error-driven, w=4",4,20000,6015,0.65595,0.616
"error-driven, w=4",4,20250,6015,0.68886,0.588
"error-driven, w=4",4,20500,6015,0.42633,0.52
"error-driven, w=4",4,20750,6015,0.59611,0.524
"error-driven, w=4",4,21000,6015,0.62378,0.61
"error-driven, w=4",4,21250,6015,0.64847,0.624
"error-driven, w=4",4,21500,6015,0.74346,0.602
"error-driven, w=4",4,21750,6015,0.59237,0.646
"error-driven, w=4",4,22000,6015,0.64248,0.626
"error-driven, w=4",4,22250,6015,0.75318,0.598
"error-driven, w=4",4,22500,6015,0.70755,0.614
"error-driven, w=4",4,22750,6015,0.49364,0.652
"error-driven, w=4",4,23000,6015,0.70681,0.644
"error-driven, w=4",4,23250,6015,0.49289,0.562
"error-driven, w=4",4,23500,6015,0.74271,0.544
"error-driven, w=4",4,23750,6015,0.45251,0.552
"error-driven, w=4",4,24000,6015,0.5632,0.58
"error-driven, w=4, k=3",4,250,6015,0.77786,0.536
"error-driven, w=4, k=3",4,500,6015,0.76889,0.658
"error-driven, w=4, k=3",4,750,6015,0.78684,0.796
"error-driven, w=4, k=3",4,1000,6015,0.79432,0.804
"error-driven, w=4, k=3",4,1250,6015,0.78235,0.814
"error-driven, w=4, k=3",4,1500,6015,0.76066,0.832
"error-driven, w=4, k=3",4,1750,6015,0.7816,0.82
"error-driven, w=4, k=3",4,2000,6015,0.7816,0.814
"error-driven, w=4, k=3",4,2250,6015,0.77861,0.82
"error-driven, w=4, k=3",4,2500,6015,0.75467,0.806
"error-driven, w=4, k=3",4,2750,6015,0.77263,0.788
"error-driven, w=4, k=3",4,3000,6015,0.73897,0.804
"error-driven, w=4, k=3",4,3250,6015,0.75393,0.806
"error-driven, w=4, k=3",4,3500,6015,0.7457,0.818
"error-driven, w=4, k=3",4,3750,6015,0.74495,0.826
"error-driven, w=4, k=3",4,4000,6015,0.75841,0.796
"error-driven, w=4, k=3",4,4250,6015,0.75617,0.814
"error-driven, w=4, k=3",4,4500,6015,0.7644,0.832
"error-driven, w=4, k=3",4,4750,6015,0.75019,0.812
"error-driven, w=4, k=3",4,5000,6015,0.75916,0.814
"error-driven, w=4, k=3",4,5250,6015,0.75767,0.812
"error-driven, w=4, k=3",4,5500,6015,0.74121,0.798
"error-driven, w=4, k=3",4,5750,6015,0.7472,0.836
"error-driven, w=4, k=3",4,6000,6015,0.74495,0.842
"error-driven, w=4, k=3",4,6250,6015,0.73897,0.81
"error-driven, w=4, k=3",4,6500,6015,0.73897,0.812
"error-driven, w=4, k=3",4,6750,6015,0.80404,0.82
"error-driven, w=4, k=3",4,7000,6015,0.75991,0.812
"error-driven, w=4, k=3",4,7250,6015,0.72326,0.806
"error-driven, w=4, k=3",4,7500,6015,0.72775,0.824
"error-driven, w=4, k=3",4,7750,6015,0.77936,0.808
"error-driven, w=4, k=3",4,8000,6015,0.79432,0.806
"error-driven, w=4, k=3",4,8250,6015,0.79058,0.792
"error-driven, w=4, k=3",4,8500,6015,0.83171,0.764
"error-driven, w=4, k=3",4,8750,6015,0.82049,0.77
"error-driven, w=4, k=3",4,9000,6015,0.81376,0.774
"error-driven, w=4, k=3",4,9250,6015,0.81675,0.792
"error-driven, w=4, k=3",4,9500,6015,0.8018,0.802
"error-driven, w=4, k=3",4,9750,6015,0.75991,0.786
"error-driven, w=4, k=3",4,10000,6015,0.77711,0.79
"error-driven, w=4, k=3",4,10250,6015,0.71653,0.806
"error-driven, w=4, k=3",4,10500,6015,0.76141,0.796
"error-driven, w=4, k=3",4,10750,6015,0.75393,0.796
"error-driven, w=4, k=3",4,11000,6015,0.79581,0.79
"error-driven, w=4, k=3",4,11250,6015,0.57143,0.814
"error-driven, w=4, k=3",4,11500,6015,0.75916,0.824
"error-driven, w=4, k=3",4,11750,6015,0.81152,0.784
"error-driven, w=4, k=3",4,12000,6015,0.82199,0.8
"error-driven, w=4, k=3",4,12250,6015,0.72999,0.816
"error-driven, w=4, k=3",4,12500,6015,0.79432,0.808
"error-driven, w=4, k=3",4,12750,6015,0.79731,0.804
"error-driven, w=4, k=3",4,13000,6015,0.69708,0.79
"error-driven, w=4, k=3",4,13250,6015,0.69035,0.782
"error-driven, w=4, k=3",4,13500,6015,0.8003,0.784
"error-driven, w=4, k=3",4,13750,6015,0.75243,0.784
"error-driven, w=4, k=3",4,14000,6015,0.77038,0.792
"error-driven, w=4, k=3",4,14250,6015,0.66118,0.78
"error-driven, w=4, k=3",4,14500,6015,0.74495,0.758
"error-driven, w=4, k=3",4,14750,6015,0.7831,0.77
"error-driven, w=4, k=3",4,15000,6015,0.71129,0.806
"error-driven, w=4, k=3",4,15250,6015,0.76963,0.826
"error-driven, w=4, k=3",4,15500,6015,0.76664,0.81
"error-driven, w=4, k=3",4,15750,6015,0.75168,0.806
"error-driven, w=4, k=3",4,16000,6015,0.77711,0.774
"error-driven, w=4, k=3",4,16250,6015,0.64697,0.748
"error-driven, w=4, k=3",4,16500,6015,0.71279,0.766
"error-driven, w=4, k=3",4,16750,6015,0.7083,0.746
"error-driven, w=4, k=3",4,17000,6015,0.75542,0.728
"error-driven, w=4, k=3",4,17250,6015,0.71429,0.774
"error-driven, w=4, k=3",4,17500,6015,0.71055,0.824
"error-driven, w=4, k=3",4,17750,6015,0.69858,0.812
"error-driven, w=4, k=3",4,18000,6015,0.72102,0.778
"error-driven, w=4, k=3",4,18250,6015,0.74196,0.766
"error-driven, w=4, k=3",4,18500,6015,0.76215,0.778
"error-driven, w=4, k=3",4,18750,6015,0.77636,0.786
"error-driven, w=4, k=3",4,19000,6015,0.78908,0.782
"error-driven, w=4, k=3",4,19250,6015,0.727,0.788
"error-driven, w=4, k=3",4,19500,6015,0.70232,0.802
"error-driven, w=4, k=3",4,19750,6015,0.7801,0.804
"error-driven, w=4, k=3",4,20000,6015,0.80254,0.828
"error-driven, w=4, k=3",4,20250,6015,0.80853,0.832
"error-driven, w=4, k=3",4,20500,6015,0.76365,0.796
"error-driven, w=4, k=3",4,20750,6015,0.73972,0.83
"error-driven, w=4, k=3",4,21000,6015,0.81301,0.826
"error-driven, w=4, k=3",4,21250,6015,0.81975,0.808
"error-driven, w=4, k=3",4,21500,6015,0.82648,0.822
"error-driven, w=4, k=3",4,21750,6015,0.75168,0.792
"error-driven, w=4, k=3",4,22000,6015,0.82049,0.782
"error-driven, w=4, k=3",4,22250,6015,0.72401,0.796
"error-driven, w=4, k=3",4,22500,6015,0.80479,0.778
"error-driven, w=4, k=3",4,22750,6015,0.69559,0.79
"error-driven, w=4, k=3",4,23000,6015,0.77487,0.824
"error-driven, w=4, k=3",4,23250,6015,0.83994,0.818
"error-driven, w=4, k=3",4,23500,6015,0.70157,0.828
"error-driven, w=4, k=3",4,23750,6015,0.69409,0.83
"error-driven, w=4, k=3",4,24000,6015,0.69185,0.82
"error-driven, w=3, k=3",4,250,6015,0.78235,0.536
"error-driven, w=3, k=3",4,500,6015,0.76141,0.656
"error-driven, w=3, k=3",4,750,6015,0.78758,0.786
"error-driven, w=3, k=3",4,1000,6015,0.79432,0.804
"error-driven, w=3, k=3",4,1250,6015,0.77786,0.822
"error-driven, w=3, k=3",4,1500,6015,0.72027,0.832
"error-driven, w=3, k=3",4,1750,6015,0.75841,0.824
"error-driven, w=3, k=3",4,2000,6015,0.75991,0.794
"error-driven, w=3, k=3",4,2250,6015,0.72251,0.776
"error-driven, w=3, k=3",4,2500,6015,0.73373,0.782
"error-driven, w=3, k=3",4,2750,6015,0.7457,0.768
"error-driven, w=3, k=3",4,3000,6015,0.7472,0.784
"error-driven, w=3, k=3",4,3250,6015,0.73747,0.79
"error-driven, w=3, k=3",4,3500,6015,0.7442,0.808
"error-driven, w=3, k=3",4,3750,6015,0.73972,0.828
"error-driven, w=3, k=3",4,4000,6015,0.74869,0.804
"error-driven, w=3, k=3",4,4250,6015,0.75916,0.804
"error-driven, w=3, k=3",4,4500,6015,0.75318,0.816
"error-driven, w=3, k=3",4,4750,6015,0.75692,0.826
"error-driven, w=3, k=3",4,5000,6015,0.77562,0.812
"error-driven, w=3, k=3",4,5250,6015,0.77263,0.786
"error-driven, w=3, k=3",4,5500,6015,0.76664,0.766
"error-driven, w=3, k=3",4,5750,6015,0.74271,0.808
"error-driven, w=3, k=3",4,6000,6015,0.74794,0.828
"error-driven, w=3, k=3",4,6250,6015,0.74794,0.804
"error-driven, w=3, k=3",4,6500,6015,0.72102,0.77
"error-driven, w=3, k=3",4,6750,6015,0.59536,0.736
"error-driven, w=3, k=3",4,7000,6015,0.72177,0.716
"error-driven, w=3, k=3",4,7250,6015,0.71204,0.712
"error-driven, w=3, k=3",4,7500,6015,0.6724,0.724
"error-driven, w=3, k=3",4,7750,6015,0.77861,0.672
"error-driven, w=3, k=3",4,8000,6015,0.74346,0.656
"error-driven, w=3, k=3",4,8250,6015,0.64473,0.684
"error-driven, w=3, k=3",4,8500,6015,0.64174,0.692
"error-driven, w=3, k=3",4,8750,6015,0.66717,0.706
"error-driven, w=3, k=3",4,9000,6015,0.6896,0.722
"error-driven, w=3, k=3",4,9250,6015,0.70905,0.702
"error-driven, w=3, k=3",4,9500,6015,0.635,0.65
"error-driven, w=3, k=3",4,9750,6015,0.74869,0.668
"error-driven, w=3, k=3",4,10000,6015,0.69858,0.698
"error-driven, w=3, k=3",4,10250,6015,0.65669,0.706
"error-driven, w=3, k=3",4,10500,6015,0.6193,0.722
"error-driven, w=3, k=3",4,10750,6015,0.74271,0.708
"error-driven, w=3, k=3",4,11000,6015,0.70755,0.664
"error-driven, w=3, k=3",4,11250,6015,0.52281,0.67
"error-driven, w=3, k=3",4,11500,6015,0.7285,0.72
"error-driven, w=3, k=3",4,11750,6015,0.61107,0.722
"error-driven, w=3, k=3",4,12000,6015,0.62304,0.686
"error-driven, w=3, k=3",4,12250,6015,0.6537,0.686
"error-driven, w=3, k=3",4,12500,6015,0.54974,0.722
"error-driven, w=3, k=3",4,12750,6015,0.71728,0.732
"error-driven, w=3, k=3",4,13000,6015,0.59761,0.722
"error-driven, w=3, k=3",4,13250,6015,0.59088,0.696
"error-driven, w=3, k=3",4,13500,6015,0.73448,0.684
"error-driven, w=3, k=3",4,13750,6015,0.59985,0.666
"error-driven, w=3, k=3",4,14000,6015,0.62752,0.656
"error-driven, w=3, k=3",4,14250,6015,0.71204,0.672
"error-driven, w=3, k=3",4,14500,6015,0.72326,0.672
"error-driven, w=3, k=3",4,14750,6015,0.77861,0.67
"error-driven, w=3, k=3",4,15000,6015,0.74196,0.692
"error-driven, w=3, k=3",4,15250,6015,0.70681,0.726
"error-driven, w=3, k=3",4,15500,6015,0.71354,0.734
"error-driven, w=3, k=3",4,15750,6015,0.69185,0.73
"error-driven, w=3, k=3",4,16000,6015,0.75767,0.724
"error-driven, w=3, k=3",4,16250,6015,0.59835,0.708
"error-driven, w=3, k=3",4,16500,6015,0.65221,0.724
"error-driven, w=3, k=3",4,16750,6015,0.75393,0.716
"error-driven, w=3, k=3",4,17000,6015,0.67165,0.716
"error-driven, w=3, k=3",4,17250,6015,0.69409,0.696
"error-driven, w=3, k=3",4,17500,6015,0.57666,0.682
"error-driven, w=3, k=3",4,17750,6015,0.6537,0.706
"error-driven, w=3, k=3",4,18000,6015,0.7285,0.714
"error-driven, w=3, k=3",4,18250,6015,0.56395,0.706
"error-driven, w=3, k=3",4,18500,6015,0.8003,0.68
"error-driven, w=3, k=3",4,18750,6015,0.75243,0.722
"error-driven, w=3, k=3",4,19000,6015,0.77487,0.728
"error-driven, w=3, k=3",4,19250,6015,0.79432,0.694
"error-driven, w=3, k=3",4,19500,6015,0.67764,0.678
"error-driven, w=3, k=3",4,19750,6015,0.74869,0.69
"error-driven, w=3, k=3",4,20000,6015,0.76141,0.736
"error-driven, w=3, k=3",4,20250,6015,0.64772,0.708
"error-driven, w=3, k=3",4,20500,6015,0.7098,0.672
"error-driven, w=3, k=3",4,20750,6015,0.61107,0.71
"error-driven, w=3, k=3",4,21000,6015,0.69334,0.71
"error-driven, w=3, k=3",4,21250,6015,0.69858,0.704
"error-driven, w=3, k=3",4,21500,6015,0.66343,0.726
"error-driven, w=3, k=3",4,21750,6015,0.61705,0.706
"error-driven, w=3, k=3",4,22000,6015,0.78609,0.696
"error-driven, w=3, k=3",4,22250,6015,0.69858,0.716
"error-driven, w=3, k=3",4,22500,6015,0.65819,0.732
"error-driven, w=3, k=3",4,22750,6015,0.67838,0.75
"error-driven, w=3, k=3",4,23000,6015,0.75617,0.732
"error-driven, w=3, k=3",4,23250,6015,0.75019,0.716
"error-driven, w=3, k=3",4,23500,6015,0.73822,0.714
"error-driven, w=3, k=3",4,23750,6015,0.66791,0.686
"error-driven, w=3, k=3",4,24000,6015,0.59686,0.668
"error-driven, w=2, k=4",4,250,6015,0.48392,0.372
"error-driven, w=2, k=4",4,500,6015,0.73523,0.526
"error-driven, w=2, k=4",4,750,6015,0.74046,0.694
"error-driven, w=2, k=4",4,1000,6015,0.7285,0.696
"error-driven, w=2, k=4",4,1250,6015,0.78833,0.736
"error-driven, w=2, k=4",4,1500,6015,0.7629,0.778
"error-driven, w=2, k=4",4,1750,6015,0.74121,0.768
"error-driven, w=2, k=4",4,2000,6015,0.78459,0.774
"error-driven, w=2, k=4",4,2250,6015,0.74645,0.744
"error-driven, w=2, k=4",4,2500,6015,0.71653,0.734
"error-driven, w=2, k=4",4,2750,6015,0.78833,0.722
"error-driven, w=2, k=4",4,3000,6015,0.72924,0.742
"error-driven, w=2, k=4",4,3250,6015,0.71952,0.772
"error-driven, w=2, k=4",4,3500,6015,0.72177,0.768
"error-driven, w=2, k=4",4,3750,6015,0.6896,0.766
"error-driven, w=2, k=4",4,4000,6015,0.67838,0.73
"error-driven, w=2, k=4",4,4250,6015,0.75243,0.74
"error-driven, w=2, k=4",4,4500,6015,0.74346,0.766
"error-driven, w=2, k=4",4,4750,6015,0.74869,0.78
"error-driven, w=2, k=4",4,5000,6015,0.74869,0.752
"error-driven, w=2, k=4",4,5250,6015,0.7285,0.712
"error-driven, w=2, k=4",4,5500,6015,0.72326,0.73
"error-driven, w=2, k=4",4,5750,6015,0.73523,0.75
"error-driven, w=2, k=4",4,6000,6015,0.72027,0.732
"error-driven, w=2, k=4",4,6250,6015,0.54076,0.686
"error-driven, w=2, k=4",4,6500,6015,0.67016,0.654
"error-driven, w=2, k=4",4,6750,6015,0.6178,0.634
"error-driven, w=2, k=4",4,7000,6015,0.67315,0.608
"error-driven, w=2, k=4",4,7250,6015,0.53628,0.604
"error-driven, w=2, k=4",4,7500,6015,0.43605,0.604
"error-driven, w=2, k=4",4,7750,6015,0.59611,0.578
"error-driven, w=2, k=4",4,8000,6015,0.58265,0.566
"error-driven, w=2, k=4",4,8250,6015,0.62154,0.584
"error-driven, w=2, k=4",4,8500,6015,0.60284,0.612
"error-driven, w=2, k=4",4,8750,6015,0.63351,0.638
"error-driven, w=2, k=4",4,9000,6015,0.67016,0.612
"error-driven, w=2, k=4",4,9250,6015,0.61631,0.594
"error-driven, w=2, k=4",4,9500,6015,0.61855,0.568
"error-driven, w=2, k=4",4,9750,6015,0.68138,0.552
"error-driven, w=2, k=4",4,10000,6015,0.63575,0.634
"error-driven, w=2, k=4",4,10250,6015,0.60209,0.676
"error-driven, w=2, k=4",4,10500,6015,0.64248,0.594
"error-driven, w=2, k=4",4,10750,6015,0.62453,0.574
"error-driven, w=2, k=4",4,11000,6015,0.64847,0.592
"error-driven, w=2, k=4",4,11250,6015,0.48168,0.584
"error-driven, w=2, k=4",4,11500,6015,0.54675,0.61
"error-driven, w=2, k=4",4,11750,6015,0.57741,0.638
"error-driven, w=2, k=4",4,12000,6015,0.68212,0.656
"error-driven, w=2, k=4",4,12250,6015,0.61481,0.634
"error-driven, w=2, k=4",4,12500,6015,0.61406,0.642
"error-driven, w=2, k=4",4,12750,6015,0.66043,0.62
"error-driven, w=2, k=4",4,13000,6015,0.49364,0.572
"error-driven, w=2, k=4",4,13250,6015,0.51982,0.55
"error-driven, w=2, k=4",4,13500,6015,0.65445,0.57
"error-driven, w=2, k=4",4,13750,6015,0.57966,0.596
"error-driven, w=2, k=4",4,14000,6015,0.638,0.59
"error-driven, w=2, k=4",4,14250,6015,0.57741,0.604
"error-driven, w=2, k=4",4,14500,6015,0.60135,0.588
"error-driven, w=2, k=4",4,14750,6015,0.57666,0.59
"error-driven, w=2, k=4",4,15000,6015,0.66642,0.66
"error-driven, w=2, k=4",4,15250,6015,0.62752,0.666
"error-driven, w=2, k=4",4,15500,6015,0.63351,0.644
"error-driven, w=2, k=4",4,15750,6015,0.65445,0.628
"error-driven, w=2, k=4",4,16000,6015,0.55123,0.57
"error-driven, w=2, k=4",4,16250,6015,0.55871,0.576
"error-driven, w=2, k=4",4,16500,6015,0.62378,0.576
"error-driven, w=2, k=4",4,16750,6015,0.62528,0.602
"error-driven, w=2, k=4",4,17000,6015,0.62229,0.63
"error-driven, w=2, k=4",4,17250,6015,0.546,0.58
"error-driven, w=2, k=4",4,17500,6015,0.57741,0.564
"error-driven, w=2, k=4",4,17750,6015,0.59162,0.588
"error-driven, w=2, k=4",4,18000,6015,0.5086,0.622
"error-driven, w=2, k=4",4,18250,6015,0.60209,0.588
"error-driven, w=2, k=4",4,18500,6015,0.61556,0.548
"error-driven, w=2, k=4",4,18750,6015,0.60658,0.576
"error-driven, w=2, k=4",4,19000,6015,0.64099,0.588
"error-driven, w=2, k=4",4,19250,6015,0.64398,0.602
"error-driven, w=2, k=4",4,19500,6015,0.50636,0.608
"error-driven, w=2, k=4",4,19750,6015,0.60658,0.604
"error-driven, w=2, k=4",4,20000,6015,0.49738,0.634
"error-driven, w=2, k=4",4,20250,6015,0.53179,0.614
"error-driven, w=2, k=4",4,20500,6015,0.51085,0.58
"error-driven, w=2, k=4",4,20750,6015,0.37248,0.558
"error-driven, w=2, k=4",4,21000,6015,0.65894,0.556
"error-driven, w=2, k=4",4,21250,6015,0.60434,0.618
"error-driven, w=2, k=4",4,21500,6015,0.53179,0.63
"error-driven, w=2, k=4",4,21750,6015,0.53104,0.618
"error-driven, w=2, k=4",4,22000,6015,0.64772,0.596
"error-driven, w=2, k=4",4,22250,6015,0.56096,0.57
"error-driven, w=2, k=4",4,22500,6015,0.55423,0.564
"error-driven, w=2, k=4",4,22750,6015,0.46148,0.584
"error-driven, w=2, k=4",4,23000,6015,0.68586,0.608
"error-driven, w=2, k=4",4,23250,6015,0.51234,0.608
"error-driven, w=2, k=4",4,23500,6015,0.64024,0.582
"error-driven, w=2, k=4",4,23750,6015,0.54974,0.532
"error-driven, w=2, k=4",4,24000,6015,0.64248,0.546
