exp,D,recipe,mode,w,k,train_sim,eval_sim,seed,val_acc
E1,512,"bundle-all, w=16",bundle,16,0,exact,exact,0,0.727
E1,512,"bundle-all, w=16",bundle,16,0,exact,trunc(1),0,0.55348
E1,512,"bundle-all, w=16",bundle,16,0,exact,trunc(2),0,0.24533
E1,512,"bundle-all, w=16",bundle,16,0,exact,trunc(3),0,0.19222
E1,512,"bundle-all, w=16",bundle,16,0,exact,satcomp(3),0,0.727
E1,512,"bundle-all, w=16",bundle,16,0,exact,satcomp(2),0,0.727
E1,512,"bundle-all, w=16",bundle,16,0,exact,satcomp(1),0,0.74346
E1,512,"bundle-all, w=16",bundle,16,0,exact,sampled(6),0,0.70381
E1,512,"bundle-all, w=16",bundle,16,0,exact,sampled(4),0,0.66866
E1,512,"bundle-all, w=16",bundle,16,0,exact,sampled(3),0,0.69559
E1,512,"bundle-all, w=16",bundle,16,0,exact,sampled(2),0,0.65146
E1,256,"bundle-all, w=16",bundle,16,0,exact,exact,0,0.66866
E1,256,"bundle-all, w=16",bundle,16,0,exact,trunc(1),0,0.49514
E1,256,"bundle-all, w=16",bundle,16,0,exact,trunc(2),0,0.24383
E1,256,"bundle-all, w=16",bundle,16,0,exact,trunc(3),0,0.19222
E1,256,"bundle-all, w=16",bundle,16,0,exact,satcomp(3),0,0.66866
E1,256,"bundle-all, w=16",bundle,16,0,exact,satcomp(2),0,0.66642
E1,256,"bundle-all, w=16",bundle,16,0,exact,satcomp(1),0,0.68287
E1,256,"bundle-all, w=16",bundle,16,0,exact,sampled(6),0,0.69559
E1,256,"bundle-all, w=16",bundle,16,0,exact,sampled(4),0,0.65146
E1,256,"bundle-all, w=16",bundle,16,0,exact,sampled(3),0,0.67988
E1,256,"bundle-all, w=16",bundle,16,0,exact,sampled(2),0,0.6537
E1,1024,"bundle-all, w=16",bundle,16,0,exact,exact,0,0.73074
E1,1024,"bundle-all, w=16",bundle,16,0,exact,trunc(1),0,0.61481
E1,1024,"bundle-all, w=16",bundle,16,0,exact,trunc(2),0,0.24981
E1,1024,"bundle-all, w=16",bundle,16,0,exact,trunc(3),0,0.19222
E1,1024,"bundle-all, w=16",bundle,16,0,exact,satcomp(3),0,0.73074
E1,1024,"bundle-all, w=16",bundle,16,0,exact,satcomp(2),0,0.73074
E1,1024,"bundle-all, w=16",bundle,16,0,exact,satcomp(1),0,0.74046
E1,1024,"bundle-all, w=16",bundle,16,0,exact,sampled(6),0,0.71952
E1,1024,"bundle-all, w=16",bundle,16,0,exact,sampled(4),0,0.727
E1,1024,"bundle-all, w=16",bundle,16,0,exact,sampled(3),0,0.70381
E1,1024,"bundle-all, w=16",bundle,16,0,exact,sampled(2),0,0.66866
E1,1024,"error-driven, w=16",error,16,0,exact,exact,0,0.85415
E1,1024,"error-driven, w=16",error,16,0,exact,trunc(1),0,0.66417
E1,1024,"error-driven, w=16",error,16,0,exact,trunc(2),0,0.24907
E1,1024,"error-driven, w=16",error,16,0,exact,trunc(3),0,0.19222
E1,1024,"error-driven, w=16",error,16,0,exact,satcomp(3),0,0.85415
E1,1024,"error-driven, w=16",error,16,0,exact,satcomp(2),0,0.8549
E1,1024,"error-driven, w=16",error,16,0,exact,satcomp(1),0,0.81975
E1,1024,"error-driven, w=16",error,16,0,exact,sampled(6),0,0.83994
E1,1024,"error-driven, w=16",error,16,0,exact,sampled(4),0,0.80778
E1,1024,"error-driven, w=16",error,16,0,exact,sampled(3),0,0.78235
E1,1024,"error-driven, w=16",error,16,0,exact,sampled(2),0,0.727
E1,2048,"bundle-all, w=16",bundle,16,0,exact,exact,0,0.77786
E1,2048,"bundle-all, w=16",bundle,16,0,exact,trunc(1),0,0.65595
E1,2048,"bundle-all, w=16",bundle,16,0,exact,trunc(2),0,0.27749
E1,2048,"bundle-all, w=16",bundle,16,0,exact,trunc(3),0,0.19222
E1,2048,"bundle-all, w=16",bundle,16,0,exact,satcomp(3),0,0.77786
E1,2048,"bundle-all, w=16",bundle,16,0,exact,satcomp(2),0,0.77786
E1,2048,"bundle-all, w=16",bundle,16,0,exact,satcomp(1),0,0.77936
E1,2048,"bundle-all, w=16",bundle,16,0,exact,sampled(6),0,0.75467
E1,2048,"bundle-all, w=16",bundle,16,0,exact,sampled(4),0,0.73074
E1,2048,"bundle-all, w=16",bundle,16,0,exact,sampled(3),0,0.71952
E1,2048,"bundle-all, w=16",bundle,16,0,exact,sampled(2),0,0.727
E1,512,"error-driven, w=8",error,8,0,exact,exact,0,0.79581
E1,512,"error-driven, w=8",error,8,0,exact,trunc(1),0,0.6365
E1,512,"error-driven, w=8",error,8,0,exact,trunc(2),0,0.3074
E1,512,"error-driven, w=8",error,8,0,exact,trunc(3),0,0.19222
E1,512,"error-driven, w=8",error,8,0,exact,satcomp(3),0,0.79581
E1,512,"error-driven, w=8",error,8,0,exact,satcomp(2),0,0.79656
E1,512,"error-driven, w=8",error,8,0,exact,satcomp(1),0,0.7285
E1,512,"error-driven, w=8",error,8,0,exact,sampled(6),0,0.73448
E1,512,"error-driven, w=8",error,8,0,exact,sampled(4),0,0.76589
E1,512,"error-driven, w=8",error,8,0,exact,sampled(3),0,0.73224
E1,512,"error-driven, w=8",error,8,0,exact,sampled(2),0,0.69708
E1,512,"error-driven, w=16",error,16,0,exact,exact,0,0.8003
E1,512,"error-driven, w=16",error,16,0,exact,trunc(1),0,0.61705
E1,512,"error-driven, w=16",error,16,0,exact,trunc(2),0,0.24458
E1,512,"error-driven, w=16",error,16,0,exact,trunc(3),0,0.19222
E1,512,"error-driven, w=16",error,16,0,exact,satcomp(3),0,0.8003
E1,512,"error-driven, w=16",error,16,0,exact,satcomp(2),0,0.8003
E1,512,"error-driven, w=16",error,16,0,exact,satcomp(1),0,0.76066
E1,512,"error-driven, w=16",error,16,0,exact,sampled(6),0,0.77636
E1,512,"error-driven, w=16",error,16,0,exact,sampled(4),0,0.70007
E1,512,"error-driven, w=16",error,16,0,exact,sampled(3),0,0.68661
E1,512,"error-driven, w=16",error,16,0,exact,sampled(2),0,0.70456
E1,1024,"error-driven, w=8",error,8,0,exact,exact,0,0.84817
E1,1024,"error-driven, w=8",error,8,0,exact,trunc(1),0,0.70157
E1,1024,"error-driven, w=8",error,8,0,exact,trunc(2),0,0.25654
E1,1024,"error-driven, w=8",error,8,0,exact,trunc(3),0,0.19222
E1,1024,"error-driven, w=8",error,8,0,exact,satcomp(3),0,0.84817
E1,1024,"error-driven, w=8",error,8,0,exact,satcomp(2),0,0.84742
E1,1024,"error-driven, w=8",error,8,0,exact,satcomp(1),0,0.81152
E1,1024,"error-driven, w=8",error,8,0,exact,sampled(6),0,0.79806
E1,1024,"error-driven, w=8",error,8,0,exact,sampled(4),0,0.73373
E1,1024,"error-driven, w=8",error,8,0,exact,sampled(3),0,0.7098
E1,1024,"error-driven, w=8",error,8,0,exact,sampled(2),0,0.67016
E1,256,"error-driven, w=16",error,16,0,exact,exact,0,0.69783
E1,256,"error-driven, w=16",error,16,0,exact,trunc(1),0,0.54001
E1,256,"error-driven, w=16",error,16,0,exact,trunc(2),0,0.24308
E1,256,"error-driven, w=16",error,16,0,exact,trunc(3),0,0.19222
E1,256,"error-driven, w=16",error,16,0,exact,satcomp(3),0,0.69783
E1,256,"error-driven, w=16",error,16,0,exact,satcomp(2),0,0.69783
E1,256,"error-driven, w=16",error,16,0,exact,satcomp(1),0,0.67838
E1,256,"error-driven, w=16",error,16,0,exact,sampled(6),0,0.71129
E1,256,"error-driven, w=16",error,16,0,exact,sampled(4),0,0.56545
E1,256,"error-driven, w=16",error,16,0,exact,sampled(3),0,0.58564
E1,256,"error-driven, w=16",error,16,0,exact,sampled(2),0,0.54525
E1,256,"error-driven, w=8",error,8,0,exact,exact,0,0.65221
E1,256,"error-driven, w=8",error,8,0,exact,trunc(1),0,0.49888
E1,256,"error-driven, w=8",error,8,0,exact,trunc(2),0,0.19297
E1,256,"error-driven, w=8",error,8,0,exact,trunc(3),0,0.19222
E1,256,"error-driven, w=8",error,8,0,exact,satcomp(3),0,0.65221
E1,256,"error-driven, w=8",error,8,0,exact,satcomp(2),0,0.65071
E1,256,"error-driven, w=8",error,8,0,exact,satcomp(1),0,0.62528
E1,256,"error-driven, w=8",error,8,0,exact,sampled(6),0,0.5819
E1,256,"error-driven, w=8",error,8,0,exact,sampled(4),0,0.52356
E1,256,"error-driven, w=8",error,8,0,exact,sampled(3),0,0.51982
E1,256,"error-driven, w=8",error,8,0,exact,sampled(2),0,0.44353
E1,1024,"error-driven, w=4",error,4,0,exact,exact,0,0.41885
E1,1024,"error-driven, w=4",error,4,0,exact,trunc(1),0,0.42408
E1,1024,"error-driven, w=4",error,4,0,exact,trunc(2),0,0.39716
E1,1024,"error-driven, w=4",error,4,0,exact,trunc(3),0,0.19222
E1,1024,"error-driven, w=4",error,4,0,exact,satcomp(3),0,0.41885
E1,1024,"error-driven, w=4",error,4,0,exact,satcomp(2),0,0.41885
E1,1024,"error-driven, w=4",error,4,0,exact,satcomp(1),0,0.40763
E1,1024,"error-driven, w=4",error,4,0,exact,sampled(6),0,0.4196
E1,1024,"error-driven, w=4",error,4,0,exact,sampled(4),0,0.43156
E1,1024,"error-driven, w=4",error,4,0,exact,sampled(3),0,0.42558
E1,1024,"error-driven, w=4",error,4,0,exact,sampled(2),0,0.43605
E1,256,"error-driven, w=4",error,4,0,exact,exact,0,0.44428
E1,256,"error-driven, w=4",error,4,0,exact,trunc(1),0,0.44802
E1,256,"error-driven, w=4",error,4,0,exact,trunc(2),0,0.33732
E1,256,"error-driven, w=4",error,4,0,exact,trunc(3),0,0.19222
E1,256,"error-driven, w=4",error,4,0,exact,satcomp(3),0,0.44428
E1,256,"error-driven, w=4",error,4,0,exact,satcomp(2),0,0.44278
E1,256,"error-driven, w=4",error,4,0,exact,satcomp(1),0,0.40763
E1,256,"error-driven, w=4",error,4,0,exact,sampled(6),0,0.44652
E1,256,"error-driven, w=4",error,4,0,exact,sampled(4),0,0.44353
E1,256,"error-driven, w=4",error,4,0,exact,sampled(3),0,0.42558
E1,256,"error-driven, w=4",error,4,0,exact,sampled(2),0,0.38669
E1,2048,"error-driven, w=8",error,8,0,exact,exact,0,0.88556
E1,2048,"error-driven, w=8",error,8,0,exact,trunc(1),0,0.77337
E1,2048,"error-driven, w=8",error,8,0,exact,trunc(2),0,0.27674
E1,2048,"error-driven, w=8",error,8,0,exact,trunc(3),0,0.19222
E1,2048,"error-driven, w=8",error,8,0,exact,satcomp(3),0,0.88556
E1,2048,"error-driven, w=8",error,8,0,exact,satcomp(2),0,0.88407
E1,2048,"error-driven, w=8",error,8,0,exact,satcomp(1),0,0.86687
E1,2048,"error-driven, w=8",error,8,0,exact,sampled(6),0,0.86687
E1,2048,"error-driven, w=8",error,8,0,exact,sampled(4),0,0.77562
E1,2048,"error-driven, w=8",error,8,0,exact,sampled(3),0,0.72775
E1,2048,"error-driven, w=8",error,8,0,exact,sampled(2),0,0.69858
E1,512,"error-driven, w=4",error,4,0,exact,exact,0,0.59761
E1,512,"error-driven, w=4",error,4,0,exact,trunc(1),0,0.60658
E1,512,"error-driven, w=4",error,4,0,exact,trunc(2),0,0.33508
E1,512,"error-driven, w=4",error,4,0,exact,trunc(3),0,0.19222
E1,512,"error-driven, w=4",error,4,0,exact,satcomp(3),0,0.59761
E1,512,"error-driven, w=4",error,4,0,exact,satcomp(2),0,0.59611
E1,512,"error-driven, w=4",error,4,0,exact,satcomp(1),0,0.62304
E1,512,"error-driven, w=4",error,4,0,exact,sampled(6),0,0.58564
E1,512,"error-driven, w=4",error,4,0,exact,sampled(4),0,0.58863
E1,512,"error-driven, w=4",error,4,0,exact,sampled(3),0,0.59536
E1,512,"error-driven, w=4",error,4,0,exact,sampled(2),0,0.53927
E1,4096,"bundle-all, w=16",bundle,16,0,exact,exact,0,0.80404
E1,4096,"bundle-all, w=16",bundle,16,0,exact,trunc(1),0,0.73074
E1,4096,"bundle-all, w=16",bundle,16,0,exact,trunc(2),0,0.42932
E1,4096,"bundle-all, w=16",bundle,16,0,exact,trunc(3),0,0.19222
E1,4096,"bundle-all, w=16",bundle,16,0,exact,satcomp(3),0,0.80404
E1,4096,"bundle-all, w=16",bundle,16,0,exact,satcomp(2),0,0.80404
E1,4096,"bundle-all, w=16",bundle,16,0,exact,satcomp(1),0,0.79581
E1,4096,"bundle-all, w=16",bundle,16,0,exact,sampled(6),0,0.79282
E1,4096,"bundle-all, w=16",bundle,16,0,exact,sampled(4),0,0.77786
E1,4096,"bundle-all, w=16",bundle,16,0,exact,sampled(3),0,0.75467
E1,4096,"bundle-all, w=16",bundle,16,0,exact,sampled(2),0,0.73074
E1,2048,"error-driven, w=16",error,16,0,exact,exact,0,0.87435
E1,2048,"error-driven, w=16",error,16,0,exact,trunc(1),0,0.71503
E1,2048,"error-driven, w=16",error,16,0,exact,trunc(2),0,0.27001
E1,2048,"error-driven, w=16",error,16,0,exact,trunc(3),0,0.19222
E1,2048,"error-driven, w=16",error,16,0,exact,satcomp(3),0,0.87435
E1,2048,"error-driven, w=16",error,16,0,exact,satcomp(2),0,0.87435
E1,2048,"error-driven, w=16",error,16,0,exact,satcomp(1),0,0.86761
E1,2048,"error-driven, w=16",error,16,0,exact,sampled(6),0,0.84966
E1,2048,"error-driven, w=16",error,16,0,exact,sampled(4),0,0.81152
E1,2048,"error-driven, w=16",error,16,0,exact,sampled(3),0,0.77786
E1,2048,"error-driven, w=16",error,16,0,exact,sampled(2),0,0.75019
E1,1024,"error-driven, w=4, stochastic k=3",error,4,3,exact,exact,0,0.77786
E1,1024,"error-driven, w=4, stochastic k=3",error,4,3,exact,trunc(1),0,0.73897
E1,1024,"error-driven, w=4, stochastic k=3",error,4,3,exact,trunc(2),0,0.68811
E1,1024,"error-driven, w=4, stochastic k=3",error,4,3,exact,trunc(3),0,0.1997
E1,1024,"error-driven, w=4, stochastic k=3",error,4,3,exact,satcomp(3),0,0.77337
E1,1024,"error-driven, w=4, stochastic k=3",error,4,3,exact,satcomp(2),0,0.5445
E1,1024,"error-driven, w=4, stochastic k=3",error,4,3,exact,satcomp(1),0,0.20045
E1,1024,"error-driven, w=4, stochastic k=3",error,4,3,exact,sampled(6),0,0.64248
E1,1024,"error-driven, w=4, stochastic k=3",error,4,3,exact,sampled(4),0,0.53777
E1,1024,"error-driven, w=4, stochastic k=3",error,4,3,exact,sampled(3),0,0.51832
E1,1024,"error-driven, w=4, stochastic k=3",error,4,3,exact,sampled(2),0,0.47046
E2,512,"error-driven, w=8",error,8,0,trunc(2),trunc(2),0,0.39267
E1,4096,"error-driven, w=16",error,16,0,exact,exact,0,0.86462
E1,4096,"error-driven, w=16",error,16,0,exact,trunc(1),0,0.78085
E1,4096,"error-driven, w=16",error,16,0,exact,trunc(2),0,0.4196
E1,4096,"error-driven, w=16",error,16,0,exact,trunc(3),0,0.19222
E1,4096,"error-driven, w=16",error,16,0,exact,satcomp(3),0,0.86462
E1,4096,"error-driven, w=16",error,16,0,exact,satcomp(2),0,0.86462
E1,4096,"error-driven, w=16",error,16,0,exact,satcomp(1),0,0.85639
E1,4096,"error-driven, w=16",error,16,0,exact,sampled(6),0,0.84817
E1,4096,"error-driven, w=16",error,16,0,exact,sampled(4),0,0.83321
E1,4096,"error-driven, w=16",error,16,0,exact,sampled(3),0,0.81526
E1,4096,"error-driven, w=16",error,16,0,exact,sampled(2),0,0.77263
E2,512,"error-driven, w=8",error,8,0,satcomp(3),satcomp(3),0,0.79581
E1,2048,"error-driven, w=4",error,4,0,exact,exact,0,0.42109
E1,2048,"error-driven, w=4",error,4,0,exact,trunc(1),0,0.41586
E1,2048,"error-driven, w=4",error,4,0,exact,trunc(2),0,0.39865
E1,2048,"error-driven, w=4",error,4,0,exact,trunc(3),0,0.19222
E1,2048,"error-driven, w=4",error,4,0,exact,satcomp(3),0,0.42109
E1,2048,"error-driven, w=4",error,4,0,exact,satcomp(2),0,0.42408
E1,2048,"error-driven, w=4",error,4,0,exact,satcomp(1),0,0.53702
E1,2048,"error-driven, w=4",error,4,0,exact,sampled(6),0,0.44203
E1,2048,"error-driven, w=4",error,4,0,exact,sampled(4),0,0.4368
E1,2048,"error-driven, w=4",error,4,0,exact,sampled(3),0,0.42259
E1,2048,"error-driven, w=4",error,4,0,exact,sampled(2),0,0.42782
E1,4096,"error-driven, w=8",error,8,0,exact,exact,0,0.86986
E1,4096,"error-driven, w=8",error,8,0,exact,trunc(1),0,0.79506
E1,4096,"error-driven, w=8",error,8,0,exact,trunc(2),0,0.43306
E1,4096,"error-driven, w=8",error,8,0,exact,trunc(3),0,0.19222
E1,4096,"error-driven, w=8",error,8,0,exact,satcomp(3),0,0.86986
E1,4096,"error-driven, w=8",error,8,0,exact,satcomp(2),0,0.86986
E1,4096,"error-driven, w=8",error,8,0,exact,satcomp(1),0,0.86013
E1,4096,"error-driven, w=8",error,8,0,exact,sampled(6),0,0.79656
E1,4096,"error-driven, w=8",error,8,0,exact,sampled(4),0,0.81601
E1,4096,"error-driven, w=8",error,8,0,exact,sampled(3),0,0.71803
E1,4096,"error-driven, w=8",error,8,0,exact,sampled(2),0,0.74495
E2,512,"error-driven, w=8",error,8,0,trunc(1),trunc(1),0,0.77636
E2,512,"error-driven, w=8",error,8,0,satcomp(1),satcomp(1),0,0.78684
E1,4096,"error-driven, w=4",error,4,0,exact,exact,0,0.55871
E1,4096,"error-driven, w=4",error,4,0,exact,trunc(1),0,0.55722
E1,4096,"error-driven, w=4",error,4,0,exact,trunc(2),0,0.39043
E1,4096,"error-driven, w=4",error,4,0,exact,trunc(3),0,0.19222
E1,4096,"error-driven, w=4",error,4,0,exact,satcomp(3),0,0.55871
E1,4096,"error-driven, w=4",error,4,0,exact,satcomp(2),0,0.5632
E1,4096,"error-driven, w=4",error,4,0,exact,satcomp(1),0,0.57442
E1,4096,"error-driven, w=4",error,4,0,exact,sampled(6),0,0.56096
E1,4096,"error-driven, w=4",error,4,0,exact,sampled(4),0,0.5632
E1,4096,"error-driven, w=4",error,4,0,exact,sampled(3),0,0.57741
E1,4096,"error-driven, w=4",error,4,0,exact,sampled(2),0,0.58564
E2,512,"error-driven, w=8",error,8,0,satcomp(2),satcomp(2),0,0.83321
E2,512,"error-driven, w=8",error,8,0,trunc(3),trunc(3),0,0.36724
E2,512,"error-driven, w=8",error,8,0,sampled(6),sampled(6),0,0.82872
E2,512,"error-driven, w=8",error,8,0,sampled(4),sampled(4),0,0.65221
E2,512,"error-driven, w=8",error,8,0,sampled(3),sampled(3),0,0.70606
E1,256,"error-driven, w=4, stochastic k=3",error,4,3,exact,exact,0,0.66717
E1,256,"error-driven, w=4, stochastic k=3",error,4,3,exact,trunc(1),0,0.67091
E1,256,"error-driven, w=4, stochastic k=3",error,4,3,exact,trunc(2),0,0.49663
E1,256,"error-driven, w=4, stochastic k=3",error,4,3,exact,trunc(3),0,0.19222
E1,256,"error-driven, w=4, stochastic k=3",error,4,3,exact,satcomp(3),0,0.66717
E1,256,"error-driven, w=4, stochastic k=3",error,4,3,exact,satcomp(2),0,0.51085
E1,256,"error-driven, w=4, stochastic k=3",error,4,3,exact,satcomp(1),0,0.3448
E1,256,"error-driven, w=4, stochastic k=3",error,4,3,exact,sampled(6),0,0.53403
E1,256,"error-driven, w=4, stochastic k=3",error,4,3,exact,sampled(4),0,0.49514
E1,256,"error-driven, w=4, stochastic k=3",error,4,3,exact,sampled(3),0,0.362
E1,256,"error-driven, w=4, stochastic k=3",error,4,3,exact,sampled(2),0,0.37622
E2,512,"error-driven, w=8",error,8,0,sampled(2),sampled(2),0,0.67539
E2,1024,"error-driven, w=8",error,8,0,trunc(1),trunc(1),0,0.73747
E2,1024,"error-driven, w=8",error,8,0,sampled(4),sampled(4),0,0.79581
E2,1024,"error-driven, w=8",error,8,0,trunc(3),trunc(3),0,0.50785
E1,512,"error-driven, w=4, stochastic k=3",error,4,3,exact,exact,0,0.76739
E1,512,"error-driven, w=4, stochastic k=3",error,4,3,exact,trunc(1),0,0.74645
E1,512,"error-driven, w=4, stochastic k=3",error,4,3,exact,trunc(2),0,0.70307
E1,512,"error-driven, w=4, stochastic k=3",error,4,3,exact,trunc(3),0,0.19222
E1,512,"error-driven, w=4, stochastic k=3",error,4,3,exact,satcomp(3),0,0.76515
E1,512,"error-driven, w=4, stochastic k=3",error,4,3,exact,satcomp(2),0,0.50187
E1,512,"error-driven, w=4, stochastic k=3",error,4,3,exact,satcomp(1),0,0.24308
E1,512,"error-driven, w=4, stochastic k=3",error,4,3,exact,sampled(6),0,0.63874
E1,512,"error-driven, w=4, stochastic k=3",error,4,3,exact,sampled(4),0,0.5445
E1,512,"error-driven, w=4, stochastic k=3",error,4,3,exact,sampled(3),0,0.40464
E1,512,"error-driven, w=4, stochastic k=3",error,4,3,exact,sampled(2),0,0.4368
E1,2048,"error-driven, w=4, stochastic k=3",error,4,3,exact,exact,0,0.83844
E1,2048,"error-driven, w=4, stochastic k=3",error,4,3,exact,trunc(1),0,0.81152
E1,2048,"error-driven, w=4, stochastic k=3",error,4,3,exact,trunc(2),0,0.74046
E1,2048,"error-driven, w=4, stochastic k=3",error,4,3,exact,trunc(3),0,0.21616
E1,2048,"error-driven, w=4, stochastic k=3",error,4,3,exact,satcomp(3),0,0.83994
E1,2048,"error-driven, w=4, stochastic k=3",error,4,3,exact,satcomp(2),0,0.74869
E1,2048,"error-driven, w=4, stochastic k=3",error,4,3,exact,satcomp(1),0,0.31264
E1,2048,"error-driven, w=4, stochastic k=3",error,4,3,exact,sampled(6),0,0.67988
E1,2048,"error-driven, w=4, stochastic k=3",error,4,3,exact,sampled(4),0,0.58938
E1,2048,"error-driven, w=4, stochastic k=3",error,4,3,exact,sampled(3),0,0.51683
E1,2048,"error-driven, w=4, stochastic k=3",error,4,3,exact,sampled(2),0,0.57292
E2,1024,"error-driven, w=8",error,8,0,satcomp(3),satcomp(3),0,0.84817
E2,1024,"error-driven, w=8",error,8,0,sampled(2),sampled(2),0,0.65221
E2,1024,"error-driven, w=8",error,8,0,satcomp(2),satcomp(2),0,0.86238
E2,1024,"error-driven, w=8",error,8,0,sampled(3),sampled(3),0,0.82872
E2,1024,"error-driven, w=8",error,8,0,sampled(6),sampled(6),0,0.8362
E2,1024,"error-driven, w=8",error,8,0,satcomp(1),satcomp(1),0,0.80404
E2,1024,"error-driven, w=8",error,8,0,trunc(2),trunc(2),0,0.4368
E1,4096,"error-driven, w=4, stochastic k=3",error,4,3,exact,exact,0,0.7988
E1,4096,"error-driven, w=4, stochastic k=3",error,4,3,exact,trunc(1),0,0.77636
E1,4096,"error-driven, w=4, stochastic k=3",error,4,3,exact,trunc(2),0,0.79506
E1,4096,"error-driven, w=4, stochastic k=3",error,4,3,exact,trunc(3),0,0.13313
E1,4096,"error-driven, w=4, stochastic k=3",error,4,3,exact,satcomp(3),0,0.79955
E1,4096,"error-driven, w=4, stochastic k=3",error,4,3,exact,satcomp(2),0,0.81825
E1,4096,"error-driven, w=4, stochastic k=3",error,4,3,exact,satcomp(1),0,0.53553
E1,4096,"error-driven, w=4, stochastic k=3",error,4,3,exact,sampled(6),0,0.74869
E1,4096,"error-driven, w=4, stochastic k=3",error,4,3,exact,sampled(4),0,0.69634
E1,4096,"error-driven, w=4, stochastic k=3",error,4,3,exact,sampled(3),0,0.59985
E1,4096,"error-driven, w=4, stochastic k=3",error,4,3,exact,sampled(2),0,0.61556
E2,2048,"error-driven, w=8",error,8,0,sampled(4),sampled(4),0,0.84817
E3,1024,"bundle-all, w=8",bundle,8,0,exact,exact,0,0.73074
E2,2048,"error-driven, w=8",error,8,0,satcomp(3),satcomp(3),0,0.88556
E2,2048,"error-driven, w=8",error,8,0,trunc(1),trunc(1),0,0.81675
E2,2048,"error-driven, w=8",error,8,0,satcomp(1),satcomp(1),0,0.84966
E2,2048,"error-driven, w=8",error,8,0,sampled(2),sampled(2),0,0.79581
E2,2048,"error-driven, w=8",error,8,0,trunc(3),trunc(3),0,0.5258
E1,256,"bundle-all, w=16",bundle,16,0,exact,exact,1,0.66941
E1,256,"bundle-all, w=16",bundle,16,0,exact,trunc(1),1,0.49514
E1,256,"bundle-all, w=16",bundle,16,0,exact,trunc(2),1,0.20045
E1,256,"bundle-all, w=16",bundle,16,0,exact,trunc(3),1,0.19222
E1,256,"bundle-all, w=16",bundle,16,0,exact,satcomp(3),1,0.66941
E1,256,"bundle-all, w=16",bundle,16,0,exact,satcomp(2),1,0.66717
E1,256,"bundle-all, w=16",bundle,16,0,exact,satcomp(1),1,0.64921
E1,256,"bundle-all, w=16",bundle,16,0,exact,sampled(6),1,0.64248
E1,256,"bundle-all, w=16",bundle,16,0,exact,sampled(4),1,0.45774
E1,256,"bundle-all, w=16",bundle,16,0,exact,sampled(3),1,0.46896
E1,256,"bundle-all, w=16",bundle,16,0,exact,sampled(2),1,0.47719
E2,2048,"error-driven, w=8",error,8,0,satcomp(2),satcomp(2),0,0.88631
E2,2048,"error-driven, w=8",error,8,0,sampled(6),sampled(6),0,0.87135
E2,2048,"error-driven, w=8",error,8,0,sampled(3),sampled(3),0,0.8362
E1,512,"bundle-all, w=16",bundle,16,0,exact,exact,1,0.76215
E1,512,"bundle-all, w=16",bundle,16,0,exact,trunc(1),1,0.55348
E1,512,"bundle-all, w=16",bundle,16,0,exact,trunc(2),1,0.26253
E1,512,"bundle-all, w=16",bundle,16,0,exact,trunc(3),1,0.19222
E1,512,"bundle-all, w=16",bundle,16,0,exact,satcomp(3),1,0.76215
E1,512,"bundle-all, w=16",bundle,16,0,exact,satcomp(2),1,0.76141
E1,512,"bundle-all, w=16",bundle,16,0,exact,satcomp(1),1,0.72177
E1,512,"bundle-all, w=16",bundle,16,0,exact,sampled(6),1,0.72027
E1,512,"bundle-all, w=16",bundle,16,0,exact,sampled(4),1,0.66941
E1,512,"bundle-all, w=16",bundle,16,0,exact,sampled(3),1,0.64248
E1,512,"bundle-all, w=16",bundle,16,0,exact,sampled(2),1,0.45774
E1,256,"error-driven, w=8",error,8,0,exact,exact,1,0.76963
E1,256,"error-driven, w=8",error,8,0,exact,trunc(1),1,0.66118
E1,256,"error-driven, w=8",error,8,0,exact,trunc(2),1,0.1997
E1,256,"error-driven, w=8",error,8,0,exact,trunc(3),1,0.19222
E1,256,"error-driven, w=8",error,8,0,exact,satcomp(3),1,0.76963
E1,256,"error-driven, w=8",error,8,0,exact,satcomp(2),1,0.76963
E1,256,"error-driven, w=8",error,8,0,exact,satcomp(1),1,0.69933
E1,256,"error-driven, w=8",error,8,0,exact,sampled(6),1,0.6365
E1,256,"error-driven, w=8",error,8,0,exact,sampled(4),1,0.48841
E1,256,"error-driven, w=8",error,8,0,exact,sampled(3),1,0.46447
E1,256,"error-driven, w=8",error,8,0,exact,sampled(2),1,0.47494
E2,2048,"error-driven, w=8",error,8,0,trunc(2),trunc(2),0,0.48542
E3,1024,"error-driven, w=8",error,8,0,exact,exact,0,0.84817
E1,1024,"bundle-all, w=16",bundle,16,0,exact,exact,1,0.77188
E1,1024,"bundle-all, w=16",bundle,16,0,exact,trunc(1),1,0.60434
E1,1024,"bundle-all, w=16",bundle,16,0,exact,trunc(2),1,0.26028
E1,1024,"bundle-all, w=16",bundle,16,0,exact,trunc(3),1,0.19222
E1,1024,"bundle-all, w=16",bundle,16,0,exact,satcomp(3),1,0.77188
E1,1024,"bundle-all, w=16",bundle,16,0,exact,satcomp(2),1,0.77188
E1,1024,"bundle-all, w=16",bundle,16,0,exact,satcomp(1),1,0.75318
E1,1024,"bundle-all, w=16",bundle,16,0,exact,sampled(6),1,0.77412
E1,1024,"bundle-all, w=16",bundle,16,0,exact,sampled(4),1,0.76215
E1,1024,"bundle-all, w=16",bundle,16,0,exact,sampled(3),1,0.72027
E1,1024,"bundle-all, w=16",bundle,16,0,exact,sampled(2),1,0.66941
E1,256,"error-driven, w=16",error,16,0,exact,exact,1,0.6911
E1,256,"error-driven, w=16",error,16,0,exact,trunc(1),1,0.54749
E1,256,"error-driven, w=16",error,16,0,exact,trunc(2),1,0.19297
E1,256,"error-driven, w=16",error,16,0,exact,trunc(3),1,0.19222
E1,256,"error-driven, w=16",error,16,0,exact,satcomp(3),1,0.6911
E1,256,"error-driven, w=16",error,16,0,exact,satcomp(2),1,0.69035
E1,256,"error-driven, w=16",error,16,0,exact,satcomp(1),1,0.63201
E1,256,"error-driven, w=16",error,16,0,exact,sampled(6),1,0.57966
E1,256,"error-driven, w=16",error,16,0,exact,sampled(4),1,0.51309
E1,256,"error-driven, w=16",error,16,0,exact,sampled(3),1,0.52655
E1,256,"error-driven, w=16",error,16,0,exact,sampled(2),1,0.51982
E1,256,"error-driven, w=4",error,4,0,exact,exact,1,0.46672
E1,256,"error-driven, w=4",error,4,0,exact,trunc(1),1,0.45699
E1,256,"error-driven, w=4",error,4,0,exact,trunc(2),1,0.33807
E1,256,"error-driven, w=4",error,4,0,exact,trunc(3),1,0.19222
E1,256,"error-driven, w=4",error,4,0,exact,satcomp(3),1,0.46672
E1,256,"error-driven, w=4",error,4,0,exact,satcomp(2),1,0.50411
E1,256,"error-driven, w=4",error,4,0,exact,satcomp(1),1,0.45699
E1,256,"error-driven, w=4",error,4,0,exact,sampled(6),1,0.46821
E1,256,"error-driven, w=4",error,4,0,exact,sampled(4),1,0.40838
E1,256,"error-driven, w=4",error,4,0,exact,sampled(3),1,0.47644
E1,256,"error-driven, w=4",error,4,0,exact,sampled(2),1,0.5804
E1,512,"error-driven, w=16",error,16,0,exact,exact,1,0.75991
E1,512,"error-driven, w=16",error,16,0,exact,trunc(1),1,0.58639
E1,512,"error-driven, w=16",error,16,0,exact,trunc(2),1,0.2528
E1,512,"error-driven, w=16",error,16,0,exact,trunc(3),1,0.19222
E1,512,"error-driven, w=16",error,16,0,exact,satcomp(3),1,0.75991
E1,512,"error-driven, w=16",error,16,0,exact,satcomp(2),1,0.76066
E1,512,"error-driven, w=16",error,16,0,exact,satcomp(1),1,0.71578
E1,512,"error-driven, w=16",error,16,0,exact,sampled(6),1,0.62453
E1,512,"error-driven, w=16",error,16,0,exact,sampled(4),1,0.64547
E1,512,"error-driven, w=16",error,16,0,exact,sampled(3),1,0.52954
E1,512,"error-driven, w=16",error,16,0,exact,sampled(2),1,0.48168
E1,512,"error-driven, w=8",error,8,0,exact,exact,1,0.78459
E1,512,"error-driven, w=8",error,8,0,exact,trunc(1),1,0.62603
E1,512,"error-driven, w=8",error,8,0,exact,trunc(2),1,0.19671
E1,512,"error-driven, w=8",error,8,0,exact,trunc(3),1,0.19222
E1,512,"error-driven, w=8",error,8,0,exact,satcomp(3),1,0.78459
E1,512,"error-driven, w=8",error,8,0,exact,satcomp(2),1,0.7831
E1,512,"error-driven, w=8",error,8,0,exact,satcomp(1),1,0.727
E1,512,"error-driven, w=8",error,8,0,exact,sampled(6),1,0.72625
E1,512,"error-driven, w=8",error,8,0,exact,sampled(4),1,0.69858
E1,512,"error-driven, w=8",error,8,0,exact,sampled(3),1,0.67614
E1,512,"error-driven, w=8",error,8,0,exact,sampled(2),1,0.49364
E3,1024,"error-driven, w=4",error,4,0,exact,exact,0,0.41885
E1,512,"error-driven, w=4",error,4,0,exact,exact,1,0.35602
E1,512,"error-driven, w=4",error,4,0,exact,trunc(1),1,0.35527
E1,512,"error-driven, w=4",error,4,0,exact,trunc(2),1,0.2902
E1,512,"error-driven, w=4",error,4,0,exact,trunc(3),1,0.19222
E1,512,"error-driven, w=4",error,4,0,exact,satcomp(3),1,0.35602
E1,512,"error-driven, w=4",error,4,0,exact,satcomp(2),1,0.37846
E1,512,"error-driven, w=4",error,4,0,exact,satcomp(1),1,0.41212
E1,512,"error-driven, w=4",error,4,0,exact,sampled(6),1,0.32012
E1,512,"error-driven, w=4",error,4,0,exact,sampled(4),1,0.29245
E1,512,"error-driven, w=4",error,4,0,exact,sampled(3),1,0.27674
E1,512,"error-driven, w=4",error,4,0,exact,sampled(2),1,0.3261
E1,2048,"bundle-all, w=16",bundle,16,0,exact,exact,1,0.77337
E1,2048,"bundle-all, w=16",bundle,16,0,exact,trunc(1),1,0.62154
E1,2048,"bundle-all, w=16",bundle,16,0,exact,trunc(2),1,0.36275
E1,2048,"bundle-all, w=16",bundle,16,0,exact,trunc(3),1,0.19222
E1,2048,"bundle-all, w=16",bundle,16,0,exact,satcomp(3),1,0.77337
E1,2048,"bundle-all, w=16",bundle,16,0,exact,satcomp(2),1,0.77337
E1,2048,"bundle-all, w=16",bundle,16,0,exact,satcomp(1),1,0.77487
E1,2048,"bundle-all, w=16",bundle,16,0,exact,sampled(6),1,0.7831
E1,2048,"bundle-all, w=16",bundle,16,0,exact,sampled(4),1,0.77188
E1,2048,"bundle-all, w=16",bundle,16,0,exact,sampled(3),1,0.77412
E1,2048,"bundle-all, w=16",bundle,16,0,exact,sampled(2),1,0.76215
E1,1024,"error-driven, w=16",error,16,0,exact,exact,1,0.81825
E1,1024,"error-driven, w=16",error,16,0,exact,trunc(1),1,0.66343
E1,1024,"error-driven, w=16",error,16,0,exact,trunc(2),1,0.25505
E1,1024,"error-driven, w=16",error,16,0,exact,trunc(3),1,0.19222
E1,1024,"error-driven, w=16",error,16,0,exact,satcomp(3),1,0.81825
E1,1024,"error-driven, w=16",error,16,0,exact,satcomp(2),1,0.82049
E1,1024,"error-driven, w=16",error,16,0,exact,satcomp(1),1,0.78384
E1,1024,"error-driven, w=16",error,16,0,exact,sampled(6),1,0.81301
E1,1024,"error-driven, w=16",error,16,0,exact,sampled(4),1,0.70905
E1,1024,"error-driven, w=16",error,16,0,exact,sampled(3),1,0.68287
E1,1024,"error-driven, w=16",error,16,0,exact,sampled(2),1,0.59013
E1,1024,"error-driven, w=8",error,8,0,exact,exact,1,0.85714
E1,1024,"error-driven, w=8",error,8,0,exact,trunc(1),1,0.65669
E1,1024,"error-driven, w=8",error,8,0,exact,trunc(2),1,0.19746
E1,1024,"error-driven, w=8",error,8,0,exact,trunc(3),1,0.19222
E1,1024,"error-driven, w=8",error,8,0,exact,satcomp(3),1,0.85714
E1,1024,"error-driven, w=8",error,8,0,exact,satcomp(2),1,0.85789
E1,1024,"error-driven, w=8",error,8,0,exact,satcomp(1),1,0.82723
E1,1024,"error-driven, w=8",error,8,0,exact,sampled(6),1,0.84518
E1,1024,"error-driven, w=8",error,8,0,exact,sampled(4),1,0.76814
E1,1024,"error-driven, w=8",error,8,0,exact,sampled(3),1,0.6896
E1,1024,"error-driven, w=8",error,8,0,exact,sampled(2),1,0.68736
E1,4096,"bundle-all, w=16",bundle,16,0,exact,exact,1,0.7801
E1,4096,"bundle-all, w=16",bundle,16,0,exact,trunc(1),1,0.65669
E1,4096,"bundle-all, w=16",bundle,16,0,exact,trunc(2),1,0.37472
E1,4096,"bundle-all, w=16",bundle,16,0,exact,trunc(3),1,0.19222
E1,4096,"bundle-all, w=16",bundle,16,0,exact,satcomp(3),1,0.7801
E1,4096,"bundle-all, w=16",bundle,16,0,exact,satcomp(2),1,0.7801
E1,4096,"bundle-all, w=16",bundle,16,0,exact,satcomp(1),1,0.78459
E1,4096,"bundle-all, w=16",bundle,16,0,exact,sampled(6),1,0.77711
E1,4096,"bundle-all, w=16",bundle,16,0,exact,sampled(4),1,0.77337
E1,4096,"bundle-all, w=16",bundle,16,0,exact,sampled(3),1,0.7831
E1,4096,"bundle-all, w=16",bundle,16,0,exact,sampled(2),1,0.77188
E1,2048,"error-driven, w=16",error,16,0,exact,exact,1,0.84817
E1,2048,"error-driven, w=16",error,16,0,exact,trunc(1),1,0.69409
E1,2048,"error-driven, w=16",error,16,0,exact,trunc(2),1,0.35976
E1,2048,"error-driven, w=16",error,16,0,exact,trunc(3),1,0.19222
E1,2048,"error-driven, w=16",error,16,0,exact,satcomp(3),1,0.84817
E1,2048,"error-driven, w=16",error,16,0,exact,satcomp(2),1,0.84892
E1,2048,"error-driven, w=16",error,16,0,exact,satcomp(1),1,0.82872
E1,2048,"error-driven, w=16",error,16,0,exact,sampled(6),1,0.83545
E1,2048,"error-driven, w=16",error,16,0,exact,sampled(4),1,0.82349
E1,2048,"error-driven, w=16",error,16,0,exact,sampled(3),1,0.83171
E1,2048,"error-driven, w=16",error,16,0,exact,sampled(2),1,0.80404
E1,2048,"error-driven, w=8",error,8,0,exact,exact,1,0.86687
E1,2048,"error-driven, w=8",error,8,0,exact,trunc(1),1,0.69783
E1,2048,"error-driven, w=8",error,8,0,exact,trunc(2),1,0.3448
E1,2048,"error-driven, w=8",error,8,0,exact,trunc(3),1,0.19222
E1,2048,"error-driven, w=8",error,8,0,exact,satcomp(3),1,0.86687
E1,2048,"error-driven, w=8",error,8,0,exact,satcomp(2),1,0.86687
E1,2048,"error-driven, w=8",error,8,0,exact,satcomp(1),1,0.82423
E1,2048,"error-driven, w=8",error,8,0,exact,sampled(6),1,0.86761
E1,2048,"error-driven, w=8",error,8,0,exact,sampled(4),1,0.82049
E1,2048,"error-driven, w=8",error,8,0,exact,sampled(3),1,0.8018
E1,2048,"error-driven, w=8",error,8,0,exact,sampled(2),1,0.79357
E1,1024,"error-driven, w=4",error,4,0,exact,exact,1,0.31339
E1,1024,"error-driven, w=4",error,4,0,exact,trunc(1),1,0.29544
E1,1024,"error-driven, w=4",error,4,0,exact,trunc(2),1,0.25056
E1,1024,"error-driven, w=4",error,4,0,exact,trunc(3),1,0.19222
E1,1024,"error-driven, w=4",error,4,0,exact,satcomp(3),1,0.31339
E1,1024,"error-driven, w=4",error,4,0,exact,satcomp(2),1,0.31862
E1,1024,"error-driven, w=4",error,4,0,exact,satcomp(1),1,0.35453
E1,1024,"error-driven, w=4",error,4,0,exact,sampled(6),1,0.33283
E1,1024,"error-driven, w=4",error,4,0,exact,sampled(4),1,0.32536
E1,1024,"error-driven, w=4",error,4,0,exact,sampled(3),1,0.29469
E1,1024,"error-driven, w=4",error,4,0,exact,sampled(2),1,0.28871
E3,1024,"error-driven, w=3, k=3",error,3,3,exact,exact,0,0.62977
E1,2048,"error-driven, w=4",error,4,0,exact,exact,1,0.61182
E1,2048,"error-driven, w=4",error,4,0,exact,trunc(1),1,0.60434
E1,2048,"error-driven, w=4",error,4,0,exact,trunc(2),1,0.24084
E1,2048,"error-driven, w=4",error,4,0,exact,trunc(3),1,0.19222
E1,2048,"error-driven, w=4",error,4,0,exact,satcomp(3),1,0.61182
E1,2048,"error-driven, w=4",error,4,0,exact,satcomp(2),1,0.64323
E1,2048,"error-driven, w=4",error,4,0,exact,satcomp(1),1,0.50935
E1,2048,"error-driven, w=4",error,4,0,exact,sampled(6),1,0.65669
E1,2048,"error-driven, w=4",error,4,0,exact,sampled(4),1,0.62902
E1,2048,"error-driven, w=4",error,4,0,exact,sampled(3),1,0.59013
E1,2048,"error-driven, w=4",error,4,0,exact,sampled(2),1,0.58414
E3,1024,"error-driven, w=4, k=3",error,4,3,exact,exact,0,0.77786
E1,4096,"error-driven, w=4",error,4,0,exact,exact,1,0.63575
E1,4096,"error-driven, w=4",error,4,0,exact,trunc(1),1,0.60209
E1,4096,"error-driven, w=4",error,4,0,exact,trunc(2),1,0.3994
E1,4096,"error-driven, w=4",error,4,0,exact,trunc(3),1,0.19222
E1,4096,"error-driven, w=4",error,4,0,exact,satcomp(3),1,0.63575
E1,4096,"error-driven, w=4",error,4,0,exact,satcomp(2),1,0.66043
E1,4096,"error-driven, w=4",error,4,0,exact,satcomp(1),1,0.67614
E1,4096,"error-driven, w=4",error,4,0,exact,sampled(6),1,0.62528
E1,4096,"error-driven, w=4",error,4,0,exact,sampled(4),1,0.57292
E1,4096,"error-driven, w=4",error,4,0,exact,sampled(3),1,0.66343
E1,4096,"error-driven, w=4",error,4,0,exact,sampled(2),1,0.66492
E1,4096,"error-driven, w=16",error,16,0,exact,exact,1,0.85714
E1,4096,"error-driven, w=16",error,16,0,exact,trunc(1),1,0.7442
E1,4096,"error-driven, w=16",error,16,0,exact,trunc(2),1,0.36874
E1,4096,"error-driven, w=16",error,16,0,exact,trunc(3),1,0.19222
E1,4096,"error-driven, w=16",error,16,0,exact,satcomp(3),1,0.85714
E1,4096,"error-driven, w=16",error,16,0,exact,satcomp(2),1,0.85714
E1,4096,"error-driven, w=16",error,16,0,exact,satcomp(1),1,0.84069
E1,4096,"error-driven, w=16",error,16,0,exact,sampled(6),1,0.85415
E1,4096,"error-driven, w=16",error,16,0,exact,sampled(4),1,0.84817
E1,4096,"error-driven, w=16",error,16,0,exact,sampled(3),1,0.83844
E1,4096,"error-driven, w=16",error,16,0,exact,sampled(2),1,0.82349
E1,4096,"error-driven, w=8",error,8,0,exact,exact,1,0.85714
E1,4096,"error-driven, w=8",error,8,0,exact,trunc(1),1,0.74121
E1,4096,"error-driven, w=8",error,8,0,exact,trunc(2),1,0.37322
E1,4096,"error-driven, w=8",error,8,0,exact,trunc(3),1,0.19222
E1,4096,"error-driven, w=8",error,8,0,exact,satcomp(3),1,0.85714
E1,4096,"error-driven, w=8",error,8,0,exact,satcomp(2),1,0.85714
E1,4096,"error-driven, w=8",error,8,0,exact,satcomp(1),1,0.84592
E1,4096,"error-driven, w=8",error,8,0,exact,sampled(6),1,0.8549
E1,4096,"error-driven, w=8",error,8,0,exact,sampled(4),1,0.80628
E1,4096,"error-driven, w=8",error,8,0,exact,sampled(3),1,0.78833
E1,4096,"error-driven, w=8",error,8,0,exact,sampled(2),1,0.74121
E2,512,"error-driven, w=8",error,8,0,satcomp(2),satcomp(2),1,0.80553
E2,512,"error-driven, w=8",error,8,0,satcomp(1),satcomp(1),1,0.7629
E1,256,"error-driven, w=4, stochastic k=3",error,4,3,exact,exact,1,0.70606
E1,256,"error-driven, w=4, stochastic k=3",error,4,3,exact,trunc(1),1,0.59162
E1,256,"error-driven, w=4, stochastic k=3",error,4,3,exact,trunc(2),1,0.55497
E1,256,"error-driven, w=4, stochastic k=3",error,4,3,exact,trunc(3),1,0.19447
E1,256,"error-driven, w=4, stochastic k=3",error,4,3,exact,satcomp(3),1,0.69185
E1,256,"error-driven, w=4, stochastic k=3",error,4,3,exact,satcomp(2),1,0.52431
E1,256,"error-driven, w=4, stochastic k=3",error,4,3,exact,satcomp(1),1,0.19671
E1,256,"error-driven, w=4, stochastic k=3",error,4,3,exact,sampled(6),1,0.39865
E1,256,"error-driven, w=4, stochastic k=3",error,4,3,exact,sampled(4),1,0.43007
E1,256,"error-driven, w=4, stochastic k=3",error,4,3,exact,sampled(3),1,0.38295
E1,256,"error-driven, w=4, stochastic k=3",error,4,3,exact,sampled(2),1,0.2184
E1,512,"error-driven, w=4, stochastic k=3",error,4,3,exact,exact,1,0.70456
E1,512,"error-driven, w=4, stochastic k=3",error,4,3,exact,trunc(1),1,0.57143
E1,512,"error-driven, w=4, stochastic k=3",error,4,3,exact,trunc(2),1,0.46372
E1,512,"error-driven, w=4, stochastic k=3",error,4,3,exact,trunc(3),1,0.19372
E1,512,"error-driven, w=4, stochastic k=3",error,4,3,exact,satcomp(3),1,0.71279
E1,512,"error-driven, w=4, stochastic k=3",error,4,3,exact,satcomp(2),1,0.49663
E1,512,"error-driven, w=4, stochastic k=3",error,4,3,exact,satcomp(1),1,0.16978
E1,512,"error-driven, w=4, stochastic k=3",error,4,3,exact,sampled(6),1,0.44054
E1,512,"error-driven, w=4, stochastic k=3",error,4,3,exact,sampled(4),1,0.30516
E1,512,"error-driven, w=4, stochastic k=3",error,4,3,exact,sampled(3),1,0.35453
E1,512,"error-driven, w=4, stochastic k=3",error,4,3,exact,sampled(2),1,0.3448
E2,512,"error-driven, w=8",error,8,0,trunc(1),trunc(1),1,0.75542
E2,512,"error-driven, w=8",error,8,0,trunc(3),trunc(3),1,0.36574
E2,512,"error-driven, w=8",error,8,0,satcomp(3),satcomp(3),1,0.78459
E2,512,"error-driven, w=8",error,8,0,sampled(2),sampled(2),1,0.66717
E2,1024,"error-driven, w=8",error,8,0,trunc(1),trunc(1),1,0.819
E2,512,"error-driven, w=8",error,8,0,sampled(6),sampled(6),1,0.75841
E2,512,"error-driven, w=8",error,8,0,sampled(3),sampled(3),1,0.70007
E2,512,"error-driven, w=8",error,8,0,trunc(2),trunc(2),1,0.35901
E2,512,"error-driven, w=8",error,8,0,sampled(4),sampled(4),1,0.76963
E1,2048,"error-driven, w=4, stochastic k=3",error,4,3,exact,exact,1,0.81152
E1,2048,"error-driven, w=4, stochastic k=3",error,4,3,exact,trunc(1),1,0.81675
E1,2048,"error-driven, w=4, stochastic k=3",error,4,3,exact,trunc(2),1,0.71578
E1,2048,"error-driven, w=4, stochastic k=3",error,4,3,exact,trunc(3),1,0.15183
E1,2048,"error-driven, w=4, stochastic k=3",error,4,3,exact,satcomp(3),1,0.81451
E1,2048,"error-driven, w=4, stochastic k=3",error,4,3,exact,satcomp(2),1,0.64473
E1,2048,"error-driven, w=4, stochastic k=3",error,4,3,exact,satcomp(1),1,0.32386
E1,2048,"error-driven, w=4, stochastic k=3",error,4,3,exact,sampled(6),1,0.75243
E1,2048,"error-driven, w=4, stochastic k=3",error,4,3,exact,sampled(4),1,0.58863
E1,2048,"error-driven, w=4, stochastic k=3",error,4,3,exact,sampled(3),1,0.4899
E1,2048,"error-driven, w=4, stochastic k=3",error,4,3,exact,sampled(2),1,0.35976
E2,1024,"error-driven, w=8",error,8,0,sampled(6),sampled(6),1,0.85191
E1,1024,"error-driven, w=4, stochastic k=3",error,4,3,exact,exact,1,0.84069
E1,1024,"error-driven, w=4, stochastic k=3",error,4,3,exact,trunc(1),1,0.74271
E1,1024,"error-driven, w=4, stochastic k=3",error,4,3,exact,trunc(2),1,0.64174
E1,1024,"error-driven, w=4, stochastic k=3",error,4,3,exact,trunc(3),1,0.18998
E1,1024,"error-driven, w=4, stochastic k=3",error,4,3,exact,satcomp(3),1,0.84069
E1,1024,"error-driven, w=4, stochastic k=3",error,4,3,exact,satcomp(2),1,0.53328
E1,1024,"error-driven, w=4, stochastic k=3",error,4,3,exact,satcomp(1),1,0.16305
E1,1024,"error-driven, w=4, stochastic k=3",error,4,3,exact,sampled(6),1,0.76963
E1,1024,"error-driven, w=4, stochastic k=3",error,4,3,exact,sampled(4),1,0.49065
E1,1024,"error-driven, w=4, stochastic k=3",error,4,3,exact,sampled(3),1,0.43007
E1,1024,"error-driven, w=4, stochastic k=3",error,4,3,exact,sampled(2),1,0.32685
E2,1024,"error-driven, w=8",error,8,0,satcomp(3),satcomp(3),1,0.85714
E2,1024,"error-driven, w=8",error,8,0,trunc(2),trunc(2),1,0.33508
E2,1024,"error-driven, w=8",error,8,0,satcomp(2),satcomp(2),1,0.84443
E2,1024,"error-driven, w=8",error,8,0,satcomp(1),satcomp(1),1,0.81376
E2,1024,"error-driven, w=8",error,8,0,sampled(3),sampled(3),1,0.75841
E2,2048,"error-driven, w=8",error,8,0,trunc(1),trunc(1),1,0.82573
E2,1024,"error-driven, w=8",error,8,0,sampled(4),sampled(4),1,0.78459
E2,1024,"error-driven, w=8",error,8,0,trunc(3),trunc(3),1,0.30815
E2,1024,"error-driven, w=8",error,8,0,sampled(2),sampled(2),1,0.76963
E3,1024,"bundle-all, w=8",bundle,8,0,exact,exact,1,0.77188
E2,2048,"error-driven, w=8",error,8,0,sampled(2),sampled(2),1,0.78459
E2,2048,"error-driven, w=8",error,8,0,satcomp(2),satcomp(2),1,0.86612
E2,2048,"error-driven, w=8",error,8,0,trunc(3),trunc(3),1,0.16156
E2,2048,"error-driven, w=8",error,8,0,satcomp(1),satcomp(1),1,0.84069
E2,2048,"error-driven, w=8",error,8,0,sampled(3),sampled(3),1,0.85191
E2,2048,"error-driven, w=8",error,8,0,satcomp(3),satcomp(3),1,0.86687
E3,1024,"error-driven, w=2, k=4",error,2,4,exact,exact,0,0.68362
E2,2048,"error-driven, w=8",error,8,0,trunc(2),trunc(2),1,0.49589
E2,2048,"error-driven, w=8",error,8,0,sampled(6),sampled(6),1,0.83096
E1,256,"bundle-all, w=16",bundle,16,0,exact,exact,2,0.64921
E1,256,"bundle-all, w=16",bundle,16,0,exact,trunc(1),2,0.50112
E1,256,"bundle-all, w=16",bundle,16,0,exact,trunc(2),2,0.21242
E1,256,"bundle-all, w=16",bundle,16,0,exact,trunc(3),2,0.19222
E1,256,"bundle-all, w=16",bundle,16,0,exact,satcomp(3),2,0.64921
E1,256,"bundle-all, w=16",bundle,16,0,exact,satcomp(2),2,0.64921
E1,256,"bundle-all, w=16",bundle,16,0,exact,satcomp(1),2,0.63126
E1,256,"bundle-all, w=16",bundle,16,0,exact,sampled(6),2,0.61182
E1,256,"bundle-all, w=16",bundle,16,0,exact,sampled(4),2,0.53852
E1,256,"bundle-all, w=16",bundle,16,0,exact,sampled(3),2,0.5258
E1,256,"bundle-all, w=16",bundle,16,0,exact,sampled(2),2,0.44727
E2,2048,"error-driven, w=8",error,8,0,sampled(4),sampled(4),1,0.85714
E1,4096,"error-driven, w=4, stochastic k=3",error,4,3,exact,exact,1,0.82423
E1,4096,"error-driven, w=4, stochastic k=3",error,4,3,exact,trunc(1),1,0.80778
E1,4096,"error-driven, w=4, stochastic k=3",error,4,3,exact,trunc(2),1,0.79506
E1,4096,"error-driven, w=4, stochastic k=3",error,4,3,exact,trunc(3),1,0.19596
E1,4096,"error-driven, w=4, stochastic k=3",error,4,3,exact,satcomp(3),1,0.82498
E1,4096,"error-driven, w=4, stochastic k=3",error,4,3,exact,satcomp(2),1,0.77861
E1,4096,"error-driven, w=4, stochastic k=3",error,4,3,exact,satcomp(1),1,0.4166
E1,4096,"error-driven, w=4, stochastic k=3",error,4,3,exact,sampled(6),1,0.73822
E1,4096,"error-driven, w=4, stochastic k=3",error,4,3,exact,sampled(4),1,0.77188
E1,4096,"error-driven, w=4, stochastic k=3",error,4,3,exact,sampled(3),1,0.82872
E1,4096,"error-driven, w=4, stochastic k=3",error,4,3,exact,sampled(2),1,0.5273
E1,512,"bundle-all, w=16",bundle,16,0,exact,exact,2,0.71429
E1,512,"bundle-all, w=16",bundle,16,0,exact,trunc(1),2,0.56694
E1,512,"bundle-all, w=16",bundle,16,0,exact,trunc(2),2,0.33283
E1,512,"bundle-all, w=16",bundle,16,0,exact,trunc(3),2,0.19222
E1,512,"bundle-all, w=16",bundle,16,0,exact,satcomp(3),2,0.71429
E1,512,"bundle-all, w=16",bundle,16,0,exact,satcomp(2),2,0.71354
E1,512,"bundle-all, w=16",bundle,16,0,exact,satcomp(1),2,0.6911
E1,512,"bundle-all, w=16",bundle,16,0,exact,sampled(6),2,0.6724
E1,512,"bundle-all, w=16",bundle,16,0,exact,sampled(4),2,0.64921
E1,512,"bundle-all, w=16",bundle,16,0,exact,sampled(3),2,0.61182
E1,512,"bundle-all, w=16",bundle,16,0,exact,sampled(2),2,0.53852
E1,1024,"bundle-all, w=16",bundle,16,0,exact,exact,2,0.75019
E1,1024,"bundle-all, w=16",bundle,16,0,exact,trunc(1),2,0.66118
E1,1024,"bundle-all, w=16",bundle,16,0,exact,trunc(2),2,0.35079
E1,1024,"bundle-all, w=16",bundle,16,0,exact,trunc(3),2,0.19222
E1,1024,"bundle-all, w=16",bundle,16,0,exact,satcomp(3),2,0.75019
E1,1024,"bundle-all, w=16",bundle,16,0,exact,satcomp(2),2,0.75019
E1,1024,"bundle-all, w=16",bundle,16,0,exact,satcomp(1),2,0.73598
E1,1024,"bundle-all, w=16",bundle,16,0,exact,sampled(6),2,0.73672
E1,1024,"bundle-all, w=16",bundle,16,0,exact,sampled(4),2,0.71429
E1,1024,"bundle-all, w=16",bundle,16,0,exact,sampled(3),2,0.6724
E1,1024,"bundle-all, w=16",bundle,16,0,exact,sampled(2),2,0.64921
E1,256,"error-driven, w=16",error,16,0,exact,exact,2,0.61406
E1,256,"error-driven, w=16",error,16,0,exact,trunc(1),2,0.51683
E1,256,"error-driven, w=16",error,16,0,exact,trunc(2),2,0.21765
E1,256,"error-driven, w=16",error,16,0,exact,trunc(3),2,0.19222
E1,256,"error-driven, w=16",error,16,0,exact,satcomp(3),2,0.61406
E1,256,"error-driven, w=16",error,16,0,exact,satcomp(2),2,0.61107
E1,256,"error-driven, w=16",error,16,0,exact,satcomp(1),2,0.58265
E1,256,"error-driven, w=16",error,16,0,exact,sampled(6),2,0.59835
E1,256,"error-driven, w=16",error,16,0,exact,sampled(4),2,0.59088
E1,256,"error-driven, w=16",error,16,0,exact,sampled(3),2,0.56619
E1,256,"error-driven, w=16",error,16,0,exact,sampled(2),2,0.43156
E1,256,"error-driven, w=8",error,8,0,exact,exact,2,0.71354
E1,256,"error-driven, w=8",error,8,0,exact,trunc(1),2,0.48242
E1,256,"error-driven, w=8",error,8,0,exact,trunc(2),2,0.22962
E1,256,"error-driven, w=8",error,8,0,exact,trunc(3),2,0.19222
E1,256,"error-driven, w=8",error,8,0,exact,satcomp(3),2,0.71354
E1,256,"error-driven, w=8",error,8,0,exact,satcomp(2),2,0.71129
E1,256,"error-driven, w=8",error,8,0,exact,satcomp(1),2,0.72625
E1,256,"error-driven, w=8",error,8,0,exact,sampled(6),2,0.6537
E1,256,"error-driven, w=8",error,8,0,exact,sampled(4),2,0.59162
E1,256,"error-driven, w=8",error,8,0,exact,sampled(3),2,0.55497
E1,256,"error-driven, w=8",error,8,0,exact,sampled(2),2,0.46298
E3,1024,"error-driven, w=8",error,8,0,exact,exact,1,0.85714
E1,512,"error-driven, w=8",error,8,0,exact,exact,2,0.80628
E1,512,"error-driven, w=8",error,8,0,exact,trunc(1),2,0.53403
E1,512,"error-driven, w=8",error,8,0,exact,trunc(2),2,0.33732
E1,512,"error-driven, w=8",error,8,0,exact,trunc(3),2,0.19222
E1,512,"error-driven, w=8",error,8,0,exact,satcomp(3),2,0.80628
E1,512,"error-driven, w=8",error,8,0,exact,satcomp(2),2,0.80553
E1,512,"error-driven, w=8",error,8,0,exact,satcomp(1),2,0.76589
E1,512,"error-driven, w=8",error,8,0,exact,sampled(6),2,0.71204
E1,512,"error-driven, w=8",error,8,0,exact,sampled(4),2,0.6926
E1,512,"error-driven, w=8",error,8,0,exact,sampled(3),2,0.62678
E1,512,"error-driven, w=8",error,8,0,exact,sampled(2),2,0.59013
E1,1024,"error-driven, w=16",error,16,0,exact,exact,2,0.73298
E1,1024,"error-driven, w=16",error,16,0,exact,trunc(1),2,0.64323
E1,1024,"error-driven, w=16",error,16,0,exact,trunc(2),2,0.34031
E1,1024,"error-driven, w=16",error,16,0,exact,trunc(3),2,0.19222
E1,1024,"error-driven, w=16",error,16,0,exact,satcomp(3),2,0.73298
E1,1024,"error-driven, w=16",error,16,0,exact,satcomp(2),2,0.73298
E1,1024,"error-driven, w=16",error,16,0,exact,satcomp(1),2,0.70157
E1,1024,"error-driven, w=16",error,16,0,exact,sampled(6),2,0.77038
E1,1024,"error-driven, w=16",error,16,0,exact,sampled(4),2,0.73523
E1,1024,"error-driven, w=16",error,16,0,exact,sampled(3),2,0.68063
E1,1024,"error-driven, w=16",error,16,0,exact,sampled(2),2,0.64697
E1,512,"error-driven, w=16",error,16,0,exact,exact,2,0.77038
E1,512,"error-driven, w=16",error,16,0,exact,trunc(1),2,0.57218
E1,512,"error-driven, w=16",error,16,0,exact,trunc(2),2,0.33209
E1,512,"error-driven, w=16",error,16,0,exact,trunc(3),2,0.19222
E1,512,"error-driven, w=16",error,16,0,exact,satcomp(3),2,0.77038
E1,512,"error-driven, w=16",error,16,0,exact,satcomp(2),2,0.77038
E1,512,"error-driven, w=16",error,16,0,exact,satcomp(1),2,0.72775
E1,512,"error-driven, w=16",error,16,0,exact,sampled(6),2,0.76141
E1,512,"error-driven, w=16",error,16,0,exact,sampled(4),2,0.73373
E1,512,"error-driven, w=16",error,16,0,exact,sampled(3),2,0.63351
E1,512,"error-driven, w=16",error,16,0,exact,sampled(2),2,0.60957
E1,256,"error-driven, w=4",error,4,0,exact,exact,2,0.44503
E1,256,"error-driven, w=4",error,4,0,exact,trunc(1),2,0.43156
E1,256,"error-driven, w=4",error,4,0,exact,trunc(2),2,0.43156
E1,256,"error-driven, w=4",error,4,0,exact,trunc(3),2,0.19222
E1,256,"error-driven, w=4",error,4,0,exact,satcomp(3),2,0.44503
E1,256,"error-driven, w=4",error,4,0,exact,satcomp(2),2,0.43904
E1,256,"error-driven, w=4",error,4,0,exact,satcomp(1),2,0.42184
E1,256,"error-driven, w=4",error,4,0,exact,sampled(6),2,0.43306
E1,256,"error-driven, w=4",error,4,0,exact,sampled(4),2,0.53328
E1,256,"error-driven, w=4",error,4,0,exact,sampled(3),2,0.5086
E1,256,"error-driven, w=4",error,4,0,exact,sampled(2),2,0.43007
E3,1024,"error-driven, w=4",error,4,0,exact,exact,1,0.31339
E1,2048,"bundle-all, w=16",bundle,16,0,exact,exact,2,0.77337
E1,2048,"bundle-all, w=16",bundle,16,0,exact,trunc(1),2,0.73149
E1,2048,"bundle-all, w=16",bundle,16,0,exact,trunc(2),2,0.36051
E1,2048,"bundle-all, w=16",bundle,16,0,exact,trunc(3),2,0.19222
E1,2048,"bundle-all, w=16",bundle,16,0,exact,satcomp(3),2,0.77337
E1,2048,"bundle-all, w=16",bundle,16,0,exact,satcomp(2),2,0.77337
E1,2048,"bundle-all, w=16",bundle,16,0,exact,satcomp(1),2,0.76814
E1,2048,"bundle-all, w=16",bundle,16,0,exact,sampled(6),2,0.75991
E1,2048,"bundle-all, w=16",bundle,16,0,exact,sampled(4),2,0.75019
E1,2048,"bundle-all, w=16",bundle,16,0,exact,sampled(3),2,0.73672
E1,2048,"bundle-all, w=16",bundle,16,0,exact,sampled(2),2,0.71429
E1,512,"error-driven, w=4",error,4,0,exact,exact,2,0.50636
E1,512,"error-driven, w=4",error,4,0,exact,trunc(1),2,0.52954
E1,512,"error-driven, w=4",error,4,0,exact,trunc(2),2,0.46073
E1,512,"error-driven, w=4",error,4,0,exact,trunc(3),2,0.19222
E1,512,"error-driven, w=4",error,4,0,exact,satcomp(3),2,0.50636
E1,512,"error-driven, w=4",error,4,0,exact,satcomp(2),2,0.5086
E1,512,"error-driven, w=4",error,4,0,exact,satcomp(1),2,0.49439
E1,512,"error-driven, w=4",error,4,0,exact,sampled(6),2,0.53104
E1,512,"error-driven, w=4",error,4,0,exact,sampled(4),2,0.43231
E1,512,"error-driven, w=4",error,4,0,exact,sampled(3),2,0.42633
E1,512,"error-driven, w=4",error,4,0,exact,sampled(2),2,0.5086
E1,1024,"error-driven, w=8",error,8,0,exact,exact,2,0.82274
E1,1024,"error-driven, w=8",error,8,0,exact,trunc(1),2,0.67764
E1,1024,"error-driven, w=8",error,8,0,exact,trunc(2),2,0.33433
E1,1024,"error-driven, w=8",error,8,0,exact,trunc(3),2,0.19222
E1,1024,"error-driven, w=8",error,8,0,exact,satcomp(3),2,0.82274
E1,1024,"error-driven, w=8",error,8,0,exact,satcomp(2),2,0.82274
E1,1024,"error-driven, w=8",error,8,0,exact,satcomp(1),2,0.77113
E1,1024,"error-driven, w=8",error,8,0,exact,sampled(6),2,0.82498
E1,1024,"error-driven, w=8",error,8,0,exact,sampled(4),2,0.76814
E1,1024,"error-driven, w=8",error,8,0,exact,sampled(3),2,0.69783
E1,1024,"error-driven, w=8",error,8,0,exact,sampled(2),2,0.6537
E1,1024,"error-driven, w=4",error,4,0,exact,exact,2,0.60509
E1,1024,"error-driven, w=4",error,4,0,exact,trunc(1),2,0.60434
E1,1024,"error-driven, w=4",error,4,0,exact,trunc(2),2,0.47794
E1,1024,"error-driven, w=4",error,4,0,exact,trunc(3),2,0.19222
E1,1024,"error-driven, w=4",error,4,0,exact,satcomp(3),2,0.60509
E1,1024,"error-driven, w=4",error,4,0,exact,satcomp(2),2,0.61406
E1,1024,"error-driven, w=4",error,4,0,exact,satcomp(1),2,0.63874
E1,1024,"error-driven, w=4",error,4,0,exact,sampled(6),2,0.57068
E1,1024,"error-driven, w=4",error,4,0,exact,sampled(4),2,0.60284
E1,1024,"error-driven, w=4",error,4,0,exact,sampled(3),2,0.59312
E1,1024,"error-driven, w=4",error,4,0,exact,sampled(2),2,0.49888
E1,2048,"error-driven, w=16",error,16,0,exact,exact,2,0.8534
E1,2048,"error-driven, w=16",error,16,0,exact,trunc(1),2,0.77562
E1,2048,"error-driven, w=16",error,16,0,exact,trunc(2),2,0.35826
E1,2048,"error-driven, w=16",error,16,0,exact,trunc(3),2,0.19222
E1,2048,"error-driven, w=16",error,16,0,exact,satcomp(3),2,0.8534
E1,2048,"error-driven, w=16",error,16,0,exact,satcomp(2),2,0.8534
E1,2048,"error-driven, w=16",error,16,0,exact,satcomp(1),2,0.8347
E1,2048,"error-driven, w=16",error,16,0,exact,sampled(6),2,0.84892
E1,2048,"error-driven, w=16",error,16,0,exact,sampled(4),2,0.81601
E1,2048,"error-driven, w=16",error,16,0,exact,sampled(3),2,0.78609
E1,2048,"error-driven, w=16",error,16,0,exact,sampled(2),2,0.75542
E1,4096,"bundle-all, w=16",bundle,16,0,exact,exact,2,0.77861
E1,4096,"bundle-all, w=16",bundle,16,0,exact,trunc(1),2,0.73598
E1,4096,"bundle-all, w=16",bundle,16,0,exact,trunc(2),2,0.40015
E1,4096,"bundle-all, w=16",bundle,16,0,exact,trunc(3),2,0.19222
E1,4096,"bundle-all, w=16",bundle,16,0,exact,satcomp(3),2,0.77861
E1,4096,"bundle-all, w=16",bundle,16,0,exact,satcomp(2),2,0.77861
E1,4096,"bundle-all, w=16",bundle,16,0,exact,satcomp(1),2,0.77786
E1,4096,"bundle-all, w=16",bundle,16,0,exact,sampled(6),2,0.76963
E1,4096,"bundle-all, w=16",bundle,16,0,exact,sampled(4),2,0.77337
E1,4096,"bundle-all, w=16",bundle,16,0,exact,sampled(3),2,0.75991
E1,4096,"bundle-all, w=16",bundle,16,0,exact,sampled(2),2,0.75019
E1,512,"error-driven, w=4, stochastic k=3",error,4,3,exact,exact,2,0.64772
E1,512,"error-driven, w=4, stochastic k=3",error,4,3,exact,trunc(1),2,0.61032
E1,512,"error-driven, w=4, stochastic k=3",error,4,3,exact,trunc(2),2,0.41212
E1,512,"error-driven, w=4, stochastic k=3",error,4,3,exact,trunc(3),2,0.19447
E1,512,"error-driven, w=4, stochastic k=3",error,4,3,exact,satcomp(3),2,0.64024
E1,512,"error-driven, w=4, stochastic k=3",error,4,3,exact,satcomp(2),2,0.59013
E1,512,"error-driven, w=4, stochastic k=3",error,4,3,exact,satcomp(1),2,0.33732
E1,512,"error-driven, w=4, stochastic k=3",error,4,3,exact,sampled(6),2,0.49888
E1,512,"error-driven, w=4, stochastic k=3",error,4,3,exact,sampled(4),2,0.56619
E1,512,"error-driven, w=4, stochastic k=3",error,4,3,exact,sampled(3),2,0.41137
E1,512,"error-driven, w=4, stochastic k=3",error,4,3,exact,sampled(2),2,0.37098
E1,2048,"error-driven, w=8",error,8,0,exact,exact,2,0.84069
E1,2048,"error-driven, w=8",error,8,0,exact,trunc(1),2,0.76664
E1,2048,"error-driven, w=8",error,8,0,exact,trunc(2),2,0.33807
E1,2048,"error-driven, w=8",error,8,0,exact,trunc(3),2,0.19222
E1,2048,"error-driven, w=8",error,8,0,exact,satcomp(3),2,0.84069
E1,2048,"error-driven, w=8",error,8,0,exact,satcomp(2),2,0.84069
E1,2048,"error-driven, w=8",error,8,0,exact,satcomp(1),2,0.79432
E1,2048,"error-driven, w=8",error,8,0,exact,sampled(6),2,0.80703
E1,2048,"error-driven, w=8",error,8,0,exact,sampled(4),2,0.76963
E1,2048,"error-driven, w=8",error,8,0,exact,sampled(3),2,0.75318
E1,2048,"error-driven, w=8",error,8,0,exact,sampled(2),2,0.70456
E1,4096,"error-driven, w=4",error,4,0,exact,exact,2,0.58788
E1,4096,"error-driven, w=4",error,4,0,exact,trunc(1),2,0.5819
E1,4096,"error-driven, w=4",error,4,0,exact,trunc(2),2,0.40763
E1,4096,"error-driven, w=4",error,4,0,exact,trunc(3),2,0.19222
E1,4096,"error-driven, w=4",error,4,0,exact,satcomp(3),2,0.58788
E1,4096,"error-driven, w=4",error,4,0,exact,satcomp(2),2,0.58938
E1,4096,"error-driven, w=4",error,4,0,exact,satcomp(1),2,0.60509
E1,4096,"error-driven, w=4",error,4,0,exact,sampled(6),2,0.58265
E1,4096,"error-driven, w=4",error,4,0,exact,sampled(4),2,0.58265
E1,4096,"error-driven, w=4",error,4,0,exact,sampled(3),2,0.5819
E1,4096,"error-driven, w=4",error,4,0,exact,sampled(2),2,0.58639
E1,2048,"error-driven, w=4",error,4,0,exact,exact,2,0.71129
E1,2048,"error-driven, w=4",error,4,0,exact,trunc(1),2,0.71429
E1,2048,"error-driven, w=4",error,4,0,exact,trunc(2),2,0.38968
E1,2048,"error-driven, w=4",error,4,0,exact,trunc(3),2,0.19222
E1,2048,"error-driven, w=4",error,4,0,exact,satcomp(3),2,0.71129
E1,2048,"error-driven, w=4",error,4,0,exact,satcomp(2),2,0.71578
E1,2048,"error-driven, w=4",error,4,0,exact,satcomp(1),2,0.69185
E1,2048,"error-driven, w=4",error,4,0,exact,sampled(6),2,0.72102
E1,2048,"error-driven, w=4",error,4,0,exact,sampled(4),2,0.71354
E1,2048,"error-driven, w=4",error,4,0,exact,sampled(3),2,0.7098
E1,2048,"error-driven, w=4",error,4,0,exact,sampled(2),2,0.57367
E1,4096,"error-driven, w=8",error,8,0,exact,exact,2,0.88033
E1,4096,"error-driven, w=8",error,8,0,exact,trunc(1),2,0.76365
E1,4096,"error-driven, w=8",error,8,0,exact,trunc(2),2,0.38594
E1,4096,"error-driven, w=8",error,8,0,exact,trunc(3),2,0.19222
E1,4096,"error-driven, w=8",error,8,0,exact,satcomp(3),2,0.88033
E1,4096,"error-driven, w=8",error,8,0,exact,satcomp(2),2,0.88033
E1,4096,"error-driven, w=8",error,8,0,exact,satcomp(1),2,0.84892
E1,4096,"error-driven, w=8",error,8,0,exact,sampled(6),2,0.86313
E1,4096,"error-driven, w=8",error,8,0,exact,sampled(4),2,0.85939
E1,4096,"error-driven, w=8",error,8,0,exact,sampled(3),2,0.83396
E1,4096,"error-driven, w=8",error,8,0,exact,sampled(2),2,0.79656
E1,4096,"error-driven, w=16",error,16,0,exact,exact,2,0.87734
E1,4096,"error-driven, w=16",error,16,0,exact,trunc(1),2,0.81002
E1,4096,"error-driven, w=16",error,16,0,exact,trunc(2),2,0.40539
E1,4096,"error-driven, w=16",error,16,0,exact,trunc(3),2,0.19222
E1,4096,"error-driven, w=16",error,16,0,exact,satcomp(3),2,0.87734
E1,4096,"error-driven, w=16",error,16,0,exact,satcomp(2),2,0.87734
E1,4096,"error-driven, w=16",error,16,0,exact,satcomp(1),2,0.84592
E1,4096,"error-driven, w=16",error,16,0,exact,sampled(6),2,0.85191
E1,4096,"error-driven, w=16",error,16,0,exact,sampled(4),2,0.85041
E1,4096,"error-driven, w=16",error,16,0,exact,sampled(3),2,0.82049
E1,4096,"error-driven, w=16",error,16,0,exact,sampled(2),2,0.78908
E2,512,"error-driven, w=8",error,8,0,trunc(1),trunc(1),2,0.72027
E2,512,"error-driven, w=8",error,8,0,trunc(2),trunc(2),2,0.40314
E2,512,"error-driven, w=8",error,8,0,satcomp(3),satcomp(3),2,0.80628
E2,512,"error-driven, w=8",error,8,0,sampled(3),sampled(3),2,0.66417
E2,512,"error-driven, w=8",error,8,0,satcomp(1),satcomp(1),2,0.7472
E2,512,"error-driven, w=8",error,8,0,sampled(2),sampled(2),2,0.69634
E2,512,"error-driven, w=8",error,8,0,sampled(4),sampled(4),2,0.71354
E2,512,"error-driven, w=8",error,8,0,satcomp(2),satcomp(2),2,0.80404
E3,1024,"error-driven, w=4, k=3",error,4,3,exact,exact,1,0.84069
E2,512,"error-driven, w=8",error,8,0,sampled(6),sampled(6),2,0.68362
E2,512,"error-driven, w=8",error,8,0,trunc(3),trunc(3),2,0.44353
E1,256,"error-driven, w=4, stochastic k=3",error,4,3,exact,exact,2,0.57816
E1,256,"error-driven, w=4, stochastic k=3",error,4,3,exact,trunc(1),2,0.5086
E1,256,"error-driven, w=4, stochastic k=3",error,4,3,exact,trunc(2),2,0.45699
E1,256,"error-driven, w=4, stochastic k=3",error,4,3,exact,trunc(3),2,0.19222
E1,256,"error-driven, w=4, stochastic k=3",error,4,3,exact,satcomp(3),2,0.57816
E1,256,"error-driven, w=4, stochastic k=3",error,4,3,exact,satcomp(2),2,0.33059
E1,256,"error-driven, w=4, stochastic k=3",error,4,3,exact,satcomp(1),2,0.19222
E1,256,"error-driven, w=4, stochastic k=3",error,4,3,exact,sampled(6),2,0.56993
E1,256,"error-driven, w=4, stochastic k=3",error,4,3,exact,sampled(4),2,0.5086
E1,256,"error-driven, w=4, stochastic k=3",error,4,3,exact,sampled(3),2,0.52805
E1,256,"error-driven, w=4, stochastic k=3",error,4,3,exact,sampled(2),2,0.32236
E2,1024,"error-driven, w=8",error,8,0,trunc(1),trunc(1),2,0.8377
E1,4096,"error-driven, w=4, stochastic k=3",error,4,3,exact,exact,2,0.76215
E1,4096,"error-driven, w=4, stochastic k=3",error,4,3,exact,trunc(1),2,0.80254
E1,4096,"error-driven, w=4, stochastic k=3",error,4,3,exact,trunc(2),2,0.5819
E1,4096,"error-driven, w=4, stochastic k=3",error,4,3,exact,trunc(3),2,0.18474
E1,4096,"error-driven, w=4, stochastic k=3",error,4,3,exact,satcomp(3),2,0.76963
E1,4096,"error-driven, w=4, stochastic k=3",error,4,3,exact,satcomp(2),2,0.56171
E1,4096,"error-driven, w=4, stochastic k=3",error,4,3,exact,satcomp(1),2,0.33059
E1,4096,"error-driven, w=4, stochastic k=3",error,4,3,exact,sampled(6),2,0.63276
E1,4096,"error-driven, w=4, stochastic k=3",error,4,3,exact,sampled(4),2,0.43231
E1,4096,"error-driven, w=4, stochastic k=3",error,4,3,exact,sampled(3),2,0.66118
E1,4096,"error-driven, w=4, stochastic k=3",error,4,3,exact,sampled(2),2,0.57143
E3,1024,"error-driven, w=3, k=3",error,3,3,exact,exact,1,0.73972
E1,1024,"error-driven, w=4, stochastic k=3",error,4,3,exact,exact,2,0.68063
E1,1024,"error-driven, w=4, stochastic k=3",error,4,3,exact,trunc(1),2,0.65969
E1,1024,"error-driven, w=4, stochastic k=3",error,4,3,exact,trunc(2),2,0.57741
E1,1024,"error-driven, w=4, stochastic k=3",error,4,3,exact,trunc(3),2,0.20344
E1,1024,"error-driven, w=4, stochastic k=3",error,4,3,exact,satcomp(3),2,0.6739
E1,1024,"error-driven, w=4, stochastic k=3",error,4,3,exact,satcomp(2),2,0.65445
E1,1024,"error-driven, w=4, stochastic k=3",error,4,3,exact,satcomp(1),2,0.19372
E1,1024,"error-driven, w=4, stochastic k=3",error,4,3,exact,sampled(6),2,0.67838
E1,1024,"error-driven, w=4, stochastic k=3",error,4,3,exact,sampled(4),2,0.44129
E1,1024,"error-driven, w=4, stochastic k=3",error,4,3,exact,sampled(3),2,0.3104
E1,1024,"error-driven, w=4, stochastic k=3",error,4,3,exact,sampled(2),2,0.2199
E2,1024,"error-driven, w=8",error,8,0,trunc(3),trunc(3),2,0.40987
E2,1024,"error-driven, w=8",error,8,0,satcomp(3),satcomp(3),2,0.82274
E2,1024,"error-driven, w=8",error,8,0,satcomp(1),satcomp(1),2,0.72476
E2,1024,"error-driven, w=8",error,8,0,sampled(6),sampled(6),2,0.75093
E2,2048,"error-driven, w=8",error,8,0,trunc(1),trunc(1),2,0.82199
E2,1024,"error-driven, w=8",error,8,0,satcomp(2),satcomp(2),2,0.82199
E2,1024,"error-driven, w=8",error,8,0,sampled(4),sampled(4),2,0.80628
E1,2048,"error-driven, w=4, stochastic k=3",error,4,3,exact,exact,2,0.71279
E1,2048,"error-driven, w=4, stochastic k=3",error,4,3,exact,trunc(1),2,0.75019
E1,2048,"error-driven, w=4, stochastic k=3",error,4,3,exact,trunc(2),2,0.63126
E1,2048,"error-driven, w=4, stochastic k=3",error,4,3,exact,trunc(3),2,0.19147
E1,2048,"error-driven, w=4, stochastic k=3",error,4,3,exact,satcomp(3),2,0.71279
E1,2048,"error-driven, w=4, stochastic k=3",error,4,3,exact,satcomp(2),2,0.66417
E1,2048,"error-driven, w=4, stochastic k=3",error,4,3,exact,satcomp(1),2,0.33583
E1,2048,"error-driven, w=4, stochastic k=3",error,4,3,exact,sampled(6),2,0.7831
E1,2048,"error-driven, w=4, stochastic k=3",error,4,3,exact,sampled(4),2,0.69634
E1,2048,"error-driven, w=4, stochastic k=3",error,4,3,exact,sampled(3),2,0.56021
E1,2048,"error-driven, w=4, stochastic k=3",error,4,3,exact,sampled(2),2,0.34181
E2,1024,"error-driven, w=8",error,8,0,sampled(2),sampled(2),2,0.71354
E2,1024,"error-driven, w=8",error,8,0,sampled(3),sampled(3),2,0.68362
E2,1024,"error-driven, w=8",error,8,0,trunc(2),trunc(2),2,0.40763
E2,2048,"error-driven, w=8",error,8,0,satcomp(3),satcomp(3),2,0.84069
E3,1024,"bundle-all, w=8",bundle,8,0,exact,exact,2,0.75019
E2,2048,"error-driven, w=8",error,8,0,sampled(4),sampled(4),2,0.82274
E2,2048,"error-driven, w=8",error,8,0,satcomp(2),satcomp(2),2,0.83246
E3,1024,"error-driven, w=2, k=4",error,2,4,exact,exact,1,0.52954
E1,256,"bundle-all, w=16",bundle,16,0,exact,exact,3,0.64174
E1,256,"bundle-all, w=16",bundle,16,0,exact,trunc(1),3,0.60583
E1,256,"bundle-all, w=16",bundle,16,0,exact,trunc(2),3,0.20194
E1,256,"bundle-all, w=16",bundle,16,0,exact,trunc(3),3,0.19222
E1,256,"bundle-all, w=16",bundle,16,0,exact,satcomp(3),3,0.64174
E1,256,"bundle-all, w=16",bundle,16,0,exact,satcomp(2),3,0.64248
E1,256,"bundle-all, w=16",bundle,16,0,exact,satcomp(1),3,0.546
E1,256,"bundle-all, w=16",bundle,16,0,exact,sampled(6),3,0.65071
E1,256,"bundle-all, w=16",bundle,16,0,exact,sampled(4),3,0.60359
E1,256,"bundle-all, w=16",bundle,16,0,exact,sampled(3),3,0.50636
E1,256,"bundle-all, w=16",bundle,16,0,exact,sampled(2),3,0.43381
E2,2048,"error-driven, w=8",error,8,0,satcomp(1),satcomp(1),2,0.83096
E2,2048,"error-driven, w=8",error,8,0,sampled(3),sampled(3),2,0.75093
E2,2048,"error-driven, w=8",error,8,0,sampled(6),sampled(6),2,0.84144
E2,2048,"error-driven, w=8",error,8,0,sampled(2),sampled(2),2,0.80628
E3,1024,"error-driven, w=8",error,8,0,exact,exact,2,0.82274
E2,2048,"error-driven, w=8",error,8,0,trunc(2),trunc(2),2,0.42109
E1,512,"bundle-all, w=16",bundle,16,0,exact,exact,3,0.75393
E1,512,"bundle-all, w=16",bundle,16,0,exact,trunc(1),3,0.67614
E1,512,"bundle-all, w=16",bundle,16,0,exact,trunc(2),3,0.20718
E1,512,"bundle-all, w=16",bundle,16,0,exact,trunc(3),3,0.19222
E1,512,"bundle-all, w=16",bundle,16,0,exact,satcomp(3),3,0.75393
E1,512,"bundle-all, w=16",bundle,16,0,exact,satcomp(2),3,0.75318
E1,512,"bundle-all, w=16",bundle,16,0,exact,satcomp(1),3,0.72326
E1,512,"bundle-all, w=16",bundle,16,0,exact,sampled(6),3,0.74346
E1,512,"bundle-all, w=16",bundle,16,0,exact,sampled(4),3,0.64174
E1,512,"bundle-all, w=16",bundle,16,0,exact,sampled(3),3,0.65071
E1,512,"bundle-all, w=16",bundle,16,0,exact,sampled(2),3,0.60359
E2,2048,"error-driven, w=8",error,8,0,trunc(3),trunc(3),2,0.35453
E1,256,"error-driven, w=4",error,4,0,exact,exact,3,0.37996
E1,256,"error-driven, w=4",error,4,0,exact,trunc(1),3,0.38369
E1,256,"error-driven, w=4",error,4,0,exact,trunc(2),3,0.21242
E1,256,"error-driven, w=4",error,4,0,exact,trunc(3),3,0.19222
E1,256,"error-driven, w=4",error,4,0,exact,satcomp(3),3,0.37996
E1,256,"error-driven, w=4",error,4,0,exact,satcomp(2),3,0.40987
E1,256,"error-driven, w=4",error,4,0,exact,satcomp(1),3,0.51234
E1,256,"error-driven, w=4",error,4,0,exact,sampled(6),3,0.38893
E1,256,"error-driven, w=4",error,4,0,exact,sampled(4),3,0.32311
E1,256,"error-driven, w=4",error,4,0,exact,sampled(3),3,0.37921
E1,256,"error-driven, w=4",error,4,0,exact,sampled(2),3,0.37846
E1,256,"error-driven, w=16",error,16,0,exact,exact,3,0.7255
E1,256,"error-driven, w=16",error,16,0,exact,trunc(1),3,0.58863
E1,256,"error-driven, w=16",error,16,0,exact,trunc(2),3,0.19521
E1,256,"error-driven, w=16",error,16,0,exact,trunc(3),3,0.19222
E1,256,"error-driven, w=16",error,16,0,exact,satcomp(3),3,0.7255
E1,256,"error-driven, w=16",error,16,0,exact,satcomp(2),3,0.72476
E1,256,"error-driven, w=16",error,16,0,exact,satcomp(1),3,0.66941
E1,256,"error-driven, w=16",error,16,0,exact,sampled(6),3,0.70232
E1,256,"error-driven, w=16",error,16,0,exact,sampled(4),3,0.66791
E1,256,"error-driven, w=16",error,16,0,exact,sampled(3),3,0.53478
E1,256,"error-driven, w=16",error,16,0,exact,sampled(2),3,0.46672
E3,1024,"error-driven, w=4",error,4,0,exact,exact,2,0.60509
E1,256,"error-driven, w=8",error,8,0,exact,exact,3,0.77412
E1,256,"error-driven, w=8",error,8,0,exact,trunc(1),3,0.72251
E1,256,"error-driven, w=8",error,8,0,exact,trunc(2),3,0.2012
E1,256,"error-driven, w=8",error,8,0,exact,trunc(3),3,0.19222
E1,256,"error-driven, w=8",error,8,0,exact,satcomp(3),3,0.77412
E1,256,"error-driven, w=8",error,8,0,exact,satcomp(2),3,0.77337
E1,256,"error-driven, w=8",error,8,0,exact,satcomp(1),3,0.72251
E1,256,"error-driven, w=8",error,8,0,exact,sampled(6),3,0.71877
E1,256,"error-driven, w=8",error,8,0,exact,sampled(4),3,0.73298
E1,256,"error-driven, w=8",error,8,0,exact,sampled(3),3,0.59312
E1,256,"error-driven, w=8",error,8,0,exact,sampled(2),3,0.50711
E1,1024,"bundle-all, w=16",bundle,16,0,exact,exact,3,0.7629
E1,1024,"bundle-all, w=16",bundle,16,0,exact,trunc(1),3,0.67464
E1,1024,"bundle-all, w=16",bundle,16,0,exact,trunc(2),3,0.21242
E1,1024,"bundle-all, w=16",bundle,16,0,exact,trunc(3),3,0.19222
E1,1024,"bundle-all, w=16",bundle,16,0,exact,satcomp(3),3,0.7629
E1,1024,"bundle-all, w=16",bundle,16,0,exact,satcomp(2),3,0.7629
E1,1024,"bundle-all, w=16",bundle,16,0,exact,satcomp(1),3,0.74196
E1,1024,"bundle-all, w=16",bundle,16,0,exact,sampled(6),3,0.75916
E1,1024,"bundle-all, w=16",bundle,16,0,exact,sampled(4),3,0.75393
E1,1024,"bundle-all, w=16",bundle,16,0,exact,sampled(3),3,0.74346
E1,1024,"bundle-all, w=16",bundle,16,0,exact,sampled(2),3,0.64174
E1,1024,"error-driven, w=8",error,8,0,exact,exact,3,0.80329
E1,1024,"error-driven, w=8",error,8,0,exact,trunc(1),3,0.67091
E1,1024,"error-driven, w=8",error,8,0,exact,trunc(2),3,0.3276
E1,1024,"error-driven, w=8",error,8,0,exact,trunc(3),3,0.19222
E1,1024,"error-driven, w=8",error,8,0,exact,satcomp(3),3,0.80329
E1,1024,"error-driven, w=8",error,8,0,exact,satcomp(2),3,0.80404
E1,1024,"error-driven, w=8",error,8,0,exact,satcomp(1),3,0.76664
E1,1024,"error-driven, w=8",error,8,0,exact,sampled(6),3,0.8003
E1,1024,"error-driven, w=8",error,8,0,exact,sampled(4),3,0.76365
E1,1024,"error-driven, w=8",error,8,0,exact,sampled(3),3,0.71055
E1,1024,"error-driven, w=8",error,8,0,exact,sampled(2),3,0.56694
E1,512,"error-driven, w=16",error,16,0,exact,exact,3,0.72102
E1,512,"error-driven, w=16",error,16,0,exact,trunc(1),3,0.66193
E1,512,"error-driven, w=16",error,16,0,exact,trunc(2),3,0.19372
E1,512,"error-driven, w=16",error,16,0,exact,trunc(3),3,0.19222
E1,512,"error-driven, w=16",error,16,0,exact,satcomp(3),3,0.72102
E1,512,"error-driven, w=16",error,16,0,exact,satcomp(2),3,0.72102
E1,512,"error-driven, w=16",error,16,0,exact,satcomp(1),3,0.71129
E1,512,"error-driven, w=16",error,16,0,exact,sampled(6),3,0.71503
E1,512,"error-driven, w=16",error,16,0,exact,sampled(4),3,0.60135
E1,512,"error-driven, w=16",error,16,0,exact,sampled(3),3,0.5647
E1,512,"error-driven, w=16",error,16,0,exact,sampled(2),3,0.53328
E1,512,"error-driven, w=8",error,8,0,exact,exact,3,0.81975
E1,512,"error-driven, w=8",error,8,0,exact,trunc(1),3,0.70681
E1,512,"error-driven, w=8",error,8,0,exact,trunc(2),3,0.20344
E1,512,"error-driven, w=8",error,8,0,exact,trunc(3),3,0.19222
E1,512,"error-driven, w=8",error,8,0,exact,satcomp(3),3,0.81975
E1,512,"error-driven, w=8",error,8,0,exact,satcomp(2),3,0.819
E1,512,"error-driven, w=8",error,8,0,exact,satcomp(1),3,0.75168
E1,512,"error-driven, w=8",error,8,0,exact,sampled(6),3,0.75692
E1,512,"error-driven, w=8",error,8,0,exact,sampled(4),3,0.56395
E1,512,"error-driven, w=8",error,8,0,exact,sampled(3),3,0.64174
E1,512,"error-driven, w=8",error,8,0,exact,sampled(2),3,0.5819
E1,512,"error-driven, w=4",error,4,0,exact,exact,3,0.36275
E1,512,"error-driven, w=4",error,4,0,exact,trunc(1),3,0.35378
E1,512,"error-driven, w=4",error,4,0,exact,trunc(2),3,0.16006
E1,512,"error-driven, w=4",error,4,0,exact,trunc(3),3,0.19222
E1,512,"error-driven, w=4",error,4,0,exact,satcomp(3),3,0.36275
E1,512,"error-driven, w=4",error,4,0,exact,satcomp(2),3,0.36948
E1,512,"error-driven, w=4",error,4,0,exact,satcomp(1),3,0.38818
E1,512,"error-driven, w=4",error,4,0,exact,sampled(6),3,0.30965
E1,512,"error-driven, w=4",error,4,0,exact,sampled(4),3,0.31713
E1,512,"error-driven, w=4",error,4,0,exact,sampled(3),3,0.28272
E1,512,"error-driven, w=4",error,4,0,exact,sampled(2),3,0.26702
E1,2048,"bundle-all, w=16",bundle,16,0,exact,exact,3,0.78384
E1,2048,"bundle-all, w=16",bundle,16,0,exact,trunc(1),3,0.68287
E1,2048,"bundle-all, w=16",bundle,16,0,exact,trunc(2),3,0.26178
E1,2048,"bundle-all, w=16",bundle,16,0,exact,trunc(3),3,0.19222
E1,2048,"bundle-all, w=16",bundle,16,0,exact,satcomp(3),3,0.78384
E1,2048,"bundle-all, w=16",bundle,16,0,exact,satcomp(2),3,0.78384
E1,2048,"bundle-all, w=16",bundle,16,0,exact,satcomp(1),3,0.78384
E1,2048,"bundle-all, w=16",bundle,16,0,exact,sampled(6),3,0.77786
E1,2048,"bundle-all, w=16",bundle,16,0,exact,sampled(4),3,0.7629
E1,2048,"bundle-all, w=16",bundle,16,0,exact,sampled(3),3,0.75916
E1,2048,"bundle-all, w=16",bundle,16,0,exact,sampled(2),3,0.75393
E1,1024,"error-driven, w=16",error,16,0,exact,exact,3,0.78384
E1,1024,"error-driven, w=16",error,16,0,exact,trunc(1),3,0.66642
E1,1024,"error-driven, w=16",error,16,0,exact,trunc(2),3,0.35752
E1,1024,"error-driven, w=16",error,16,0,exact,trunc(3),3,0.19222
E1,1024,"error-driven, w=16",error,16,0,exact,satcomp(3),3,0.78384
E1,1024,"error-driven, w=16",error,16,0,exact,satcomp(2),3,0.78459
E1,1024,"error-driven, w=16",error,16,0,exact,satcomp(1),3,0.75841
E1,1024,"error-driven, w=16",error,16,0,exact,sampled(6),3,0.79207
E1,1024,"error-driven, w=16",error,16,0,exact,sampled(4),3,0.75767
E1,1024,"error-driven, w=16",error,16,0,exact,sampled(3),3,0.74869
E1,1024,"error-driven, w=16",error,16,0,exact,sampled(2),3,0.63426
E1,1024,"error-driven, w=4",error,4,0,exact,exact,3,0.4009
E1,1024,"error-driven, w=4",error,4,0,exact,trunc(1),3,0.38369
E1,1024,"error-driven, w=4",error,4,0,exact,trunc(2),3,0.30666
E1,1024,"error-driven, w=4",error,4,0,exact,trunc(3),3,0.19222
E1,1024,"error-driven, w=4",error,4,0,exact,satcomp(3),3,0.4009
E1,1024,"error-driven, w=4",error,4,0,exact,satcomp(2),3,0.40165
E1,1024,"error-driven, w=4",error,4,0,exact,satcomp(1),3,0.46372
E1,1024,"error-driven, w=4",error,4,0,exact,sampled(6),3,0.40464
E1,1024,"error-driven, w=4",error,4,0,exact,sampled(4),3,0.37173
E1,1024,"error-driven, w=4",error,4,0,exact,sampled(3),3,0.32386
E1,1024,"error-driven, w=4",error,4,0,exact,sampled(2),3,0.33957
E1,4096,"bundle-all, w=16",bundle,16,0,exact,exact,3,0.82274
E1,4096,"bundle-all, w=16",bundle,16,0,exact,trunc(1),3,0.73672
E1,4096,"bundle-all, w=16",bundle,16,0,exact,trunc(2),3,0.3994
E1,4096,"bundle-all, w=16",bundle,16,0,exact,trunc(3),3,0.19222
E1,4096,"bundle-all, w=16",bundle,16,0,exact,satcomp(3),3,0.82274
E1,4096,"bundle-all, w=16",bundle,16,0,exact,satcomp(2),3,0.82199
E1,4096,"bundle-all, w=16",bundle,16,0,exact,satcomp(1),3,0.81077
E1,4096,"bundle-all, w=16",bundle,16,0,exact,sampled(6),3,0.79581
E1,4096,"bundle-all, w=16",bundle,16,0,exact,sampled(4),3,0.78384
E1,4096,"bundle-all, w=16",bundle,16,0,exact,sampled(3),3,0.77786
E1,4096,"bundle-all, w=16",bundle,16,0,exact,sampled(2),3,0.7629
E1,2048,"error-driven, w=8",error,8,0,exact,exact,3,0.8549
E1,2048,"error-driven, w=8",error,8,0,exact,trunc(1),3,0.72401
E1,2048,"error-driven, w=8",error,8,0,exact,trunc(2),3,0.24757
E1,2048,"error-driven, w=8",error,8,0,exact,trunc(3),3,0.19222
E1,2048,"error-driven, w=8",error,8,0,exact,satcomp(3),3,0.8549
E1,2048,"error-driven, w=8",error,8,0,exact,satcomp(2),3,0.85415
E1,2048,"error-driven, w=8",error,8,0,exact,satcomp(1),3,0.84667
E1,2048,"error-driven, w=8",error,8,0,exact,sampled(6),3,0.83022
E1,2048,"error-driven, w=8",error,8,0,exact,sampled(4),3,0.77786
E1,2048,"error-driven, w=8",error,8,0,exact,sampled(3),3,0.77038
E1,2048,"error-driven, w=8",error,8,0,exact,sampled(2),3,0.73448
E1,2048,"error-driven, w=16",error,16,0,exact,exact,3,0.86163
E1,2048,"error-driven, w=16",error,16,0,exact,trunc(1),3,0.7255
E1,2048,"error-driven, w=16",error,16,0,exact,trunc(2),3,0.25056
E1,2048,"error-driven, w=16",error,16,0,exact,trunc(3),3,0.19222
E1,2048,"error-driven, w=16",error,16,0,exact,satcomp(3),3,0.86163
E1,2048,"error-driven, w=16",error,16,0,exact,satcomp(2),3,0.86163
E1,2048,"error-driven, w=16",error,16,0,exact,satcomp(1),3,0.84069
E1,2048,"error-driven, w=16",error,16,0,exact,sampled(6),3,0.83844
E1,2048,"error-driven, w=16",error,16,0,exact,sampled(4),3,0.81376
E1,2048,"error-driven, w=16",error,16,0,exact,sampled(3),3,0.77337
E1,2048,"error-driven, w=16",error,16,0,exact,sampled(2),3,0.76739
E2,512,"error-driven, w=8",error,8,0,trunc(1),trunc(1),3,0.73224
E3,1024,"error-driven, w=4, k=3",error,4,3,exact,exact,2,0.68063
E1,2048,"error-driven, w=4",error,4,0,exact,exact,3,0.57666
E1,2048,"error-driven, w=4",error,4,0,exact,trunc(1),3,0.56245
E1,2048,"error-driven, w=4",error,4,0,exact,trunc(2),3,0.27225
E1,2048,"error-driven, w=4",error,4,0,exact,trunc(3),3,0.19222
E1,2048,"error-driven, w=4",error,4,0,exact,satcomp(3),3,0.57666
E1,2048,"error-driven, w=4",error,4,0,exact,satcomp(2),3,0.57891
E1,2048,"error-driven, w=4",error,4,0,exact,satcomp(1),3,0.60434
E1,2048,"error-driven, w=4",error,4,0,exact,sampled(6),3,0.55871
E1,2048,"error-driven, w=4",error,4,0,exact,sampled(4),3,0.546
E1,2048,"error-driven, w=4",error,4,0,exact,sampled(3),3,0.52206
E1,2048,"error-driven, w=4",error,4,0,exact,sampled(2),3,0.50262
E1,4096,"error-driven, w=16",error,16,0,exact,exact,3,0.87509
E1,4096,"error-driven, w=16",error,16,0,exact,trunc(1),3,0.75093
E1,4096,"error-driven, w=16",error,16,0,exact,trunc(2),3,0.38444
E1,4096,"error-driven, w=16",error,16,0,exact,trunc(3),3,0.19222
E1,4096,"error-driven, w=16",error,16,0,exact,satcomp(3),3,0.87509
E1,4096,"error-driven, w=16",error,16,0,exact,satcomp(2),3,0.87584
E1,4096,"error-driven, w=16",error,16,0,exact,satcomp(1),3,0.86088
E1,4096,"error-driven, w=16",error,16,0,exact,sampled(6),3,0.84892
E1,4096,"error-driven, w=16",error,16,0,exact,sampled(4),3,0.82573
E1,4096,"error-driven, w=16",error,16,0,exact,sampled(3),3,0.79581
E1,4096,"error-driven, w=16",error,16,0,exact,sampled(2),3,0.74869
E1,4096,"error-driven, w=4",error,4,0,exact,exact,3,0.7098
E1,4096,"error-driven, w=4",error,4,0,exact,trunc(1),3,0.70157
E1,4096,"error-driven, w=4",error,4,0,exact,trunc(2),3,0.38893
E1,4096,"error-driven, w=4",error,4,0,exact,trunc(3),3,0.19222
E1,4096,"error-driven, w=4",error,4,0,exact,satcomp(3),3,0.7098
E1,4096,"error-driven, w=4",error,4,0,exact,satcomp(2),3,0.70381
E1,4096,"error-driven, w=4",error,4,0,exact,satcomp(1),3,0.70082
E1,4096,"error-driven, w=4",error,4,0,exact,sampled(6),3,0.6926
E1,4096,"error-driven, w=4",error,4,0,exact,sampled(4),3,0.68362
E1,4096,"error-driven, w=4",error,4,0,exact,sampled(3),3,0.65146
E1,4096,"error-driven, w=4",error,4,0,exact,sampled(2),3,0.58564
E1,4096,"error-driven, w=8",error,8,0,exact,exact,3,0.88706
E1,4096,"error-driven, w=8",error,8,0,exact,trunc(1),3,0.75019
E1,4096,"error-driven, w=8",error,8,0,exact,trunc(2),3,0.37622
E1,4096,"error-driven, w=8",error,8,0,exact,trunc(3),3,0.19222
E1,4096,"error-driven, w=8",error,8,0,exact,satcomp(3),3,0.88706
E1,4096,"error-driven, w=8",error,8,0,exact,satcomp(2),3,0.88706
E1,4096,"error-driven, w=8",error,8,0,exact,satcomp(1),3,0.87584
E1,4096,"error-driven, w=8",error,8,0,exact,sampled(6),3,0.82947
E1,4096,"error-driven, w=8",error,8,0,exact,sampled(4),3,0.79207
E1,4096,"error-driven, w=8",error,8,0,exact,sampled(3),3,0.73972
E1,4096,"error-driven, w=8",error,8,0,exact,sampled(2),3,0.74271
E1,256,"error-driven, w=4, stochastic k=3",error,4,3,exact,exact,3,0.6365
E1,256,"error-driven, w=4, stochastic k=3",error,4,3,exact,trunc(1),3,0.56395
E1,256,"error-driven, w=4, stochastic k=3",error,4,3,exact,trunc(2),3,0.48542
E1,256,"error-driven, w=4, stochastic k=3",error,4,3,exact,trunc(3),3,0.19222
E1,256,"error-driven, w=4, stochastic k=3",error,4,3,exact,satcomp(3),3,0.63575
E1,256,"error-driven, w=4, stochastic k=3",error,4,3,exact,satcomp(2),3,0.44877
E1,256,"error-driven, w=4, stochastic k=3",error,4,3,exact,satcomp(1),3,0.1638
E1,256,"error-driven, w=4, stochastic k=3",error,4,3,exact,sampled(6),3,0.55273
E1,256,"error-driven, w=4, stochastic k=3",error,4,3,exact,sampled(4),3,0.56993
E1,256,"error-driven, w=4, stochastic k=3",error,4,3,exact,sampled(3),3,0.4727
E1,256,"error-driven, w=4, stochastic k=3",error,4,3,exact,sampled(2),3,0.26402
E1,1024,"error-driven, w=4, stochastic k=3",error,4,3,exact,exact,3,0.79955
E1,1024,"error-driven, w=4, stochastic k=3",error,4,3,exact,trunc(1),3,0.7098
E1,1024,"error-driven, w=4, stochastic k=3",error,4,3,exact,trunc(2),3,0.57218
E1,1024,"error-driven, w=4, stochastic k=3",error,4,3,exact,trunc(3),3,0.19297
E1,1024,"error-driven, w=4, stochastic k=3",error,4,3,exact,satcomp(3),3,0.8018
E1,1024,"error-driven, w=4, stochastic k=3",error,4,3,exact,satcomp(2),3,0.59686
E1,1024,"error-driven, w=4, stochastic k=3",error,4,3,exact,satcomp(1),3,0.20568
E1,1024,"error-driven, w=4, stochastic k=3",error,4,3,exact,sampled(6),3,0.53628
E1,1024,"error-driven, w=4, stochastic k=3",error,4,3,exact,sampled(4),3,0.53777
E1,1024,"error-driven, w=4, stochastic k=3",error,4,3,exact,sampled(3),3,0.57966
E1,1024,"error-driven, w=4, stochastic k=3",error,4,3,exact,sampled(2),3,0.25804
E2,512,"error-driven, w=8",error,8,0,satcomp(3),satcomp(3),3,0.81975
E2,512,"error-driven, w=8",error,8,0,sampled(6),sampled(6),3,0.7831
E2,512,"error-driven, w=8",error,8,0,trunc(3),trunc(3),3,0.41436
E1,512,"error-driven, w=4, stochastic k=3",error,4,3,exact,exact,3,0.75617
E1,512,"error-driven, w=4, stochastic k=3",error,4,3,exact,trunc(1),3,0.71429
E1,512,"error-driven, w=4, stochastic k=3",error,4,3,exact,trunc(2),3,0.67165
E1,512,"error-driven, w=4, stochastic k=3",error,4,3,exact,trunc(3),3,0.20643
E1,512,"error-driven, w=4, stochastic k=3",error,4,3,exact,satcomp(3),3,0.75767
E1,512,"error-driven, w=4, stochastic k=3",error,4,3,exact,satcomp(2),3,0.58788
E1,512,"error-driven, w=4, stochastic k=3",error,4,3,exact,satcomp(1),3,0.17876
E1,512,"error-driven, w=4, stochastic k=3",error,4,3,exact,sampled(6),3,0.59237
E1,512,"error-driven, w=4, stochastic k=3",error,4,3,exact,sampled(4),3,0.44278
E1,512,"error-driven, w=4, stochastic k=3",error,4,3,exact,sampled(3),3,0.33433
E1,512,"error-driven, w=4, stochastic k=3",error,4,3,exact,sampled(2),3,0.45774
E2,512,"error-driven, w=8",error,8,0,satcomp(2),satcomp(2),3,0.81975
E2,512,"error-driven, w=8",error,8,0,trunc(2),trunc(2),3,0.28497
E2,512,"error-driven, w=8",error,8,0,satcomp(1),satcomp(1),3,0.77786
E2,512,"error-driven, w=8",error,8,0,sampled(3),sampled(3),3,0.75019
E2,512,"error-driven, w=8",error,8,0,sampled(2),sampled(2),3,0.71429
E2,512,"error-driven, w=8",error,8,0,sampled(4),sampled(4),3,0.77412
E2,1024,"error-driven, w=8",error,8,0,satcomp(3),satcomp(3),3,0.80329
E3,1024,"error-driven, w=3, k=3",error,3,3,exact,exact,2,0.62004
E2,1024,"error-driven, w=8",error,8,0,trunc(1),trunc(1),3,0.77711
E2,1024,"error-driven, w=8",error,8,0,sampled(4),sampled(4),3,0.81975
E2,1024,"error-driven, w=8",error,8,0,satcomp(2),satcomp(2),3,0.82049
E1,2048,"error-driven, w=4, stochastic k=3",error,4,3,exact,exact,3,0.77038
E1,2048,"error-driven, w=4, stochastic k=3",error,4,3,exact,trunc(1),3,0.80853
E1,2048,"error-driven, w=4, stochastic k=3",error,4,3,exact,trunc(2),3,0.7472
E1,2048,"error-driven, w=4, stochastic k=3",error,4,3,exact,trunc(3),3,0.19372
E1,2048,"error-driven, w=4, stochastic k=3",error,4,3,exact,satcomp(3),3,0.77263
E1,2048,"error-driven, w=4, stochastic k=3",error,4,3,exact,satcomp(2),3,0.6926
E1,2048,"error-driven, w=4, stochastic k=3",error,4,3,exact,satcomp(1),3,0.34256
E1,2048,"error-driven, w=4, stochastic k=3",error,4,3,exact,sampled(6),3,0.58788
E1,2048,"error-driven, w=4, stochastic k=3",error,4,3,exact,sampled(4),3,0.45849
E1,2048,"error-driven, w=4, stochastic k=3",error,4,3,exact,sampled(3),3,0.43082
E1,2048,"error-driven, w=4, stochastic k=3",error,4,3,exact,sampled(2),3,0.42708
E2,1024,"error-driven, w=8",error,8,0,trunc(2),trunc(2),3,0.36275
E2,1024,"error-driven, w=8",error,8,0,sampled(3),sampled(3),3,0.7831
E2,1024,"error-driven, w=8",error,8,0,sampled(6),sampled(6),3,0.82349
E2,1024,"error-driven, w=8",error,8,0,satcomp(1),satcomp(1),3,0.76739
E2,2048,"error-driven, w=8",error,8,0,trunc(1),trunc(1),3,0.79506
E1,4096,"error-driven, w=4, stochastic k=3",error,4,3,exact,exact,3,0.7644
E1,4096,"error-driven, w=4, stochastic k=3",error,4,3,exact,trunc(1),3,0.76215
E1,4096,"error-driven, w=4, stochastic k=3",error,4,3,exact,trunc(2),3,0.79207
E1,4096,"error-driven, w=4, stochastic k=3",error,4,3,exact,trunc(3),3,0.35752
E1,4096,"error-driven, w=4, stochastic k=3",error,4,3,exact,satcomp(3),3,0.76365
E1,4096,"error-driven, w=4, stochastic k=3",error,4,3,exact,satcomp(2),3,0.69559
E1,4096,"error-driven, w=4, stochastic k=3",error,4,3,exact,satcomp(1),3,0.40912
E1,4096,"error-driven, w=4, stochastic k=3",error,4,3,exact,sampled(6),3,0.82648
E1,4096,"error-driven, w=4, stochastic k=3",error,4,3,exact,sampled(4),3,0.70456
E1,4096,"error-driven, w=4, stochastic k=3",error,4,3,exact,sampled(3),3,0.56395
E1,4096,"error-driven, w=4, stochastic k=3",error,4,3,exact,sampled(2),3,0.49963
E2,1024,"error-driven, w=8",error,8,0,sampled(2),sampled(2),3,0.77412
E2,1024,"error-driven, w=8",error,8,0,trunc(3),trunc(3),3,0.50711
E2,2048,"error-driven, w=8",error,8,0,satcomp(3),satcomp(3),3,0.8549
E3,1024,"bundle-all, w=8",bundle,8,0,exact,exact,3,0.7629
E2,2048,"error-driven, w=8",error,8,0,sampled(4),sampled(4),3,0.80329
E2,2048,"error-driven, w=8",error,8,0,satcomp(1),satcomp(1),3,0.82349
E2,2048,"error-driven, w=8",error,8,0,satcomp(2),satcomp(2),3,0.85789
E3,1024,"error-driven, w=2, k=4",error,2,4,exact,exact,2,0.55722
E1,256,"bundle-all, w=16",bundle,16,0,exact,exact,4,0.69858
E1,256,"bundle-all, w=16",bundle,16,0,exact,trunc(1),4,0.51683
E1,256,"bundle-all, w=16",bundle,16,0,exact,trunc(2),4,0.28048
E1,256,"bundle-all, w=16",bundle,16,0,exact,trunc(3),4,0.19222
E1,256,"bundle-all, w=16",bundle,16,0,exact,satcomp(3),4,0.69858
E1,256,"bundle-all, w=16",bundle,16,0,exact,satcomp(2),4,0.69858
E1,256,"bundle-all, w=16",bundle,16,0,exact,satcomp(1),4,0.68512
E1,256,"bundle-all, w=16",bundle,16,0,exact,sampled(6),4,0.6537
E1,256,"bundle-all, w=16",bundle,16,0,exact,sampled(4),4,0.67464
E1,256,"bundle-all, w=16",bundle,16,0,exact,sampled(3),4,0.60509
E1,256,"bundle-all, w=16",bundle,16,0,exact,sampled(2),4,0.57292
E2,2048,"error-driven, w=8",error,8,0,sampled(6),sampled(6),3,0.85041
E2,2048,"error-driven, w=8",error,8,0,sampled(3),sampled(3),3,0.82349
E2,2048,"error-driven, w=8",error,8,0,sampled(2),sampled(2),3,0.81975
E2,2048,"error-driven, w=8",error,8,0,trunc(2),trunc(2),3,0.39641
E1,256,"error-driven, w=16",error,16,0,exact,exact,4,0.68362
E1,256,"error-driven, w=16",error,16,0,exact,trunc(1),4,0.50262
E1,256,"error-driven, w=16",error,16,0,exact,trunc(2),4,0.19596
E1,256,"error-driven, w=16",error,16,0,exact,trunc(3),4,0.19222
E1,256,"error-driven, w=16",error,16,0,exact,satcomp(3),4,0.68362
E1,256,"error-driven, w=16",error,16,0,exact,satcomp(2),4,0.68362
E1,256,"error-driven, w=16",error,16,0,exact,satcomp(1),4,0.67016
E1,256,"error-driven, w=16",error,16,0,exact,sampled(6),4,0.62229
E1,256,"error-driven, w=16",error,16,0,exact,sampled(4),4,0.58863
E1,256,"error-driven, w=16",error,16,0,exact,sampled(3),4,0.57592
E1,256,"error-driven, w=16",error,16,0,exact,sampled(2),4,0.52805
E1,512,"bundle-all, w=16",bundle,16,0,exact,exact,4,0.72999
E1,512,"bundle-all, w=16",bundle,16,0,exact,trunc(1),4,0.60434
E1,512,"bundle-all, w=16",bundle,16,0,exact,trunc(2),4,0.28422
E1,512,"bundle-all, w=16",bundle,16,0,exact,trunc(3),4,0.19222
E1,512,"bundle-all, w=16",bundle,16,0,exact,satcomp(3),4,0.72999
E1,512,"bundle-all, w=16",bundle,16,0,exact,satcomp(2),4,0.72924
E1,512,"bundle-all, w=16",bundle,16,0,exact,satcomp(1),4,0.70606
E1,512,"bundle-all, w=16",bundle,16,0,exact,sampled(6),4,0.71204
E1,512,"bundle-all, w=16",bundle,16,0,exact,sampled(4),4,0.69858
E1,512,"bundle-all, w=16",bundle,16,0,exact,sampled(3),4,0.6537
E1,512,"bundle-all, w=16",bundle,16,0,exact,sampled(2),4,0.67464
E3,1024,"error-driven, w=8",error,8,0,exact,exact,3,0.80329
E2,2048,"error-driven, w=8",error,8,0,trunc(3),trunc(3),3,0.31713
E1,256,"error-driven, w=8",error,8,0,exact,exact,4,0.70606
E1,256,"error-driven, w=8",error,8,0,exact,trunc(1),4,0.6739
E1,256,"error-driven, w=8",error,8,0,exact,trunc(2),4,0.19147
E1,256,"error-driven, w=8",error,8,0,exact,trunc(3),4,0.19222
E1,256,"error-driven, w=8",error,8,0,exact,satcomp(3),4,0.70606
E1,256,"error-driven, w=8",error,8,0,exact,satcomp(2),4,0.70531
E1,256,"error-driven, w=8",error,8,0,exact,satcomp(1),4,0.63126
E1,256,"error-driven, w=8",error,8,0,exact,sampled(6),4,0.71055
E1,256,"error-driven, w=8",error,8,0,exact,sampled(4),4,0.67315
E1,256,"error-driven, w=8",error,8,0,exact,sampled(3),4,0.63949
E1,256,"error-driven, w=8",error,8,0,exact,sampled(2),4,0.60658
E1,1024,"bundle-all, w=16",bundle,16,0,exact,exact,4,0.73224
E1,1024,"bundle-all, w=16",bundle,16,0,exact,trunc(1),4,0.64473
E1,1024,"bundle-all, w=16",bundle,16,0,exact,trunc(2),4,0.31114
E1,1024,"bundle-all, w=16",bundle,16,0,exact,trunc(3),4,0.19222
E1,1024,"bundle-all, w=16",bundle,16,0,exact,satcomp(3),4,0.73224
E1,1024,"bundle-all, w=16",bundle,16,0,exact,satcomp(2),4,0.73224
E1,1024,"bundle-all, w=16",bundle,16,0,exact,satcomp(1),4,0.71803
E1,1024,"bundle-all, w=16",bundle,16,0,exact,sampled(6),4,0.74196
E1,1024,"bundle-all, w=16",bundle,16,0,exact,sampled(4),4,0.72999
E1,1024,"bundle-all, w=16",bundle,16,0,exact,sampled(3),4,0.71204
E1,1024,"bundle-all, w=16",bundle,16,0,exact,sampled(2),4,0.69858
E1,1024,"error-driven, w=16",error,16,0,exact,exact,4,0.83919
E1,1024,"error-driven, w=16",error,16,0,exact,trunc(1),4,0.69559
E1,1024,"error-driven, w=16",error,16,0,exact,trunc(2),4,0.33209
E1,1024,"error-driven, w=16",error,16,0,exact,trunc(3),4,0.19222
E1,1024,"error-driven, w=16",error,16,0,exact,satcomp(3),4,0.83919
E1,1024,"error-driven, w=16",error,16,0,exact,satcomp(2),4,0.83994
E1,1024,"error-driven, w=16",error,16,0,exact,satcomp(1),4,0.79357
E1,1024,"error-driven, w=16",error,16,0,exact,sampled(6),4,0.82199
E1,1024,"error-driven, w=16",error,16,0,exact,sampled(4),4,0.78459
E1,1024,"error-driven, w=16",error,16,0,exact,sampled(3),4,0.75841
E1,1024,"error-driven, w=16",error,16,0,exact,sampled(2),4,0.71877
E1,512,"error-driven, w=8",error,8,0,exact,exact,4,0.74271
E1,512,"error-driven, w=8",error,8,0,exact,trunc(1),4,0.61182
E1,512,"error-driven, w=8",error,8,0,exact,trunc(2),4,0.19147
E1,512,"error-driven, w=8",error,8,0,exact,trunc(3),4,0.19222
E1,512,"error-driven, w=8",error,8,0,exact,satcomp(3),4,0.74271
E1,512,"error-driven, w=8",error,8,0,exact,satcomp(2),4,0.74046
E1,512,"error-driven, w=8",error,8,0,exact,satcomp(1),4,0.7098
E1,512,"error-driven, w=8",error,8,0,exact,sampled(6),4,0.68886
E1,512,"error-driven, w=8",error,8,0,exact,sampled(4),4,0.7255
E1,512,"error-driven, w=8",error,8,0,exact,sampled(3),4,0.727
E1,512,"error-driven, w=8",error,8,0,exact,sampled(2),4,0.68362
E1,512,"error-driven, w=16",error,16,0,exact,exact,4,0.79432
E1,512,"error-driven, w=16",error,16,0,exact,trunc(1),4,0.5834
E1,512,"error-driven, w=16",error,16,0,exact,trunc(2),4,0.27898
E1,512,"error-driven, w=16",error,16,0,exact,trunc(3),4,0.19222
E1,512,"error-driven, w=16",error,16,0,exact,satcomp(3),4,0.79432
E1,512,"error-driven, w=16",error,16,0,exact,satcomp(2),4,0.79432
E1,512,"error-driven, w=16",error,16,0,exact,satcomp(1),4,0.77337
E1,512,"error-driven, w=16",error,16,0,exact,sampled(6),4,0.76664
E1,512,"error-driven, w=16",error,16,0,exact,sampled(4),4,0.71803
E1,512,"error-driven, w=16",error,16,0,exact,sampled(3),4,0.67614
E1,512,"error-driven, w=16",error,16,0,exact,sampled(2),4,0.66118
E3,1024,"error-driven, w=4",error,4,0,exact,exact,3,0.4009
E1,256,"error-driven, w=4",error,4,0,exact,exact,4,0.56021
E1,256,"error-driven, w=4",error,4,0,exact,trunc(1),4,0.54375
E1,256,"error-driven, w=4",error,4,0,exact,trunc(2),4,0.32685
E1,256,"error-driven, w=4",error,4,0,exact,trunc(3),4,0.19222
E1,256,"error-driven, w=4",error,4,0,exact,satcomp(3),4,0.56021
E1,256,"error-driven, w=4",error,4,0,exact,satcomp(2),4,0.57666
E1,256,"error-driven, w=4",error,4,0,exact,satcomp(1),4,0.51832
E1,256,"error-driven, w=4",error,4,0,exact,sampled(6),4,0.55198
E1,256,"error-driven, w=4",error,4,0,exact,sampled(4),4,0.4742
E1,256,"error-driven, w=4",error,4,0,exact,sampled(3),4,0.36874
E1,256,"error-driven, w=4",error,4,0,exact,sampled(2),4,0.32835
E1,2048,"bundle-all, w=16",bundle,16,0,exact,exact,4,0.78085
E1,2048,"bundle-all, w=16",bundle,16,0,exact,trunc(1),4,0.68512
E1,2048,"bundle-all, w=16",bundle,16,0,exact,trunc(2),4,0.40539
E1,2048,"bundle-all, w=16",bundle,16,0,exact,trunc(3),4,0.19222
E1,2048,"bundle-all, w=16",bundle,16,0,exact,satcomp(3),4,0.78085
E1,2048,"bundle-all, w=16",bundle,16,0,exact,satcomp(2),4,0.7816
E1,2048,"bundle-all, w=16",bundle,16,0,exact,satcomp(1),4,0.76739
E1,2048,"bundle-all, w=16",bundle,16,0,exact,sampled(6),4,0.75692
E1,2048,"bundle-all, w=16",bundle,16,0,exact,sampled(4),4,0.73224
E1,2048,"bundle-all, w=16",bundle,16,0,exact,sampled(3),4,0.74196
E1,2048,"bundle-all, w=16",bundle,16,0,exact,sampled(2),4,0.72999
E1,512,"error-driven, w=4",error,4,0,exact,exact,4,0.59237
E1,512,"error-driven, w=4",error,4,0,exact,trunc(1),4,0.58564
E1,512,"error-driven, w=4",error,4,0,exact,trunc(2),4,0.38369
E1,512,"error-driven, w=4",error,4,0,exact,trunc(3),4,0.19222
E1,512,"error-driven, w=4",error,4,0,exact,satcomp(3),4,0.59237
E1,512,"error-driven, w=4",error,4,0,exact,satcomp(2),4,0.59686
E1,512,"error-driven, w=4",error,4,0,exact,satcomp(1),4,0.55049
E1,512,"error-driven, w=4",error,4,0,exact,sampled(6),4,0.57966
E1,512,"error-driven, w=4",error,4,0,exact,sampled(4),4,0.55348
E1,512,"error-driven, w=4",error,4,0,exact,sampled(3),4,0.48542
E1,512,"error-driven, w=4",error,4,0,exact,sampled(2),4,0.40015
E1,1024,"error-driven, w=8",error,8,0,exact,exact,4,0.82573
E1,1024,"error-driven, w=8",error,8,0,exact,trunc(1),4,0.67464
E1,1024,"error-driven, w=8",error,8,0,exact,trunc(2),4,0.28571
E1,1024,"error-driven, w=8",error,8,0,exact,trunc(3),4,0.19222
E1,1024,"error-driven, w=8",error,8,0,exact,satcomp(3),4,0.82573
E1,1024,"error-driven, w=8",error,8,0,exact,satcomp(2),4,0.82573
E1,1024,"error-driven, w=8",error,8,0,exact,satcomp(1),4,0.80853
E1,1024,"error-driven, w=8",error,8,0,exact,sampled(6),4,0.78833
E1,1024,"error-driven, w=8",error,8,0,exact,sampled(4),4,0.77636
E1,1024,"error-driven, w=8",error,8,0,exact,sampled(3),4,0.74121
E1,1024,"error-driven, w=8",error,8,0,exact,sampled(2),4,0.71728
E1,1024,"error-driven, w=4",error,4,0,exact,exact,4,0.43605
E1,1024,"error-driven, w=4",error,4,0,exact,trunc(1),4,0.44802
E1,1024,"error-driven, w=4",error,4,0,exact,trunc(2),4,0.34331
E1,1024,"error-driven, w=4",error,4,0,exact,trunc(3),4,0.19222
E1,1024,"error-driven, w=4",error,4,0,exact,satcomp(3),4,0.43605
E1,1024,"error-driven, w=4",error,4,0,exact,satcomp(2),4,0.45251
E1,1024,"error-driven, w=4",error,4,0,exact,satcomp(1),4,0.43605
E1,1024,"error-driven, w=4",error,4,0,exact,sampled(6),4,0.44877
E1,1024,"error-driven, w=4",error,4,0,exact,sampled(4),4,0.40539
E1,1024,"error-driven, w=4",error,4,0,exact,sampled(3),4,0.39641
E1,1024,"error-driven, w=4",error,4,0,exact,sampled(2),4,0.33209
E1,4096,"bundle-all, w=16",bundle,16,0,exact,exact,4,0.79731
E1,4096,"bundle-all, w=16",bundle,16,0,exact,trunc(1),4,0.69559
E1,4096,"bundle-all, w=16",bundle,16,0,exact,trunc(2),4,0.40763
E1,4096,"bundle-all, w=16",bundle,16,0,exact,trunc(3),4,0.19222
E1,4096,"bundle-all, w=16",bundle,16,0,exact,satcomp(3),4,0.79731
E1,4096,"bundle-all, w=16",bundle,16,0,exact,satcomp(2),4,0.79731
E1,4096,"bundle-all, w=16",bundle,16,0,exact,satcomp(1),4,0.79282
E1,4096,"bundle-all, w=16",bundle,16,0,exact,sampled(6),4,0.79132
E1,4096,"bundle-all, w=16",bundle,16,0,exact,sampled(4),4,0.78085
E1,4096,"bundle-all, w=16",bundle,16,0,exact,sampled(3),4,0.75692
E1,4096,"bundle-all, w=16",bundle,16,0,exact,sampled(2),4,0.73224
E1,2048,"error-driven, w=8",error,8,0,exact,exact,4,0.8721
E1,2048,"error-driven, w=8",error,8,0,exact,trunc(1),4,0.71728
E1,2048,"error-driven, w=8",error,8,0,exact,trunc(2),4,0.36574
E1,2048,"error-driven, w=8",error,8,0,exact,trunc(3),4,0.19222
E1,2048,"error-driven, w=8",error,8,0,exact,satcomp(3),4,0.8721
E1,2048,"error-driven, w=8",error,8,0,exact,satcomp(2),4,0.8721
E1,2048,"error-driven, w=8",error,8,0,exact,satcomp(1),4,0.84518
E1,2048,"error-driven, w=8",error,8,0,exact,sampled(6),4,0.84293
E1,2048,"error-driven, w=8",error,8,0,exact,sampled(4),4,0.81825
E1,2048,"error-driven, w=8",error,8,0,exact,sampled(3),4,0.79058
E1,2048,"error-driven, w=8",error,8,0,exact,sampled(2),4,0.79806
E1,2048,"error-driven, w=16",error,16,0,exact,exact,4,0.86313
E1,2048,"error-driven, w=16",error,16,0,exact,trunc(1),4,0.68736
E1,2048,"error-driven, w=16",error,16,0,exact,trunc(2),4,0.38818
E1,2048,"error-driven, w=16",error,16,0,exact,trunc(3),4,0.19222
E1,2048,"error-driven, w=16",error,16,0,exact,satcomp(3),4,0.86313
E1,2048,"error-driven, w=16",error,16,0,exact,satcomp(2),4,0.86387
E1,2048,"error-driven, w=16",error,16,0,exact,satcomp(1),4,0.85041
E1,2048,"error-driven, w=16",error,16,0,exact,sampled(6),4,0.84966
E1,2048,"error-driven, w=16",error,16,0,exact,sampled(4),4,0.82573
E1,2048,"error-driven, w=16",error,16,0,exact,sampled(3),4,0.80703
E1,2048,"error-driven, w=16",error,16,0,exact,sampled(2),4,0.77786
E1,2048,"error-driven, w=4",error,4,0,exact,exact,4,0.40763
E1,2048,"error-driven, w=4",error,4,0,exact,trunc(1),4,0.4009
E1,2048,"error-driven, w=4",error,4,0,exact,trunc(2),4,0.20494
E1,2048,"error-driven, w=4",error,4,0,exact,trunc(3),4,0.19222
E1,2048,"error-driven, w=4",error,4,0,exact,satcomp(3),4,0.40763
E1,2048,"error-driven, w=4",error,4,0,exact,satcomp(2),4,0.43306
E1,2048,"error-driven, w=4",error,4,0,exact,satcomp(1),4,0.4899
E1,2048,"error-driven, w=4",error,4,0,exact,sampled(6),4,0.39417
E1,2048,"error-driven, w=4",error,4,0,exact,sampled(4),4,0.39267
E1,2048,"error-driven, w=4",error,4,0,exact,sampled(3),4,0.39342
E1,2048,"error-driven, w=4",error,4,0,exact,sampled(2),4,0.35004
E3,1024,"error-driven, w=3, k=3",error,3,3,exact,exact,3,0.62678
E1,512,"error-driven, w=4, stochastic k=3",error,4,3,exact,exact,4,0.75467
E1,512,"error-driven, w=4, stochastic k=3",error,4,3,exact,trunc(1),4,0.75991
E1,512,"error-driven, w=4, stochastic k=3",error,4,3,exact,trunc(2),4,0.727
E1,512,"error-driven, w=4, stochastic k=3",error,4,3,exact,trunc(3),4,0.19147
E1,512,"error-driven, w=4, stochastic k=3",error,4,3,exact,satcomp(3),4,0.75393
E1,512,"error-driven, w=4, stochastic k=3",error,4,3,exact,satcomp(2),4,0.48691
E1,512,"error-driven, w=4, stochastic k=3",error,4,3,exact,satcomp(1),4,0.08601
E1,512,"error-driven, w=4, stochastic k=3",error,4,3,exact,sampled(6),4,0.64996
E1,512,"error-driven, w=4, stochastic k=3",error,4,3,exact,sampled(4),4,0.55198
E1,512,"error-driven, w=4, stochastic k=3",error,4,3,exact,sampled(3),4,0.43381
E1,512,"error-driven, w=4, stochastic k=3",error,4,3,exact,sampled(2),4,0.46821
E1,4096,"error-driven, w=16",error,16,0,exact,exact,4,0.8736
E1,4096,"error-driven, w=16",error,16,0,exact,trunc(1),4,0.74794
E1,4096,"error-driven, w=16",error,16,0,exact,trunc(2),4,0.39716
E1,4096,"error-driven, w=16",error,16,0,exact,trunc(3),4,0.19222
E1,4096,"error-driven, w=16",error,16,0,exact,satcomp(3),4,0.8736
E1,4096,"error-driven, w=16",error,16,0,exact,satcomp(2),4,0.87435
E1,4096,"error-driven, w=16",error,16,0,exact,satcomp(1),4,0.87061
E1,4096,"error-driven, w=16",error,16,0,exact,sampled(6),4,0.86612
E1,4096,"error-driven, w=16",error,16,0,exact,sampled(4),4,0.85864
E1,4096,"error-driven, w=16",error,16,0,exact,sampled(3),4,0.83096
E1,4096,"error-driven, w=16",error,16,0,exact,sampled(2),4,0.81376
E1,4096,"error-driven, w=8",error,8,0,exact,exact,4,0.87509
E1,4096,"error-driven, w=8",error,8,0,exact,trunc(1),4,0.71578
E1,4096,"error-driven, w=8",error,8,0,exact,trunc(2),4,0.37921
E1,4096,"error-driven, w=8",error,8,0,exact,trunc(3),4,0.19222
E1,4096,"error-driven, w=8",error,8,0,exact,satcomp(3),4,0.87509
E1,4096,"error-driven, w=8",error,8,0,exact,satcomp(2),4,0.87509
E1,4096,"error-driven, w=8",error,8,0,exact,satcomp(1),4,0.86387
E1,4096,"error-driven, w=8",error,8,0,exact,sampled(6),4,0.82498
E1,4096,"error-driven, w=8",error,8,0,exact,sampled(4),4,0.83994
E1,4096,"error-driven, w=8",error,8,0,exact,sampled(3),4,0.8175
E1,4096,"error-driven, w=8",error,8,0,exact,sampled(2),4,0.75617
E2,512,"error-driven, w=8",error,8,0,satcomp(3),satcomp(3),4,0.74271
E3,1024,"error-driven, w=4, k=3",error,4,3,exact,exact,3,0.79955
E1,4096,"error-driven, w=4",error,4,0,exact,exact,4,0.62453
E1,4096,"error-driven, w=4",error,4,0,exact,trunc(1),4,0.58265
E1,4096,"error-driven, w=4",error,4,0,exact,trunc(2),4,0.37771
E1,4096,"error-driven, w=4",error,4,0,exact,trunc(3),4,0.19222
E1,4096,"error-driven, w=4",error,4,0,exact,satcomp(3),4,0.62453
E1,4096,"error-driven, w=4",error,4,0,exact,satcomp(2),4,0.68212
E1,4096,"error-driven, w=4",error,4,0,exact,satcomp(1),4,0.70681
E1,4096,"error-driven, w=4",error,4,0,exact,sampled(6),4,0.58863
E1,4096,"error-driven, w=4",error,4,0,exact,sampled(4),4,0.5834
E1,4096,"error-driven, w=4",error,4,0,exact,sampled(3),4,0.57741
E1,4096,"error-driven, w=4",error,4,0,exact,sampled(2),4,0.57068
E1,256,"error-driven, w=4, stochastic k=3",error,4,3,exact,exact,4,0.68437
E1,256,"error-driven, w=4, stochastic k=3",error,4,3,exact,trunc(1),4,0.6537
E1,256,"error-driven, w=4, stochastic k=3",error,4,3,exact,trunc(2),4,0.56171
E1,256,"error-driven, w=4, stochastic k=3",error,4,3,exact,trunc(3),4,0.19222
E1,256,"error-driven, w=4, stochastic k=3",error,4,3,exact,satcomp(3),4,0.68736
E1,256,"error-driven, w=4, stochastic k=3",error,4,3,exact,satcomp(2),4,0.50262
E1,256,"error-driven, w=4, stochastic k=3",error,4,3,exact,satcomp(1),4,0.20344
E1,256,"error-driven, w=4, stochastic k=3",error,4,3,exact,sampled(6),4,0.42109
E1,256,"error-driven, w=4, stochastic k=3",error,4,3,exact,sampled(4),4,0.37322
E1,256,"error-driven, w=4, stochastic k=3",error,4,3,exact,sampled(3),4,0.26253
E1,256,"error-driven, w=4, stochastic k=3",error,4,3,exact,sampled(2),4,0.3463
E2,512,"error-driven, w=8",error,8,0,satcomp(2),satcomp(2),4,0.7644
E2,512,"error-driven, w=8",error,8,0,trunc(1),trunc(1),4,0.70681
E2,512,"error-driven, w=8",error,8,0,sampled(4),sampled(4),4,0.70606
E2,512,"error-driven, w=8",error,8,0,satcomp(1),satcomp(1),4,0.77861
E2,512,"error-driven, w=8",error,8,0,trunc(2),trunc(2),4,0.33134
E2,512,"error-driven, w=8",error,8,0,sampled(3),sampled(3),4,0.68362
E2,512,"error-driven, w=8",error,8,0,trunc(3),trunc(3),4,0.33732
E2,512,"error-driven, w=8",error,8,0,sampled(6),sampled(6),4,0.79207
E2,1024,"error-driven, w=8",error,8,0,satcomp(3),satcomp(3),4,0.82573
E1,1024,"error-driven, w=4, stochastic k=3",error,4,3,exact,exact,4,0.70531
E1,1024,"error-driven, w=4, stochastic k=3",error,4,3,exact,trunc(1),4,0.68586
E1,1024,"error-driven, w=4, stochastic k=3",error,4,3,exact,trunc(2),4,0.64323
E1,1024,"error-driven, w=4, stochastic k=3",error,4,3,exact,trunc(3),4,0.27823
E1,1024,"error-driven, w=4, stochastic k=3",error,4,3,exact,satcomp(3),4,0.70531
E1,1024,"error-driven, w=4, stochastic k=3",error,4,3,exact,satcomp(2),4,0.36799
E1,1024,"error-driven, w=4, stochastic k=3",error,4,3,exact,satcomp(1),4,0.15482
E1,1024,"error-driven, w=4, stochastic k=3",error,4,3,exact,sampled(6),4,0.55198
E1,1024,"error-driven, w=4, stochastic k=3",error,4,3,exact,sampled(4),4,0.29918
E1,1024,"error-driven, w=4, stochastic k=3",error,4,3,exact,sampled(3),4,0.2917
E1,1024,"error-driven, w=4, stochastic k=3",error,4,3,exact,sampled(2),4,0.29095
E2,1024,"error-driven, w=8",error,8,0,trunc(2),trunc(2),4,0.41361
E2,512,"error-driven, w=8",error,8,0,sampled(2),sampled(2),4,0.62827
E2,1024,"error-driven, w=8",error,8,0,trunc(1),trunc(1),4,0.80254
E1,2048,"error-driven, w=4, stochastic k=3",error,4,3,exact,exact,4,0.81675
E1,2048,"error-driven, w=4, stochastic k=3",error,4,3,exact,trunc(1),4,0.81675
E1,2048,"error-driven, w=4, stochastic k=3",error,4,3,exact,trunc(2),4,0.71279
E1,2048,"error-driven, w=4, stochastic k=3",error,4,3,exact,trunc(3),4,0.19222
E1,2048,"error-driven, w=4, stochastic k=3",error,4,3,exact,satcomp(3),4,0.81975
E1,2048,"error-driven, w=4, stochastic k=3",error,4,3,exact,satcomp(2),4,0.71429
E1,2048,"error-driven, w=4, stochastic k=3",error,4,3,exact,satcomp(1),4,0.34256
E1,2048,"error-driven, w=4, stochastic k=3",error,4,3,exact,sampled(6),4,0.7816
E1,2048,"error-driven, w=4, stochastic k=3",error,4,3,exact,sampled(4),4,0.64996
E1,2048,"error-driven, w=4, stochastic k=3",error,4,3,exact,sampled(3),4,0.52356
E1,2048,"error-driven, w=4, stochastic k=3",error,4,3,exact,sampled(2),4,0.50262
E2,1024,"error-driven, w=8",error,8,0,satcomp(2),satcomp(2),4,0.84218
E3,1024,"error-driven, w=2, k=4",error,2,4,exact,exact,3,0.66268
E2,1024,"error-driven, w=8",error,8,0,sampled(6),sampled(6),4,0.83022
E2,1024,"error-driven, w=8",error,8,0,sampled(2),sampled(2),4,0.70606
E1,4096,"error-driven, w=4, stochastic k=3",error,4,3,exact,exact,4,0.82124
E1,4096,"error-driven, w=4, stochastic k=3",error,4,3,exact,trunc(1),4,0.7988
E1,4096,"error-driven, w=4, stochastic k=3",error,4,3,exact,trunc(2),4,0.82498
E1,4096,"error-driven, w=4, stochastic k=3",error,4,3,exact,trunc(3),4,0.34256
E1,4096,"error-driven, w=4, stochastic k=3",error,4,3,exact,satcomp(3),4,0.82199
E1,4096,"error-driven, w=4, stochastic k=3",error,4,3,exact,satcomp(2),4,0.83022
E1,4096,"error-driven, w=4, stochastic k=3",error,4,3,exact,satcomp(1),4,0.47868
E1,4096,"error-driven, w=4, stochastic k=3",error,4,3,exact,sampled(6),4,0.71803
E1,4096,"error-driven, w=4, stochastic k=3",error,4,3,exact,sampled(4),4,0.57367
E1,4096,"error-driven, w=4, stochastic k=3",error,4,3,exact,sampled(3),4,0.546
E1,4096,"error-driven, w=4, stochastic k=3",error,4,3,exact,sampled(2),4,0.69035
E2,1024,"error-driven, w=8",error,8,0,satcomp(1),satcomp(1),4,0.82573
E2,1024,"error-driven, w=8",error,8,0,sampled(4),sampled(4),4,0.74271
E2,1024,"error-driven, w=8",error,8,0,trunc(3),trunc(3),4,0.35303
E2,1024,"error-driven, w=8",error,8,0,sampled(3),sampled(3),4,0.79207
E2,2048,"error-driven, w=8",error,8,0,trunc(2),trunc(2),4,0.53852
E2,2048,"error-driven, w=8",error,8,0,sampled(6),sampled(6),4,0.84144
E2,2048,"error-driven, w=8",error,8,0,sampled(3),sampled(3),4,0.83022
E2,2048,"error-driven, w=8",error,8,0,satcomp(1),satcomp(1),4,0.85041
E2,2048,"error-driven, w=8",error,8,0,satcomp(3),satcomp(3),4,0.8721
E3,1024,"bundle-all, w=8",bundle,8,0,exact,exact,4,0.73224
E2,2048,"error-driven, w=8",error,8,0,trunc(1),trunc(1),4,0.81975
E2,2048,"error-driven, w=8",error,8,0,sampled(2),sampled(2),4,0.74271
E2,2048,"error-driven, w=8",error,8,0,satcomp(2),satcomp(2),4,0.86238
E2,2048,"error-driven, w=8",error,8,0,sampled(4),sampled(4),4,0.82573
E2,2048,"error-driven, w=8",error,8,0,trunc(3),trunc(3),4,0.28871
E3,1024,"error-driven, w=8",error,8,0,exact,exact,4,0.82573
E3,1024,"error-driven, w=4",error,4,0,exact,exact,4,0.43605
E3,1024,"error-driven, w=4, k=3",error,4,3,exact,exact,4,0.70531
E3,1024,"error-driven, w=3, k=3",error,3,3,exact,exact,4,0.66567
E3,1024,"error-driven, w=2, k=4",error,2,4,exact,exact,4,0.52132
