exp,seed,design,sim,subject,learn,frac_seen,stream_len,holdout_acc,preq_acc
adapt,0,w=8,exact,10,0,0.0,202,0.425,0.81188
adapt,0,w=8,exact,10,0,0.1,202,0.425,0.81188
adapt,0,w=8,exact,10,0,0.2,202,0.425,0.81188
adapt,0,w=8,exact,10,0,0.3,202,0.425,0.81188
adapt,0,w=8,exact,10,0,0.4,202,0.425,0.81188
adapt,0,w=8,exact,10,0,0.5,202,0.425,0.81188
adapt,0,w=8,exact,10,0,0.6,202,0.425,0.81188
adapt,0,w=8,exact,10,0,0.7,202,0.425,0.81188
adapt,0,w=8,exact,10,0,0.8,202,0.425,0.81188
adapt,0,w=8,exact,10,0,0.9,202,0.425,0.81188
adapt,0,w=8,exact,10,0,1.0,202,0.425,0.81188
adapt,0,w=8,exact,10,1,0.0,202,0.425,0.93069
adapt,0,w=8,exact,10,1,0.1,202,0.425,0.93069
adapt,0,w=8,exact,10,1,0.2,202,0.425,0.93069
adapt,0,w=8,exact,10,1,0.3,202,0.425,0.93069
adapt,0,w=8,exact,10,1,0.4,202,0.425,0.93069
adapt,0,w=8,exact,10,1,0.5,202,0.475,0.93069
adapt,0,w=8,exact,10,1,0.6,202,0.475,0.93069
adapt,0,w=8,exact,10,1,0.7,202,0.5,0.93069
adapt,0,w=8,exact,10,1,0.8,202,0.575,0.93069
adapt,0,w=8,exact,10,1,0.9,202,0.575,0.93069
adapt,0,w=8,exact,10,1,1.0,202,0.6,0.93069
adapt,0,w=8,exact,2,0,0.0,208,0.86585,0.80288
adapt,0,w=8,exact,2,0,0.1,208,0.86585,0.80288
adapt,0,w=8,exact,2,0,0.2,208,0.86585,0.80288
adapt,0,w=8,exact,2,0,0.3,208,0.86585,0.80288
adapt,0,w=8,exact,2,0,0.4,208,0.86585,0.80288
adapt,0,w=8,exact,2,0,0.5,208,0.86585,0.80288
adapt,0,w=8,exact,2,0,0.6,208,0.86585,0.80288
adapt,0,w=8,exact,2,0,0.7,208,0.86585,0.80288
adapt,0,w=8,exact,2,0,0.8,208,0.86585,0.80288
adapt,0,w=8,exact,2,0,0.9,208,0.86585,0.80288
adapt,0,w=8,exact,2,0,1.0,208,0.86585,0.80288
adapt,0,w=8,exact,2,1,0.0,208,0.86585,0.93269
adapt,0,w=8,exact,2,1,0.1,208,0.86585,0.93269
adapt,0,w=8,exact,2,1,0.2,208,0.85366,0.93269
adapt,0,w=8,exact,2,1,0.3,208,0.84146,0.93269
adapt,0,w=8,exact,2,1,0.4,208,0.84146,0.93269
adapt,0,w=8,exact,2,1,0.5,208,0.84146,0.93269
adapt,0,w=8,exact,2,1,0.6,208,0.84146,0.93269
adapt,0,w=8,exact,2,1,0.7,208,0.81707,0.93269
adapt,0,w=8,exact,2,1,0.8,208,0.89024,0.93269
adapt,0,w=8,exact,2,1,0.9,208,0.89024,0.93269
adapt,0,w=8,exact,2,1,1.0,208,0.84146,0.93269
adapt,0,w=8,exact,9,0,0.0,200,0.73684,0.72
adapt,0,w=8,exact,9,0,0.1,200,0.73684,0.72
adapt,0,w=8,exact,9,0,0.2,200,0.73684,0.72
adapt,0,w=8,exact,9,0,0.3,200,0.73684,0.72
adapt,0,w=8,exact,9,0,0.4,200,0.73684,0.72
adapt,0,w=8,exact,9,0,0.5,200,0.73684,0.72
adapt,0,w=8,exact,9,0,0.6,200,0.73684,0.72
adapt,0,w=8,exact,9,0,0.7,200,0.73684,0.72
adapt,0,w=8,exact,9,0,0.8,200,0.73684,0.72
adapt,0,w=8,exact,9,0,0.9,200,0.73684,0.72
adapt,0,w=8,exact,9,0,1.0,200,0.73684,0.72
adapt,0,w=8,exact,9,1,0.0,200,0.73684,0.855
adapt,0,w=8,exact,9,1,0.1,200,0.73684,0.855
adapt,0,w=8,exact,9,1,0.2,200,0.80263,0.855
adapt,0,w=8,exact,9,1,0.3,200,0.81579,0.855
adapt,0,w=8,exact,9,1,0.4,200,0.82895,0.855
adapt,0,w=8,exact,9,1,0.5,200,0.77632,0.855
adapt,0,w=8,exact,9,1,0.6,200,0.84211,0.855
adapt,0,w=8,exact,9,1,0.7,200,0.88158,0.855
adapt,0,w=8,exact,9,1,0.8,200,0.78947,0.855
adapt,0,w=8,exact,9,1,0.9,200,0.82895,0.855
adapt,0,w=8,exact,9,1,1.0,200,0.82895,0.855
adapt,0,w=8,exact,4,0,0.0,220,0.81176,0.86818
adapt,0,w=8,exact,4,0,0.1,220,0.81176,0.86818
adapt,0,w=8,exact,4,0,0.2,220,0.81176,0.86818
adapt,0,w=8,exact,4,0,0.3,220,0.81176,0.86818
adapt,0,w=8,exact,4,0,0.4,220,0.81176,0.86818
adapt,0,w=8,exact,4,0,0.5,220,0.81176,0.86818
adapt,0,w=8,exact,4,0,0.6,220,0.81176,0.86818
adapt,0,w=8,exact,4,0,0.7,220,0.81176,0.86818
adapt,0,w=8,exact,4,0,0.8,220,0.81176,0.86818
adapt,0,w=8,exact,4,0,0.9,220,0.81176,0.86818
adapt,0,w=8,exact,4,0,1.0,220,0.81176,0.86818
adapt,0,w=8,exact,4,1,0.0,220,0.81176,0.91818
adapt,0,w=8,exact,4,1,0.1,220,0.78824,0.91818
adapt,0,w=8,exact,4,1,0.2,220,0.8,0.91818
adapt,0,w=8,exact,4,1,0.3,220,0.76471,0.91818
adapt,0,w=8,exact,4,1,0.4,220,0.75294,0.91818
adapt,0,w=8,exact,4,1,0.5,220,0.75294,0.91818
adapt,0,w=8,exact,4,1,0.6,220,0.69412,0.91818
adapt,0,w=8,exact,4,1,0.7,220,0.65882,0.91818
adapt,0,w=8,exact,4,1,0.8,220,0.67059,0.91818
adapt,0,w=8,exact,4,1,0.9,220,0.71765,0.91818
adapt,0,w=8,exact,4,1,1.0,220,0.69412,0.91818
adapt,0,w=8,exact,13,0,0.0,225,0.81111,0.87111
adapt,0,w=8,exact,13,0,0.1,225,0.81111,0.87111
adapt,0,w=8,exact,13,0,0.2,225,0.81111,0.87111
adapt,0,w=8,exact,13,0,0.3,225,0.81111,0.87111
adapt,0,w=8,exact,13,0,0.4,225,0.81111,0.87111
adapt,0,w=8,exact,13,0,0.5,225,0.81111,0.87111
adapt,0,w=8,exact,13,0,0.6,225,0.81111,0.87111
adapt,0,w=8,exact,13,0,0.7,225,0.81111,0.87111
adapt,0,w=8,exact,13,0,0.8,225,0.81111,0.87111
adapt,0,w=8,exact,13,0,0.9,225,0.81111,0.87111
adapt,0,w=8,exact,13,0,1.0,225,0.81111,0.87111
adapt,0,w=8,exact,13,1,0.0,225,0.81111,0.95111
adapt,0,w=8,exact,13,1,0.1,225,0.9,0.95111
adapt,0,w=8,exact,13,1,0.2,225,0.88889,0.95111
adapt,0,w=8,exact,13,1,0.3,225,0.88889,0.95111
adapt,0,w=8,exact,13,1,0.4,225,0.88889,0.95111
adapt,0,w=8,exact,13,1,0.5,225,0.88889,0.95111
adapt,0,w=8,exact,13,1,0.6,225,0.91111,0.95111
adapt,0,w=8,exact,13,1,0.7,225,0.91111,0.95111
adapt,0,w=8,exact,13,1,0.8,225,0.94444,0.95111
adapt,0,w=8,exact,13,1,0.9,225,0.94444,0.95111
adapt,0,w=8,exact,13,1,1.0,225,0.91111,0.95111
adapt,0,w=8,exact,18,0,0.0,252,0.69,0.79762
adapt,0,w=8,exact,18,0,0.1,252,0.69,0.79762
adapt,0,w=8,exact,18,0,0.2,252,0.69,0.79762
adapt,0,w=8,exact,18,0,0.3,252,0.69,0.79762
adapt,0,w=8,exact,18,0,0.4,252,0.69,0.79762
adapt,0,w=8,exact,18,0,0.5,252,0.69,0.79762
adapt,0,w=8,exact,18,0,0.6,252,0.69,0.79762
adapt,0,w=8,exact,18,0,0.7,252,0.69,0.79762
adapt,0,w=8,exact,18,0,0.8,252,0.69,0.79762
adapt,0,w=8,exact,18,0,0.9,252,0.69,0.79762
adapt,0,w=8,exact,18,0,1.0,252,0.69,0.79762
adapt,0,w=8,exact,18,1,0.0,252,0.69,0.94048
adapt,0,w=8,exact,18,1,0.1,252,0.69,0.94048
adapt,0,w=8,exact,18,1,0.2,252,0.69,0.94048
adapt,0,w=8,exact,18,1,0.3,252,0.8,0.94048
adapt,0,w=8,exact,18,1,0.4,252,0.8,0.94048
adapt,0,w=8,exact,18,1,0.5,252,0.84,0.94048
adapt,0,w=8,exact,18,1,0.6,252,0.79,0.94048
adapt,0,w=8,exact,18,1,0.7,252,0.87,0.94048
adapt,0,w=8,exact,18,1,0.8,252,0.88,0.94048
adapt,0,w=8,exact,18,1,0.9,252,0.94,0.94048
adapt,0,w=8,exact,18,1,1.0,252,0.89,0.94048
adapt,0,w=8,exact,24,0,0.0,264,0.77143,0.89394
adapt,0,w=8,exact,24,0,0.1,264,0.77143,0.89394
adapt,0,w=8,exact,24,0,0.2,264,0.77143,0.89394
adapt,0,w=8,exact,24,0,0.3,264,0.77143,0.89394
adapt,0,w=8,exact,24,0,0.4,264,0.77143,0.89394
adapt,0,w=8,exact,24,0,0.5,264,0.77143,0.89394
adapt,0,w=8,exact,24,0,0.6,264,0.77143,0.89394
adapt,0,w=8,exact,24,0,0.7,264,0.77143,0.89394
adapt,0,w=8,exact,24,0,0.8,264,0.77143,0.89394
adapt,0,w=8,exact,24,0,0.9,264,0.77143,0.89394
adapt,0,w=8,exact,24,0,1.0,264,0.77143,0.89394
adapt,0,w=8,exact,24,1,0.0,264,0.77143,0.95455
adapt,0,w=8,exact,24,1,0.1,264,0.7619,0.95455
adapt,0,w=8,exact,24,1,0.2,264,0.7619,0.95455
adapt,0,w=8,exact,24,1,0.3,264,0.89524,0.95455
adapt,0,w=8,exact,24,1,0.4,264,0.89524,0.95455
adapt,0,w=8,exact,24,1,0.5,264,0.87619,0.95455
adapt,0,w=8,exact,24,1,0.6,264,0.89524,0.95455
adapt,0,w=8,exact,24,1,0.7,264,0.90476,0.95455
adapt,0,w=8,exact,24,1,0.8,264,0.86667,0.95455
adapt,0,w=8,exact,24,1,0.9,264,0.86667,0.95455
adapt,0,w=8,exact,24,1,1.0,264,0.85714,0.95455
adapt,0,w=8,exact,12,0,0.0,222,0.74419,0.83333
adapt,0,w=8,exact,12,0,0.1,222,0.74419,0.83333
adapt,0,w=8,exact,12,0,0.2,222,0.74419,0.83333
adapt,0,w=8,exact,12,0,0.3,222,0.74419,0.83333
adapt,0,w=8,exact,12,0,0.4,222,0.74419,0.83333
adapt,0,w=8,exact,12,0,0.5,222,0.74419,0.83333
adapt,0,w=8,exact,12,0,0.6,222,0.74419,0.83333
adapt,0,w=8,exact,12,0,0.7,222,0.74419,0.83333
adapt,0,w=8,exact,12,0,0.8,222,0.74419,0.83333
adapt,0,w=8,exact,12,0,0.9,222,0.74419,0.83333
adapt,0,w=8,exact,12,0,1.0,222,0.74419,0.83333
adapt,0,w=8,exact,12,1,0.0,222,0.74419,0.91892
adapt,0,w=8,exact,12,1,0.1,222,0.74419,0.91892
adapt,0,w=8,exact,12,1,0.2,222,0.83721,0.91892
adapt,0,w=8,exact,12,1,0.3,222,0.83721,0.91892
adapt,0,w=8,exact,12,1,0.4,222,0.83721,0.91892
adapt,0,w=8,exact,12,1,0.5,222,0.87209,0.91892
adapt,0,w=8,exact,12,1,0.6,222,0.83721,0.91892
adapt,0,w=8,exact,12,1,0.7,222,0.86047,0.91892
adapt,0,w=8,exact,12,1,0.8,222,0.7907,0.91892
adapt,0,w=8,exact,12,1,0.9,222,0.88372,0.91892
adapt,0,w=8,exact,12,1,1.0,222,0.87209,0.91892
adapt,0,w=8,exact,20,0,0.0,245,0.72165,0.78776
adapt,0,w=8,exact,20,0,0.1,245,0.72165,0.78776
adapt,0,w=8,exact,20,0,0.2,245,0.72165,0.78776
adapt,0,w=8,exact,20,0,0.3,245,0.72165,0.78776
adapt,0,w=8,exact,20,0,0.4,245,0.72165,0.78776
adapt,0,w=8,exact,20,0,0.5,245,0.72165,0.78776
adapt,0,w=8,exact,20,0,0.6,245,0.72165,0.78776
adapt,0,w=8,exact,20,0,0.7,245,0.72165,0.78776
adapt,0,w=8,exact,20,0,0.8,245,0.72165,0.78776
adapt,0,w=8,exact,20,0,0.9,245,0.72165,0.78776
adapt,0,w=8,exact,20,0,1.0,245,0.72165,0.78776
adapt,0,w=8,exact,20,1,0.0,245,0.72165,0.93061
adapt,0,w=8,exact,20,1,0.1,245,0.72165,0.93061
adapt,0,w=8,exact,20,1,0.2,245,0.82474,0.93061
adapt,0,w=8,exact,20,1,0.3,245,0.82474,0.93061
adapt,0,w=8,exact,20,1,0.4,245,0.82474,0.93061
adapt,0,w=8,exact,20,1,0.5,245,0.86598,0.93061
adapt,0,w=8,exact,20,1,0.6,245,0.82474,0.93061
adapt,0,w=8,exact,20,1,0.7,245,0.82474,0.93061
adapt,0,w=8,exact,20,1,0.8,245,0.7732,0.93061
adapt,0,w=8,exact,20,1,0.9,245,0.76289,0.93061
adapt,0,w=8,exact,20,1,1.0,245,0.79381,0.93061
adapt,0,w=8,trunc(1),2,0,0.0,208,0.70732,0.75
adapt,0,w=8,trunc(1),2,0,0.1,208,0.70732,0.75
adapt,0,w=8,trunc(1),2,0,0.2,208,0.70732,0.75
adapt,0,w=8,trunc(1),2,0,0.3,208,0.70732,0.75
adapt,0,w=8,trunc(1),2,0,0.4,208,0.70732,0.75
adapt,0,w=8,trunc(1),2,0,0.5,208,0.70732,0.75
adapt,0,w=8,trunc(1),2,0,0.6,208,0.70732,0.75
adapt,0,w=8,trunc(1),2,0,0.7,208,0.70732,0.75
adapt,0,w=8,trunc(1),2,0,0.8,208,0.70732,0.75
adapt,0,w=8,trunc(1),2,0,0.9,208,0.70732,0.75
adapt,0,w=8,trunc(1),2,0,1.0,208,0.70732,0.75
adapt,0,w=8,trunc(1),2,1,0.0,208,0.70732,0.79327
adapt,0,w=8,trunc(1),2,1,0.1,208,0.79268,0.79327
adapt,0,w=8,trunc(1),2,1,0.2,208,0.70732,0.79327
adapt,0,w=8,trunc(1),2,1,0.3,208,0.70732,0.79327
adapt,0,w=8,trunc(1),2,1,0.4,208,0.70732,0.79327
adapt,0,w=8,trunc(1),2,1,0.5,208,0.70732,0.79327
adapt,0,w=8,trunc(1),2,1,0.6,208,0.69512,0.79327
adapt,0,w=8,trunc(1),2,1,0.7,208,0.71951,0.79327
adapt,0,w=8,trunc(1),2,1,0.8,208,0.73171,0.79327
adapt,0,w=8,trunc(1),2,1,0.9,208,0.73171,0.79327
adapt,0,w=8,trunc(1),2,1,1.0,208,0.70732,0.79327
adapt,0,w=8,trunc(1),4,0,0.0,220,0.63529,0.65455
adapt,0,w=8,trunc(1),4,0,0.1,220,0.63529,0.65455
adapt,0,w=8,trunc(1),4,0,0.2,220,0.63529,0.65455
adapt,0,w=8,trunc(1),4,0,0.3,220,0.63529,0.65455
adapt,0,w=8,trunc(1),4,0,0.4,220,0.63529,0.65455
adapt,0,w=8,trunc(1),4,0,0.5,220,0.63529,0.65455
adapt,0,w=8,trunc(1),4,0,0.6,220,0.63529,0.65455
adapt,0,w=8,trunc(1),4,0,0.7,220,0.63529,0.65455
adapt,0,w=8,trunc(1),4,0,0.8,220,0.63529,0.65455
adapt,0,w=8,trunc(1),4,0,0.9,220,0.63529,0.65455
adapt,0,w=8,trunc(1),4,0,1.0,220,0.63529,0.65455
adapt,0,w=8,trunc(1),4,1,0.0,220,0.63529,0.72727
adapt,0,w=8,trunc(1),4,1,0.1,220,0.68235,0.72727
adapt,0,w=8,trunc(1),4,1,0.2,220,0.61176,0.72727
adapt,0,w=8,trunc(1),4,1,0.3,220,0.58824,0.72727
adapt,0,w=8,trunc(1),4,1,0.4,220,0.61176,0.72727
adapt,0,w=8,trunc(1),4,1,0.5,220,0.61176,0.72727
adapt,0,w=8,trunc(1),4,1,0.6,220,0.57647,0.72727
adapt,0,w=8,trunc(1),4,1,0.7,220,0.55294,0.72727
adapt,0,w=8,trunc(1),4,1,0.8,220,0.6,0.72727
adapt,0,w=8,trunc(1),4,1,0.9,220,0.58824,0.72727
adapt,0,w=8,trunc(1),4,1,1.0,220,0.6,0.72727
adapt,0,w=8,trunc(1),12,0,0.0,222,0.77907,0.6982
adapt,0,w=8,trunc(1),12,0,0.1,222,0.77907,0.6982
adapt,0,w=8,trunc(1),12,0,0.2,222,0.77907,0.6982
adapt,0,w=8,trunc(1),12,0,0.3,222,0.77907,0.6982
adapt,0,w=8,trunc(1),12,0,0.4,222,0.77907,0.6982
adapt,0,w=8,trunc(1),12,0,0.5,222,0.77907,0.6982
adapt,0,w=8,trunc(1),12,0,0.6,222,0.77907,0.6982
adapt,0,w=8,trunc(1),12,0,0.7,222,0.77907,0.6982
adapt,0,w=8,trunc(1),12,0,0.8,222,0.77907,0.6982
adapt,0,w=8,trunc(1),12,0,0.9,222,0.77907,0.6982
adapt,0,w=8,trunc(1),12,0,1.0,222,0.77907,0.6982
adapt,0,w=8,trunc(1),12,1,0.0,222,0.77907,0.74775
adapt,0,w=8,trunc(1),12,1,0.1,222,0.74419,0.74775
adapt,0,w=8,trunc(1),12,1,0.2,222,0.74419,0.74775
adapt,0,w=8,trunc(1),12,1,0.3,222,0.69767,0.74775
adapt,0,w=8,trunc(1),12,1,0.4,222,0.65116,0.74775
adapt,0,w=8,trunc(1),12,1,0.5,222,0.7093,0.74775
adapt,0,w=8,trunc(1),12,1,0.6,222,0.66279,0.74775
adapt,0,w=8,trunc(1),12,1,0.7,222,0.75581,0.74775
adapt,0,w=8,trunc(1),12,1,0.8,222,0.74419,0.74775
adapt,0,w=8,trunc(1),12,1,0.9,222,0.74419,0.74775
adapt,0,w=8,trunc(1),12,1,1.0,222,0.75581,0.74775
adapt,0,w=8,trunc(1),13,0,0.0,225,0.84444,0.78667
adapt,0,w=8,trunc(1),13,0,0.1,225,0.84444,0.78667
adapt,0,w=8,trunc(1),13,0,0.2,225,0.84444,0.78667
adapt,0,w=8,trunc(1),13,0,0.3,225,0.84444,0.78667
adapt,0,w=8,trunc(1),13,0,0.4,225,0.84444,0.78667
adapt,0,w=8,trunc(1),13,0,0.5,225,0.84444,0.78667
adapt,0,w=8,trunc(1),13,0,0.6,225,0.84444,0.78667
adapt,0,w=8,trunc(1),13,0,0.7,225,0.84444,0.78667
adapt,0,w=8,trunc(1),13,0,0.8,225,0.84444,0.78667
adapt,0,w=8,trunc(1),13,0,0.9,225,0.84444,0.78667
adapt,0,w=8,trunc(1),13,0,1.0,225,0.84444,0.78667
adapt,0,w=8,trunc(1),13,1,0.0,225,0.84444,0.80889
adapt,0,w=8,trunc(1),13,1,0.1,225,0.76667,0.80889
adapt,0,w=8,trunc(1),13,1,0.2,225,0.76667,0.80889
adapt,0,w=8,trunc(1),13,1,0.3,225,0.76667,0.80889
adapt,0,w=8,trunc(1),13,1,0.4,225,0.76667,0.80889
adapt,0,w=8,trunc(1),13,1,0.5,225,0.76667,0.80889
adapt,0,w=8,trunc(1),13,1,0.6,225,0.73333,0.80889
adapt,0,w=8,trunc(1),13,1,0.7,225,0.74444,0.80889
adapt,0,w=8,trunc(1),13,1,0.8,225,0.74444,0.80889
adapt,0,w=8,trunc(1),13,1,0.9,225,0.74444,0.80889
adapt,0,w=8,trunc(1),13,1,1.0,225,0.78889,0.80889
adapt,0,w=8,trunc(1),9,0,0.0,200,0.67105,0.6
adapt,0,w=8,trunc(1),9,0,0.1,200,0.67105,0.6
adapt,0,w=8,trunc(1),9,0,0.2,200,0.67105,0.6
adapt,0,w=8,trunc(1),9,0,0.3,200,0.67105,0.6
adapt,0,w=8,trunc(1),9,0,0.4,200,0.67105,0.6
adapt,0,w=8,trunc(1),9,0,0.5,200,0.67105,0.6
adapt,0,w=8,trunc(1),9,0,0.6,200,0.67105,0.6
adapt,0,w=8,trunc(1),9,0,0.7,200,0.67105,0.6
adapt,0,w=8,trunc(1),9,0,0.8,200,0.67105,0.6
adapt,0,w=8,trunc(1),9,0,0.9,200,0.67105,0.6
adapt,0,w=8,trunc(1),9,0,1.0,200,0.67105,0.6
adapt,0,w=8,trunc(1),9,1,0.0,200,0.67105,0.66
adapt,0,w=8,trunc(1),9,1,0.1,200,0.63158,0.66
adapt,0,w=8,trunc(1),9,1,0.2,200,0.68421,0.66
adapt,0,w=8,trunc(1),9,1,0.3,200,0.69737,0.66
adapt,0,w=8,trunc(1),9,1,0.4,200,0.69737,0.66
adapt,0,w=8,trunc(1),9,1,0.5,200,0.67105,0.66
adapt,0,w=8,trunc(1),9,1,0.6,200,0.75,0.66
adapt,0,w=8,trunc(1),9,1,0.7,200,0.71053,0.66
adapt,0,w=8,trunc(1),9,1,0.8,200,0.63158,0.66
adapt,0,w=8,trunc(1),9,1,0.9,200,0.69737,0.66
adapt,0,w=8,trunc(1),9,1,1.0,200,0.71053,0.66
adapt,0,w=8,trunc(1),10,0,0.0,202,0.4,0.68317
adapt,0,w=8,trunc(1),10,0,0.1,202,0.4,0.68317
adapt,0,w=8,trunc(1),10,0,0.2,202,0.4,0.68317
adapt,0,w=8,trunc(1),10,0,0.3,202,0.4,0.68317
adapt,0,w=8,trunc(1),10,0,0.4,202,0.4,0.68317
adapt,0,w=8,trunc(1),10,0,0.5,202,0.4,0.68317
adapt,0,w=8,trunc(1),10,0,0.6,202,0.4,0.68317
adapt,0,w=8,trunc(1),10,0,0.7,202,0.4,0.68317
adapt,0,w=8,trunc(1),10,0,0.8,202,0.4,0.68317
adapt,0,w=8,trunc(1),10,0,0.9,202,0.4,0.68317
adapt,0,w=8,trunc(1),10,0,1.0,202,0.4,0.68317
adapt,0,w=8,trunc(1),10,1,0.0,202,0.4,0.77228
adapt,0,w=8,trunc(1),10,1,0.1,202,0.35,0.77228
adapt,0,w=8,trunc(1),10,1,0.2,202,0.35,0.77228
adapt,0,w=8,trunc(1),10,1,0.3,202,0.35,0.77228
adapt,0,w=8,trunc(1),10,1,0.4,202,0.4,0.77228
adapt,0,w=8,trunc(1),10,1,0.5,202,0.375,0.77228
adapt,0,w=8,trunc(1),10,1,0.6,202,0.3875,0.77228
adapt,0,w=8,trunc(1),10,1,0.7,202,0.3875,0.77228
adapt,0,w=8,trunc(1),10,1,0.8,202,0.375,0.77228
adapt,0,w=8,trunc(1),10,1,0.9,202,0.3875,0.77228
adapt,0,w=8,trunc(1),10,1,1.0,202,0.4,0.77228
adapt,0,w=8,trunc(1),20,0,0.0,245,0.58763,0.64898
adapt,0,w=8,trunc(1),20,0,0.1,245,0.58763,0.64898
adapt,0,w=8,trunc(1),20,0,0.2,245,0.58763,0.64898
adapt,0,w=8,trunc(1),20,0,0.3,245,0.58763,0.64898
adapt,0,w=8,trunc(1),20,0,0.4,245,0.58763,0.64898
adapt,0,w=8,trunc(1),20,0,0.5,245,0.58763,0.64898
adapt,0,w=8,trunc(1),20,0,0.6,245,0.58763,0.64898
adapt,0,w=8,trunc(1),20,0,0.7,245,0.58763,0.64898
adapt,0,w=8,trunc(1),20,0,0.8,245,0.58763,0.64898
adapt,0,w=8,trunc(1),20,0,0.9,245,0.58763,0.64898
adapt,0,w=8,trunc(1),20,0,1.0,245,0.58763,0.64898
adapt,0,w=8,trunc(1),20,1,0.0,245,0.58763,0.73061
adapt,0,w=8,trunc(1),20,1,0.1,245,0.60825,0.73061
adapt,0,w=8,trunc(1),20,1,0.2,245,0.62887,0.73061
adapt,0,w=8,trunc(1),20,1,0.3,245,0.65979,0.73061
adapt,0,w=8,trunc(1),20,1,0.4,245,0.6701,0.73061
adapt,0,w=8,trunc(1),20,1,0.5,245,0.69072,0.73061
adapt,0,w=8,trunc(1),20,1,0.6,245,0.68041,0.73061
adapt,0,w=8,trunc(1),20,1,0.7,245,0.69072,0.73061
adapt,0,w=8,trunc(1),20,1,0.8,245,0.69072,0.73061
adapt,0,w=8,trunc(1),20,1,0.9,245,0.73196,0.73061
adapt,0,w=8,trunc(1),20,1,1.0,245,0.75258,0.73061
adapt,0,w=8,trunc(1),18,0,0.0,252,0.73,0.72619
adapt,0,w=8,trunc(1),18,0,0.1,252,0.73,0.72619
adapt,0,w=8,trunc(1),18,0,0.2,252,0.73,0.72619
adapt,0,w=8,trunc(1),18,0,0.3,252,0.73,0.72619
adapt,0,w=8,trunc(1),18,0,0.4,252,0.73,0.72619
adapt,0,w=8,trunc(1),18,0,0.5,252,0.73,0.72619
adapt,0,w=8,trunc(1),18,0,0.6,252,0.73,0.72619
adapt,0,w=8,trunc(1),18,0,0.7,252,0.73,0.72619
adapt,0,w=8,trunc(1),18,0,0.8,252,0.73,0.72619
adapt,0,w=8,trunc(1),18,0,0.9,252,0.73,0.72619
adapt,0,w=8,trunc(1),18,0,1.0,252,0.73,0.72619
adapt,0,w=8,trunc(1),18,1,0.0,252,0.73,0.78968
adapt,0,w=8,trunc(1),18,1,0.1,252,0.72,0.78968
adapt,0,w=8,trunc(1),18,1,0.2,252,0.7,0.78968
adapt,0,w=8,trunc(1),18,1,0.3,252,0.72,0.78968
adapt,0,w=8,trunc(1),18,1,0.4,252,0.72,0.78968
adapt,0,w=8,trunc(1),18,1,0.5,252,0.7,0.78968
adapt,0,w=8,trunc(1),18,1,0.6,252,0.67,0.78968
adapt,0,w=8,trunc(1),18,1,0.7,252,0.72,0.78968
adapt,0,w=8,trunc(1),18,1,0.8,252,0.7,0.78968
adapt,0,w=8,trunc(1),18,1,0.9,252,0.72,0.78968
adapt,0,w=8,trunc(1),18,1,1.0,252,0.72,0.78968
adapt,0,w=8,satcomp(2),4,0,0.0,220,0.81176,0.86818
adapt,0,w=8,satcomp(2),4,0,0.1,220,0.81176,0.86818
adapt,0,w=8,satcomp(2),4,0,0.2,220,0.81176,0.86818
adapt,0,w=8,satcomp(2),4,0,0.3,220,0.81176,0.86818
adapt,0,w=8,satcomp(2),4,0,0.4,220,0.81176,0.86818
adapt,0,w=8,satcomp(2),4,0,0.5,220,0.81176,0.86818
adapt,0,w=8,satcomp(2),4,0,0.6,220,0.81176,0.86818
adapt,0,w=8,satcomp(2),4,0,0.7,220,0.81176,0.86818
adapt,0,w=8,satcomp(2),4,0,0.8,220,0.81176,0.86818
adapt,0,w=8,satcomp(2),4,0,0.9,220,0.81176,0.86818
adapt,0,w=8,satcomp(2),4,0,1.0,220,0.81176,0.86818
adapt,0,w=8,satcomp(2),4,1,0.0,220,0.81176,0.91818
adapt,0,w=8,satcomp(2),4,1,0.1,220,0.78824,0.91818
adapt,0,w=8,satcomp(2),4,1,0.2,220,0.8,0.91818
adapt,0,w=8,satcomp(2),4,1,0.3,220,0.76471,0.91818
adapt,0,w=8,satcomp(2),4,1,0.4,220,0.75294,0.91818
adapt,0,w=8,satcomp(2),4,1,0.5,220,0.75294,0.91818
adapt,0,w=8,satcomp(2),4,1,0.6,220,0.70588,0.91818
adapt,0,w=8,satcomp(2),4,1,0.7,220,0.65882,0.91818
adapt,0,w=8,satcomp(2),4,1,0.8,220,0.68235,0.91818
adapt,0,w=8,satcomp(2),4,1,0.9,220,0.71765,0.91818
adapt,0,w=8,satcomp(2),4,1,1.0,220,0.69412,0.91818
adapt,0,w=8,satcomp(2),9,0,0.0,200,0.73684,0.72
adapt,0,w=8,satcomp(2),9,0,0.1,200,0.73684,0.72
adapt,0,w=8,satcomp(2),9,0,0.2,200,0.73684,0.72
adapt,0,w=8,satcomp(2),9,0,0.3,200,0.73684,0.72
adapt,0,w=8,satcomp(2),9,0,0.4,200,0.73684,0.72
adapt,0,w=8,satcomp(2),9,0,0.5,200,0.73684,0.72
adapt,0,w=8,satcomp(2),9,0,0.6,200,0.73684,0.72
adapt,0,w=8,satcomp(2),9,0,0.7,200,0.73684,0.72
adapt,0,w=8,satcomp(2),9,0,0.8,200,0.73684,0.72
adapt,0,w=8,satcomp(2),9,0,0.9,200,0.73684,0.72
adapt,0,w=8,satcomp(2),9,0,1.0,200,0.73684,0.72
adapt,0,w=8,satcomp(2),9,1,0.0,200,0.73684,0.855
adapt,0,w=8,satcomp(2),9,1,0.1,200,0.73684,0.855
adapt,0,w=8,satcomp(2),9,1,0.2,200,0.80263,0.855
adapt,0,w=8,satcomp(2),9,1,0.3,200,0.81579,0.855
adapt,0,w=8,satcomp(2),9,1,0.4,200,0.82895,0.855
adapt,0,w=8,satcomp(2),9,1,0.5,200,0.77632,0.855
adapt,0,w=8,satcomp(2),9,1,0.6,200,0.84211,0.855
adapt,0,w=8,satcomp(2),9,1,0.7,200,0.88158,0.855
adapt,0,w=8,satcomp(2),9,1,0.8,200,0.78947,0.855
adapt,0,w=8,satcomp(2),9,1,0.9,200,0.82895,0.855
adapt,0,w=8,satcomp(2),9,1,1.0,200,0.82895,0.855
adapt,0,w=8,satcomp(2),2,0,0.0,208,0.86585,0.80288
adapt,0,w=8,satcomp(2),2,0,0.1,208,0.86585,0.80288
adapt,0,w=8,satcomp(2),2,0,0.2,208,0.86585,0.80288
adapt,0,w=8,satcomp(2),2,0,0.3,208,0.86585,0.80288
adapt,0,w=8,satcomp(2),2,0,0.4,208,0.86585,0.80288
adapt,0,w=8,satcomp(2),2,0,0.5,208,0.86585,0.80288
adapt,0,w=8,satcomp(2),2,0,0.6,208,0.86585,0.80288
adapt,0,w=8,satcomp(2),2,0,0.7,208,0.86585,0.80288
adapt,0,w=8,satcomp(2),2,0,0.8,208,0.86585,0.80288
adapt,0,w=8,satcomp(2),2,0,0.9,208,0.86585,0.80288
adapt,0,w=8,satcomp(2),2,0,1.0,208,0.86585,0.80288
adapt,0,w=8,satcomp(2),2,1,0.0,208,0.86585,0.93269
adapt,0,w=8,satcomp(2),2,1,0.1,208,0.86585,0.93269
adapt,0,w=8,satcomp(2),2,1,0.2,208,0.85366,0.93269
adapt,0,w=8,satcomp(2),2,1,0.3,208,0.84146,0.93269
adapt,0,w=8,satcomp(2),2,1,0.4,208,0.84146,0.93269
adapt,0,w=8,satcomp(2),2,1,0.5,208,0.84146,0.93269
adapt,0,w=8,satcomp(2),2,1,0.6,208,0.84146,0.93269
adapt,0,w=8,satcomp(2),2,1,0.7,208,0.81707,0.93269
adapt,0,w=8,satcomp(2),2,1,0.8,208,0.89024,0.93269
adapt,0,w=8,satcomp(2),2,1,0.9,208,0.89024,0.93269
adapt,0,w=8,satcomp(2),2,1,1.0,208,0.84146,0.93269
adapt,0,w=8,satcomp(2),10,0,0.0,202,0.425,0.81683
adapt,0,w=8,satcomp(2),10,0,0.1,202,0.425,0.81683
adapt,0,w=8,satcomp(2),10,0,0.2,202,0.425,0.81683
adapt,0,w=8,satcomp(2),10,0,0.3,202,0.425,0.81683
adapt,0,w=8,satcomp(2),10,0,0.4,202,0.425,0.81683
adapt,0,w=8,satcomp(2),10,0,0.5,202,0.425,0.81683
adapt,0,w=8,satcomp(2),10,0,0.6,202,0.425,0.81683
adapt,0,w=8,satcomp(2),10,0,0.7,202,0.425,0.81683
adapt,0,w=8,satcomp(2),10,0,0.8,202,0.425,0.81683
adapt,0,w=8,satcomp(2),10,0,0.9,202,0.425,0.81683
adapt,0,w=8,satcomp(2),10,0,1.0,202,0.425,0.81683
adapt,0,w=8,satcomp(2),10,1,0.0,202,0.425,0.93069
adapt,0,w=8,satcomp(2),10,1,0.1,202,0.425,0.93069
adapt,0,w=8,satcomp(2),10,1,0.2,202,0.425,0.93069
adapt,0,w=8,satcomp(2),10,1,0.3,202,0.425,0.93069
adapt,0,w=8,satcomp(2),10,1,0.4,202,0.425,0.93069
adapt,0,w=8,satcomp(2),10,1,0.5,202,0.475,0.93069
adapt,0,w=8,satcomp(2),10,1,0.6,202,0.475,0.93069
adapt,0,w=8,satcomp(2),10,1,0.7,202,0.5,0.93069
adapt,0,w=8,satcomp(2),10,1,0.8,202,0.575,0.93069
adapt,0,w=8,satcomp(2),10,1,0.9,202,0.575,0.93069
adapt,0,w=8,satcomp(2),10,1,1.0,202,0.6,0.93069
adapt,0,w=8,satcomp(2),12,0,0.0,222,0.74419,0.83333
adapt,0,w=8,satcomp(2),12,0,0.1,222,0.74419,0.83333
adapt,0,w=8,satcomp(2),12,0,0.2,222,0.74419,0.83333
adapt,0,w=8,satcomp(2),12,0,0.3,222,0.74419,0.83333
adapt,0,w=8,satcomp(2),12,0,0.4,222,0.74419,0.83333
adapt,0,w=8,satcomp(2),12,0,0.5,222,0.74419,0.83333
adapt,0,w=8,satcomp(2),12,0,0.6,222,0.74419,0.83333
adapt,0,w=8,satcomp(2),12,0,0.7,222,0.74419,0.83333
adapt,0,w=8,satcomp(2),12,0,0.8,222,0.74419,0.83333
adapt,0,w=8,satcomp(2),12,0,0.9,222,0.74419,0.83333
adapt,0,w=8,satcomp(2),12,0,1.0,222,0.74419,0.83333
adapt,0,w=8,satcomp(2),12,1,0.0,222,0.74419,0.91892
adapt,0,w=8,satcomp(2),12,1,0.1,222,0.74419,0.91892
adapt,0,w=8,satcomp(2),12,1,0.2,222,0.83721,0.91892
adapt,0,w=8,satcomp(2),12,1,0.3,222,0.83721,0.91892
adapt,0,w=8,satcomp(2),12,1,0.4,222,0.83721,0.91892
adapt,0,w=8,satcomp(2),12,1,0.5,222,0.87209,0.91892
adapt,0,w=8,satcomp(2),12,1,0.6,222,0.83721,0.91892
adapt,0,w=8,satcomp(2),12,1,0.7,222,0.86047,0.91892
adapt,0,w=8,satcomp(2),12,1,0.8,222,0.7907,0.91892
adapt,0,w=8,satcomp(2),12,1,0.9,222,0.88372,0.91892
adapt,0,w=8,satcomp(2),12,1,1.0,222,0.87209,0.91892
adapt,0,w=8,satcomp(2),18,0,0.0,252,0.69,0.79762
adapt,0,w=8,satcomp(2),18,0,0.1,252,0.69,0.79762
adapt,0,w=8,satcomp(2),18,0,0.2,252,0.69,0.79762
adapt,0,w=8,satcomp(2),18,0,0.3,252,0.69,0.79762
adapt,0,w=8,satcomp(2),18,0,0.4,252,0.69,0.79762
adapt,0,w=8,satcomp(2),18,0,0.5,252,0.69,0.79762
adapt,0,w=8,satcomp(2),18,0,0.6,252,0.69,0.79762
adapt,0,w=8,satcomp(2),18,0,0.7,252,0.69,0.79762
adapt,0,w=8,satcomp(2),18,0,0.8,252,0.69,0.79762
adapt,0,w=8,satcomp(2),18,0,0.9,252,0.69,0.79762
adapt,0,w=8,satcomp(2),18,0,1.0,252,0.69,0.79762
adapt,0,w=8,satcomp(2),18,1,0.0,252,0.69,0.93254
adapt,0,w=8,satcomp(2),18,1,0.1,252,0.69,0.93254
adapt,0,w=8,satcomp(2),18,1,0.2,252,0.69,0.93254
adapt,0,w=8,satcomp(2),18,1,0.3,252,0.8,0.93254
adapt,0,w=8,satcomp(2),18,1,0.4,252,0.8,0.93254
adapt,0,w=8,satcomp(2),18,1,0.5,252,0.84,0.93254
adapt,0,w=8,satcomp(2),18,1,0.6,252,0.79,0.93254
adapt,0,w=8,satcomp(2),18,1,0.7,252,0.87,0.93254
adapt,0,w=8,satcomp(2),18,1,0.8,252,0.88,0.93254
adapt,0,w=8,satcomp(2),18,1,0.9,252,0.9,0.93254
adapt,0,w=8,satcomp(2),18,1,1.0,252,0.89,0.93254
adapt,0,w=8,satcomp(2),13,0,0.0,225,0.81111,0.87111
adapt,0,w=8,satcomp(2),13,0,0.1,225,0.81111,0.87111
adapt,0,w=8,satcomp(2),13,0,0.2,225,0.81111,0.87111
adapt,0,w=8,satcomp(2),13,0,0.3,225,0.81111,0.87111
adapt,0,w=8,satcomp(2),13,0,0.4,225,0.81111,0.87111
adapt,0,w=8,satcomp(2),13,0,0.5,225,0.81111,0.87111
adapt,0,w=8,satcomp(2),13,0,0.6,225,0.81111,0.87111
adapt,0,w=8,satcomp(2),13,0,0.7,225,0.81111,0.87111
adapt,0,w=8,satcomp(2),13,0,0.8,225,0.81111,0.87111
adapt,0,w=8,satcomp(2),13,0,0.9,225,0.81111,0.87111
adapt,0,w=8,satcomp(2),13,0,1.0,225,0.81111,0.87111
adapt,0,w=8,satcomp(2),13,1,0.0,225,0.81111,0.95111
adapt,0,w=8,satcomp(2),13,1,0.1,225,0.9,0.95111
adapt,0,w=8,satcomp(2),13,1,0.2,225,0.88889,0.95111
adapt,0,w=8,satcomp(2),13,1,0.3,225,0.88889,0.95111
adapt,0,w=8,satcomp(2),13,1,0.4,225,0.88889,0.95111
adapt,0,w=8,satcomp(2),13,1,0.5,225,0.88889,0.95111
adapt,0,w=8,satcomp(2),13,1,0.6,225,0.91111,0.95111
adapt,0,w=8,satcomp(2),13,1,0.7,225,0.91111,0.95111
adapt,0,w=8,satcomp(2),13,1,0.8,225,0.94444,0.95111
adapt,0,w=8,satcomp(2),13,1,0.9,225,0.94444,0.95111
adapt,0,w=8,satcomp(2),13,1,1.0,225,0.91111,0.95111
adapt,0,w=8,trunc(1),24,0,0.0,264,0.8,0.75
adapt,0,w=8,trunc(1),24,0,0.1,264,0.8,0.75
adapt,0,w=8,trunc(1),24,0,0.2,264,0.8,0.75
adapt,0,w=8,trunc(1),24,0,0.3,264,0.8,0.75
adapt,0,w=8,trunc(1),24,0,0.4,264,0.8,0.75
adapt,0,w=8,trunc(1),24,0,0.5,264,0.8,0.75
adapt,0,w=8,trunc(1),24,0,0.6,264,0.8,0.75
adapt,0,w=8,trunc(1),24,0,0.7,264,0.8,0.75
adapt,0,w=8,trunc(1),24,0,0.8,264,0.8,0.75
adapt,0,w=8,trunc(1),24,0,0.9,264,0.8,0.75
adapt,0,w=8,trunc(1),24,0,1.0,264,0.8,0.75
adapt,0,w=8,trunc(1),24,1,0.0,264,0.8,0.79167
adapt,0,w=8,trunc(1),24,1,0.1,264,0.75238,0.79167
adapt,0,w=8,trunc(1),24,1,0.2,264,0.75238,0.79167
adapt,0,w=8,trunc(1),24,1,0.3,264,0.78095,0.79167
adapt,0,w=8,trunc(1),24,1,0.4,264,0.78095,0.79167
adapt,0,w=8,trunc(1),24,1,0.5,264,0.78095,0.79167
adapt,0,w=8,trunc(1),24,1,0.6,264,0.77143,0.79167
adapt,0,w=8,trunc(1),24,1,0.7,264,0.78095,0.79167
adapt,0,w=8,trunc(1),24,1,0.8,264,0.75238,0.79167
adapt,0,w=8,trunc(1),24,1,0.9,264,0.75238,0.79167
adapt,0,w=8,trunc(1),24,1,1.0,264,0.7619,0.79167
adapt,0,w=8,satcomp(2),24,0,0.0,264,0.77143,0.89394
adapt,0,w=8,satcomp(2),24,0,0.1,264,0.77143,0.89394
adapt,0,w=8,satcomp(2),24,0,0.2,264,0.77143,0.89394
adapt,0,w=8,satcomp(2),24,0,0.3,264,0.77143,0.89394
adapt,0,w=8,satcomp(2),24,0,0.4,264,0.77143,0.89394
adapt,0,w=8,satcomp(2),24,0,0.5,264,0.77143,0.89394
adapt,0,w=8,satcomp(2),24,0,0.6,264,0.77143,0.89394
adapt,0,w=8,satcomp(2),24,0,0.7,264,0.77143,0.89394
adapt,0,w=8,satcomp(2),24,0,0.8,264,0.77143,0.89394
adapt,0,w=8,satcomp(2),24,0,0.9,264,0.77143,0.89394
adapt,0,w=8,satcomp(2),24,0,1.0,264,0.77143,0.89394
adapt,0,w=8,satcomp(2),24,1,0.0,264,0.77143,0.95455
adapt,0,w=8,satcomp(2),24,1,0.1,264,0.7619,0.95455
adapt,0,w=8,satcomp(2),24,1,0.2,264,0.7619,0.95455
adapt,0,w=8,satcomp(2),24,1,0.3,264,0.89524,0.95455
adapt,0,w=8,satcomp(2),24,1,0.4,264,0.89524,0.95455
adapt,0,w=8,satcomp(2),24,1,0.5,264,0.87619,0.95455
adapt,0,w=8,satcomp(2),24,1,0.6,264,0.91429,0.95455
adapt,0,w=8,satcomp(2),24,1,0.7,264,0.90476,0.95455
adapt,0,w=8,satcomp(2),24,1,0.8,264,0.86667,0.95455
adapt,0,w=8,satcomp(2),24,1,0.9,264,0.86667,0.95455
adapt,0,w=8,satcomp(2),24,1,1.0,264,0.85714,0.95455
adapt,0,w=8,sampled(4),2,0,0.0,208,0.80488,0.75481
adapt,0,w=8,sampled(4),2,0,0.1,208,0.80488,0.75481
adapt,0,w=8,sampled(4),2,0,0.2,208,0.80488,0.75481
adapt,0,w=8,sampled(4),2,0,0.3,208,0.80488,0.75481
adapt,0,w=8,sampled(4),2,0,0.4,208,0.80488,0.75481
adapt,0,w=8,sampled(4),2,0,0.5,208,0.80488,0.75481
adapt,0,w=8,sampled(4),2,0,0.6,208,0.80488,0.75481
adapt,0,w=8,sampled(4),2,0,0.7,208,0.80488,0.75481
adapt,0,w=8,sampled(4),2,0,0.8,208,0.80488,0.75481
adapt,0,w=8,sampled(4),2,0,0.9,208,0.80488,0.75481
adapt,0,w=8,sampled(4),2,0,1.0,208,0.80488,0.75481
adapt,0,w=8,sampled(4),2,1,0.0,208,0.80488,0.88942
adapt,0,w=8,sampled(4),2,1,0.1,208,0.80488,0.88942
adapt,0,w=8,sampled(4),2,1,0.2,208,0.78049,0.88942
adapt,0,w=8,sampled(4),2,1,0.3,208,0.71951,0.88942
adapt,0,w=8,sampled(4),2,1,0.4,208,0.81707,0.88942
adapt,0,w=8,sampled(4),2,1,0.5,208,0.80488,0.88942
adapt,0,w=8,sampled(4),2,1,0.6,208,0.79268,0.88942
adapt,0,w=8,sampled(4),2,1,0.7,208,0.76829,0.88942
adapt,0,w=8,sampled(4),2,1,0.8,208,0.82927,0.88942
adapt,0,w=8,sampled(4),2,1,0.9,208,0.87805,0.88942
adapt,0,w=8,sampled(4),2,1,1.0,208,0.82927,0.88942
adapt,0,w=8,satcomp(2),20,0,0.0,245,0.72165,0.79184
adapt,0,w=8,satcomp(2),20,0,0.1,245,0.72165,0.79184
adapt,0,w=8,satcomp(2),20,0,0.2,245,0.72165,0.79184
adapt,0,w=8,satcomp(2),20,0,0.3,245,0.72165,0.79184
adapt,0,w=8,satcomp(2),20,0,0.4,245,0.72165,0.79184
adapt,0,w=8,satcomp(2),20,0,0.5,245,0.72165,0.79184
adapt,0,w=8,satcomp(2),20,0,0.6,245,0.72165,0.79184
adapt,0,w=8,satcomp(2),20,0,0.7,245,0.72165,0.79184
adapt,0,w=8,satcomp(2),20,0,0.8,245,0.72165,0.79184
adapt,0,w=8,satcomp(2),20,0,0.9,245,0.72165,0.79184
adapt,0,w=8,satcomp(2),20,0,1.0,245,0.72165,0.79184
adapt,0,w=8,satcomp(2),20,1,0.0,245,0.72165,0.92653
adapt,0,w=8,satcomp(2),20,1,0.1,245,0.72165,0.92653
adapt,0,w=8,satcomp(2),20,1,0.2,245,0.82474,0.92653
adapt,0,w=8,satcomp(2),20,1,0.3,245,0.82474,0.92653
adapt,0,w=8,satcomp(2),20,1,0.4,245,0.82474,0.92653
adapt,0,w=8,satcomp(2),20,1,0.5,245,0.86598,0.92653
adapt,0,w=8,satcomp(2),20,1,0.6,245,0.82474,0.92653
adapt,0,w=8,satcomp(2),20,1,0.7,245,0.82474,0.92653
adapt,0,w=8,satcomp(2),20,1,0.8,245,0.7732,0.92653
adapt,0,w=8,satcomp(2),20,1,0.9,245,0.78351,0.92653
adapt,0,w=8,satcomp(2),20,1,1.0,245,0.81443,0.92653
adapt,0,w=8,sampled(4),9,0,0.0,200,0.65789,0.61
adapt,0,w=8,sampled(4),9,0,0.1,200,0.65789,0.61
adapt,0,w=8,sampled(4),9,0,0.2,200,0.65789,0.61
adapt,0,w=8,sampled(4),9,0,0.3,200,0.65789,0.61
adapt,0,w=8,sampled(4),9,0,0.4,200,0.65789,0.61
adapt,0,w=8,sampled(4),9,0,0.5,200,0.65789,0.61
adapt,0,w=8,sampled(4),9,0,0.6,200,0.65789,0.61
adapt,0,w=8,sampled(4),9,0,0.7,200,0.65789,0.61
adapt,0,w=8,sampled(4),9,0,0.8,200,0.65789,0.61
adapt,0,w=8,sampled(4),9,0,0.9,200,0.65789,0.61
adapt,0,w=8,sampled(4),9,0,1.0,200,0.65789,0.61
adapt,0,w=8,sampled(4),9,1,0.0,200,0.65789,0.815
adapt,0,w=8,sampled(4),9,1,0.1,200,0.63158,0.815
adapt,0,w=8,sampled(4),9,1,0.2,200,0.65789,0.815
adapt,0,w=8,sampled(4),9,1,0.3,200,0.67105,0.815
adapt,0,w=8,sampled(4),9,1,0.4,200,0.78947,0.815
adapt,0,w=8,sampled(4),9,1,0.5,200,0.81579,0.815
adapt,0,w=8,sampled(4),9,1,0.6,200,0.73684,0.815
adapt,0,w=8,sampled(4),9,1,0.7,200,0.73684,0.815
adapt,0,w=8,sampled(4),9,1,0.8,200,0.71053,0.815
adapt,0,w=8,sampled(4),9,1,0.9,200,0.75,0.815
adapt,0,w=8,sampled(4),9,1,1.0,200,0.75,0.815
adapt,0,w=8,sampled(4),10,0,0.0,202,0.425,0.79208
adapt,0,w=8,sampled(4),10,0,0.1,202,0.425,0.79208
adapt,0,w=8,sampled(4),10,0,0.2,202,0.425,0.79208
adapt,0,w=8,sampled(4),10,0,0.3,202,0.425,0.79208
adapt,0,w=8,sampled(4),10,0,0.4,202,0.425,0.79208
adapt,0,w=8,sampled(4),10,0,0.5,202,0.425,0.79208
adapt,0,w=8,sampled(4),10,0,0.6,202,0.425,0.79208
adapt,0,w=8,sampled(4),10,0,0.7,202,0.425,0.79208
adapt,0,w=8,sampled(4),10,0,0.8,202,0.425,0.79208
adapt,0,w=8,sampled(4),10,0,0.9,202,0.425,0.79208
adapt,0,w=8,sampled(4),10,0,1.0,202,0.425,0.79208
adapt,0,w=8,sampled(4),10,1,0.0,202,0.425,0.89604
adapt,0,w=8,sampled(4),10,1,0.1,202,0.4,0.89604
adapt,0,w=8,sampled(4),10,1,0.2,202,0.4,0.89604
adapt,0,w=8,sampled(4),10,1,0.3,202,0.4,0.89604
adapt,0,w=8,sampled(4),10,1,0.4,202,0.425,0.89604
adapt,0,w=8,sampled(4),10,1,0.5,202,0.4375,0.89604
adapt,0,w=8,sampled(4),10,1,0.6,202,0.4375,0.89604
adapt,0,w=8,sampled(4),10,1,0.7,202,0.425,0.89604
adapt,0,w=8,sampled(4),10,1,0.8,202,0.425,0.89604
adapt,0,w=8,sampled(4),10,1,0.9,202,0.65,0.89604
adapt,0,w=8,sampled(4),10,1,1.0,202,0.6875,0.89604
adapt,0,w=8,sampled(4),12,0,0.0,222,0.63953,0.76126
adapt,0,w=8,sampled(4),12,0,0.1,222,0.63953,0.76126
adapt,0,w=8,sampled(4),12,0,0.2,222,0.63953,0.76126
adapt,0,w=8,sampled(4),12,0,0.3,222,0.63953,0.76126
adapt,0,w=8,sampled(4),12,0,0.4,222,0.63953,0.76126
adapt,0,w=8,sampled(4),12,0,0.5,222,0.63953,0.76126
adapt,0,w=8,sampled(4),12,0,0.6,222,0.63953,0.76126
adapt,0,w=8,sampled(4),12,0,0.7,222,0.63953,0.76126
adapt,0,w=8,sampled(4),12,0,0.8,222,0.63953,0.76126
adapt,0,w=8,sampled(4),12,0,0.9,222,0.63953,0.76126
adapt,0,w=8,sampled(4),12,0,1.0,222,0.63953,0.76126
adapt,0,w=8,sampled(4),12,1,0.0,222,0.63953,0.9009
adapt,0,w=8,sampled(4),12,1,0.1,222,0.60465,0.9009
adapt,0,w=8,sampled(4),12,1,0.2,222,0.74419,0.9009
adapt,0,w=8,sampled(4),12,1,0.3,222,0.72093,0.9009
adapt,0,w=8,sampled(4),12,1,0.4,222,0.72093,0.9009
adapt,0,w=8,sampled(4),12,1,0.5,222,0.74419,0.9009
adapt,0,w=8,sampled(4),12,1,0.6,222,0.76744,0.9009
adapt,0,w=8,sampled(4),12,1,0.7,222,0.74419,0.9009
adapt,0,w=8,sampled(4),12,1,0.8,222,0.74419,0.9009
adapt,0,w=8,sampled(4),12,1,0.9,222,0.75581,0.9009
adapt,0,w=8,sampled(4),12,1,1.0,222,0.74419,0.9009
adapt,0,w=8,sampled(4),13,0,0.0,225,0.77778,0.79556
adapt,0,w=8,sampled(4),13,0,0.1,225,0.77778,0.79556
adapt,0,w=8,sampled(4),13,0,0.2,225,0.77778,0.79556
adapt,0,w=8,sampled(4),13,0,0.3,225,0.77778,0.79556
adapt,0,w=8,sampled(4),13,0,0.4,225,0.77778,0.79556
adapt,0,w=8,sampled(4),13,0,0.5,225,0.77778,0.79556
adapt,0,w=8,sampled(4),13,0,0.6,225,0.77778,0.79556
adapt,0,w=8,sampled(4),13,0,0.7,225,0.77778,0.79556
adapt,0,w=8,sampled(4),13,0,0.8,225,0.77778,0.79556
adapt,0,w=8,sampled(4),13,0,0.9,225,0.77778,0.79556
adapt,0,w=8,sampled(4),13,0,1.0,225,0.77778,0.79556
adapt,0,w=8,sampled(4),13,1,0.0,225,0.77778,0.89333
adapt,0,w=8,sampled(4),13,1,0.1,225,0.78889,0.89333
adapt,0,w=8,sampled(4),13,1,0.2,225,0.74444,0.89333
adapt,0,w=8,sampled(4),13,1,0.3,225,0.74444,0.89333
adapt,0,w=8,sampled(4),13,1,0.4,225,0.72222,0.89333
adapt,0,w=8,sampled(4),13,1,0.5,225,0.75556,0.89333
adapt,0,w=8,sampled(4),13,1,0.6,225,0.68889,0.89333
adapt,0,w=8,sampled(4),13,1,0.7,225,0.72222,0.89333
adapt,0,w=8,sampled(4),13,1,0.8,225,0.83333,0.89333
adapt,0,w=8,sampled(4),13,1,0.9,225,0.76667,0.89333
adapt,0,w=8,sampled(4),13,1,1.0,225,0.76667,0.89333
adapt,0,w=8,sampled(4),4,0,0.0,220,0.70588,0.78182
adapt,0,w=8,sampled(4),4,0,0.1,220,0.70588,0.78182
adapt,0,w=8,sampled(4),4,0,0.2,220,0.70588,0.78182
adapt,0,w=8,sampled(4),4,0,0.3,220,0.70588,0.78182
adapt,0,w=8,sampled(4),4,0,0.4,220,0.70588,0.78182
adapt,0,w=8,sampled(4),4,0,0.5,220,0.70588,0.78182
adapt,0,w=8,sampled(4),4,0,0.6,220,0.70588,0.78182
adapt,0,w=8,sampled(4),4,0,0.7,220,0.70588,0.78182
adapt,0,w=8,sampled(4),4,0,0.8,220,0.70588,0.78182
adapt,0,w=8,sampled(4),4,0,0.9,220,0.70588,0.78182
adapt,0,w=8,sampled(4),4,0,1.0,220,0.70588,0.78182
adapt,0,w=8,sampled(4),4,1,0.0,220,0.70588,0.85
adapt,0,w=8,sampled(4),4,1,0.1,220,0.68235,0.85
adapt,0,w=8,sampled(4),4,1,0.2,220,0.63529,0.85
adapt,0,w=8,sampled(4),4,1,0.3,220,0.67059,0.85
adapt,0,w=8,sampled(4),4,1,0.4,220,0.72941,0.85
adapt,0,w=8,sampled(4),4,1,0.5,220,0.72941,0.85
adapt,0,w=8,sampled(4),4,1,0.6,220,0.70588,0.85
adapt,0,w=8,sampled(4),4,1,0.7,220,0.70588,0.85
adapt,0,w=8,sampled(4),4,1,0.8,220,0.71765,0.85
adapt,0,w=8,sampled(4),4,1,0.9,220,0.72941,0.85
adapt,0,w=8,sampled(4),4,1,1.0,220,0.68235,0.85
adapt,0,w=8,sampled(4),18,0,0.0,252,0.81,0.80952
adapt,0,w=8,sampled(4),18,0,0.1,252,0.81,0.80952
adapt,0,w=8,sampled(4),18,0,0.2,252,0.81,0.80952
adapt,0,w=8,sampled(4),18,0,0.3,252,0.81,0.80952
adapt,0,w=8,sampled(4),18,0,0.4,252,0.81,0.80952
adapt,0,w=8,sampled(4),18,0,0.5,252,0.81,0.80952
adapt,0,w=8,sampled(4),18,0,0.6,252,0.81,0.80952
adapt,0,w=8,sampled(4),18,0,0.7,252,0.81,0.80952
adapt,0,w=8,sampled(4),18,0,0.8,252,0.81,0.80952
adapt,0,w=8,sampled(4),18,0,0.9,252,0.81,0.80952
adapt,0,w=8,sampled(4),18,0,1.0,252,0.81,0.80952
adapt,0,w=8,sampled(4),18,1,0.0,252,0.81,0.91667
adapt,0,w=8,sampled(4),18,1,0.1,252,0.71,0.91667
adapt,0,w=8,sampled(4),18,1,0.2,252,0.81,0.91667
adapt,0,w=8,sampled(4),18,1,0.3,252,0.73,0.91667
adapt,0,w=8,sampled(4),18,1,0.4,252,0.73,0.91667
adapt,0,w=8,sampled(4),18,1,0.5,252,0.78,0.91667
adapt,0,w=8,sampled(4),18,1,0.6,252,0.69,0.91667
adapt,0,w=8,sampled(4),18,1,0.7,252,0.76,0.91667
adapt,0,w=8,sampled(4),18,1,0.8,252,0.76,0.91667
adapt,0,w=8,sampled(4),18,1,0.9,252,0.76,0.91667
adapt,0,w=8,sampled(4),18,1,1.0,252,0.71,0.91667
adapt,0,w=8,sampled(4),24,0,0.0,264,0.71429,0.85606
adapt,0,w=8,sampled(4),24,0,0.1,264,0.71429,0.85606
adapt,0,w=8,sampled(4),24,0,0.2,264,0.71429,0.85606
adapt,0,w=8,sampled(4),24,0,0.3,264,0.71429,0.85606
adapt,0,w=8,sampled(4),24,0,0.4,264,0.71429,0.85606
adapt,0,w=8,sampled(4),24,0,0.5,264,0.71429,0.85606
adapt,0,w=8,sampled(4),24,0,0.6,264,0.71429,0.85606
adapt,0,w=8,sampled(4),24,0,0.7,264,0.71429,0.85606
adapt,0,w=8,sampled(4),24,0,0.8,264,0.71429,0.85606
adapt,0,w=8,sampled(4),24,0,0.9,264,0.71429,0.85606
adapt,0,w=8,sampled(4),24,0,1.0,264,0.71429,0.85606
adapt,0,w=8,sampled(4),24,1,0.0,264,0.71429,0.89015
adapt,0,w=8,sampled(4),24,1,0.1,264,0.70476,0.89015
adapt,0,w=8,sampled(4),24,1,0.2,264,0.70476,0.89015
adapt,0,w=8,sampled(4),24,1,0.3,264,0.8,0.89015
adapt,0,w=8,sampled(4),24,1,0.4,264,0.80952,0.89015
adapt,0,w=8,sampled(4),24,1,0.5,264,0.74286,0.89015
adapt,0,w=8,sampled(4),24,1,0.6,264,0.8,0.89015
adapt,0,w=8,sampled(4),24,1,0.7,264,0.79048,0.89015
adapt,0,w=8,sampled(4),24,1,0.8,264,0.69524,0.89015
adapt,0,w=8,sampled(4),24,1,0.9,264,0.7619,0.89015
adapt,0,w=8,sampled(4),24,1,1.0,264,0.74286,0.89015
adapt,0,w=8,sampled(4),20,0,0.0,245,0.68041,0.66939
adapt,0,w=8,sampled(4),20,0,0.1,245,0.68041,0.66939
adapt,0,w=8,sampled(4),20,0,0.2,245,0.68041,0.66939
adapt,0,w=8,sampled(4),20,0,0.3,245,0.68041,0.66939
adapt,0,w=8,sampled(4),20,0,0.4,245,0.68041,0.66939
adapt,0,w=8,sampled(4),20,0,0.5,245,0.68041,0.66939
adapt,0,w=8,sampled(4),20,0,0.6,245,0.68041,0.66939
adapt,0,w=8,sampled(4),20,0,0.7,245,0.68041,0.66939
adapt,0,w=8,sampled(4),20,0,0.8,245,0.68041,0.66939
adapt,0,w=8,sampled(4),20,0,0.9,245,0.68041,0.66939
adapt,0,w=8,sampled(4),20,0,1.0,245,0.68041,0.66939
adapt,0,w=8,sampled(4),20,1,0.0,245,0.68041,0.84898
adapt,0,w=8,sampled(4),20,1,0.1,245,0.69072,0.84898
adapt,0,w=8,sampled(4),20,1,0.2,245,0.75258,0.84898
adapt,0,w=8,sampled(4),20,1,0.3,245,0.75258,0.84898
adapt,0,w=8,sampled(4),20,1,0.4,245,0.70103,0.84898
adapt,0,w=8,sampled(4),20,1,0.5,245,0.68041,0.84898
adapt,0,w=8,sampled(4),20,1,0.6,245,0.6701,0.84898
adapt,0,w=8,sampled(4),20,1,0.7,245,0.60825,0.84898
adapt,0,w=8,sampled(4),20,1,0.8,245,0.65979,0.84898
adapt,0,w=8,sampled(4),20,1,0.9,245,0.72165,0.84898
adapt,0,w=8,sampled(4),20,1,1.0,245,0.7732,0.84898
adapt,0,"w=4, k=3",exact,9,0,0.0,200,0.78947,0.73
adapt,0,"w=4, k=3",exact,9,0,0.1,200,0.78947,0.73
adapt,0,"w=4, k=3",exact,9,0,0.2,200,0.78947,0.73
adapt,0,"w=4, k=3",exact,9,0,0.3,200,0.78947,0.73
adapt,0,"w=4, k=3",exact,9,0,0.4,200,0.78947,0.73
adapt,0,"w=4, k=3",exact,9,0,0.5,200,0.78947,0.73
adapt,0,"w=4, k=3",exact,9,0,0.6,200,0.78947,0.73
adapt,0,"w=4, k=3",exact,9,0,0.7,200,0.78947,0.73
adapt,0,"w=4, k=3",exact,9,0,0.8,200,0.78947,0.73
adapt,0,"w=4, k=3",exact,9,0,0.9,200,0.78947,0.73
adapt,0,"w=4, k=3",exact,9,0,1.0,200,0.78947,0.73
adapt,0,"w=4, k=3",exact,9,1,0.0,200,0.78947,0.885
adapt,0,"w=4, k=3",exact,9,1,0.1,200,0.73684,0.885
adapt,0,"w=4, k=3",exact,9,1,0.2,200,0.80263,0.885
adapt,0,"w=4, k=3",exact,9,1,0.3,200,0.80263,0.885
adapt,0,"w=4, k=3",exact,9,1,0.4,200,0.75,0.885
adapt,0,"w=4, k=3",exact,9,1,0.5,200,0.73684,0.885
adapt,0,"w=4, k=3",exact,9,1,0.6,200,0.68421,0.885
adapt,0,"w=4, k=3",exact,9,1,0.7,200,0.67105,0.885
adapt,0,"w=4, k=3",exact,9,1,0.8,200,0.68421,0.885
adapt,0,"w=4, k=3",exact,9,1,0.9,200,0.82895,0.885
adapt,0,"w=4, k=3",exact,9,1,1.0,200,0.81579,0.885
adapt,0,"w=4, k=3",exact,4,0,0.0,220,0.67059,0.70455
adapt,0,"w=4, k=3",exact,4,0,0.1,220,0.67059,0.70455
adapt,0,"w=4, k=3",exact,4,0,0.2,220,0.67059,0.70455
adapt,0,"w=4, k=3",exact,4,0,0.3,220,0.67059,0.70455
adapt,0,"w=4, k=3",exact,4,0,0.4,220,0.67059,0.70455
adapt,0,"w=4, k=3",exact,4,0,0.5,220,0.67059,0.70455
adapt,0,"w=4, k=3",exact,4,0,0.6,220,0.67059,0.70455
adapt,0,"w=4, k=3",exact,4,0,0.7,220,0.67059,0.70455
adapt,0,"w=4, k=3",exact,4,0,0.8,220,0.67059,0.70455
adapt,0,"w=4, k=3",exact,4,0,0.9,220,0.67059,0.70455
adapt,0,"w=4, k=3",exact,4,0,1.0,220,0.67059,0.70455
adapt,0,"w=4, k=3",exact,4,1,0.0,220,0.67059,0.9
adapt,0,"w=4, k=3",exact,4,1,0.1,220,0.74118,0.9
adapt,0,"w=4, k=3",exact,4,1,0.2,220,0.69412,0.9
adapt,0,"w=4, k=3",exact,4,1,0.3,220,0.69412,0.9
adapt,0,"w=4, k=3",exact,4,1,0.4,220,0.67059,0.9
adapt,0,"w=4, k=3",exact,4,1,0.5,220,0.57647,0.9
adapt,0,"w=4, k=3",exact,4,1,0.6,220,0.56471,0.9
adapt,0,"w=4, k=3",exact,4,1,0.7,220,0.62353,0.9
adapt,0,"w=4, k=3",exact,4,1,0.8,220,0.6,0.9
adapt,0,"w=4, k=3",exact,4,1,0.9,220,0.71765,0.9
adapt,0,"w=4, k=3",exact,4,1,1.0,220,0.70588,0.9
adapt,0,"w=4, k=3",exact,2,0,0.0,208,0.79268,0.77885
adapt,0,"w=4, k=3",exact,2,0,0.1,208,0.79268,0.77885
adapt,0,"w=4, k=3",exact,2,0,0.2,208,0.79268,0.77885
adapt,0,"w=4, k=3",exact,2,0,0.3,208,0.79268,0.77885
adapt,0,"w=4, k=3",exact,2,0,0.4,208,0.79268,0.77885
adapt,0,"w=4, k=3",exact,2,0,0.5,208,0.79268,0.77885
adapt,0,"w=4, k=3",exact,2,0,0.6,208,0.79268,0.77885
adapt,0,"w=4, k=3",exact,2,0,0.7,208,0.79268,0.77885
adapt,0,"w=4, k=3",exact,2,0,0.8,208,0.79268,0.77885
adapt,0,"w=4, k=3",exact,2,0,0.9,208,0.79268,0.77885
adapt,0,"w=4, k=3",exact,2,0,1.0,208,0.79268,0.77885
adapt,0,"w=4, k=3",exact,2,1,0.0,208,0.79268,0.95673
adapt,0,"w=4, k=3",exact,2,1,0.1,208,0.79268,0.95673
adapt,0,"w=4, k=3",exact,2,1,0.2,208,0.89024,0.95673
adapt,0,"w=4, k=3",exact,2,1,0.3,208,0.76829,0.95673
adapt,0,"w=4, k=3",exact,2,1,0.4,208,0.76829,0.95673
adapt,0,"w=4, k=3",exact,2,1,0.5,208,0.76829,0.95673
adapt,0,"w=4, k=3",exact,2,1,0.6,208,0.69512,0.95673
adapt,0,"w=4, k=3",exact,2,1,0.7,208,0.78049,0.95673
adapt,0,"w=4, k=3",exact,2,1,0.8,208,0.90244,0.95673
adapt,0,"w=4, k=3",exact,2,1,0.9,208,0.90244,0.95673
adapt,0,"w=4, k=3",exact,2,1,1.0,208,0.91463,0.95673
adapt,0,"w=4, k=3",exact,12,0,0.0,222,0.81395,0.75225
adapt,0,"w=4, k=3",exact,12,0,0.1,222,0.81395,0.75225
adapt,0,"w=4, k=3",exact,12,0,0.2,222,0.81395,0.75225
adapt,0,"w=4, k=3",exact,12,0,0.3,222,0.81395,0.75225
adapt,0,"w=4, k=3",exact,12,0,0.4,222,0.81395,0.75225
adapt,0,"w=4, k=3",exact,12,0,0.5,222,0.81395,0.75225
adapt,0,"w=4, k=3",exact,12,0,0.6,222,0.81395,0.75225
adapt,0,"w=4, k=3",exact,12,0,0.7,222,0.81395,0.75225
adapt,0,"w=4, k=3",exact,12,0,0.8,222,0.81395,0.75225
adapt,0,"w=4, k=3",exact,12,0,0.9,222,0.81395,0.75225
adapt,0,"w=4, k=3",exact,12,0,1.0,222,0.81395,0.75225
adapt,0,"w=4, k=3",exact,12,1,0.0,222,0.81395,0.91892
adapt,0,"w=4, k=3",exact,12,1,0.1,222,0.81395,0.91892
adapt,0,"w=4, k=3",exact,12,1,0.2,222,0.80233,0.91892
adapt,0,"w=4, k=3",exact,12,1,0.3,222,0.80233,0.91892
adapt,0,"w=4, k=3",exact,12,1,0.4,222,0.75581,0.91892
adapt,0,"w=4, k=3",exact,12,1,0.5,222,0.7907,0.91892
adapt,0,"w=4, k=3",exact,12,1,0.6,222,0.69767,0.91892
adapt,0,"w=4, k=3",exact,12,1,0.7,222,0.73256,0.91892
adapt,0,"w=4, k=3",exact,12,1,0.8,222,0.81395,0.91892
adapt,0,"w=4, k=3",exact,12,1,0.9,222,0.77907,0.91892
adapt,0,"w=4, k=3",exact,12,1,1.0,222,0.61628,0.91892
adapt,0,"w=4, k=3",exact,10,0,0.0,202,0.5125,0.78218
adapt,0,"w=4, k=3",exact,10,0,0.1,202,0.5125,0.78218
adapt,0,"w=4, k=3",exact,10,0,0.2,202,0.5125,0.78218
adapt,0,"w=4, k=3",exact,10,0,0.3,202,0.5125,0.78218
adapt,0,"w=4, k=3",exact,10,0,0.4,202,0.5125,0.78218
adapt,0,"w=4, k=3",exact,10,0,0.5,202,0.5125,0.78218
adapt,0,"w=4, k=3",exact,10,0,0.6,202,0.5125,0.78218
adapt,0,"w=4, k=3",exact,10,0,0.7,202,0.5125,0.78218
adapt,0,"w=4, k=3",exact,10,0,0.8,202,0.5125,0.78218
adapt,0,"w=4, k=3",exact,10,0,0.9,202,0.5125,0.78218
adapt,0,"w=4, k=3",exact,10,0,1.0,202,0.5125,0.78218
adapt,0,"w=4, k=3",exact,10,1,0.0,202,0.5125,0.90099
adapt,0,"w=4, k=3",exact,10,1,0.1,202,0.5125,0.90099
adapt,0,"w=4, k=3",exact,10,1,0.2,202,0.5,0.90099
adapt,0,"w=4, k=3",exact,10,1,0.3,202,0.525,0.90099
adapt,0,"w=4, k=3",exact,10,1,0.4,202,0.525,0.90099
adapt,0,"w=4, k=3",exact,10,1,0.5,202,0.5,0.90099
adapt,0,"w=4, k=3",exact,10,1,0.6,202,0.5875,0.90099
adapt,0,"w=4, k=3",exact,10,1,0.7,202,0.475,0.90099
adapt,0,"w=4, k=3",exact,10,1,0.8,202,0.5875,0.90099
adapt,0,"w=4, k=3",exact,10,1,0.9,202,0.625,0.90099
adapt,0,"w=4, k=3",exact,10,1,1.0,202,0.625,0.90099
adapt,0,"w=4, k=3",exact,13,0,0.0,225,0.78889,0.83111
adapt,0,"w=4, k=3",exact,13,0,0.1,225,0.78889,0.83111
adapt,0,"w=4, k=3",exact,13,0,0.2,225,0.78889,0.83111
adapt,0,"w=4, k=3",exact,13,0,0.3,225,0.78889,0.83111
adapt,0,"w=4, k=3",exact,13,0,0.4,225,0.78889,0.83111
adapt,0,"w=4, k=3",exact,13,0,0.5,225,0.78889,0.83111
adapt,0,"w=4, k=3",exact,13,0,0.6,225,0.78889,0.83111
adapt,0,"w=4, k=3",exact,13,0,0.7,225,0.78889,0.83111
adapt,0,"w=4, k=3",exact,13,0,0.8,225,0.78889,0.83111
adapt,0,"w=4, k=3",exact,13,0,0.9,225,0.78889,0.83111
adapt,0,"w=4, k=3",exact,13,0,1.0,225,0.78889,0.83111
adapt,0,"w=4, k=3",exact,13,1,0.0,225,0.78889,0.92889
adapt,0,"w=4, k=3",exact,13,1,0.1,225,0.78889,0.92889
adapt,0,"w=4, k=3",exact,13,1,0.2,225,0.71111,0.92889
adapt,0,"w=4, k=3",exact,13,1,0.3,225,0.71111,0.92889
adapt,0,"w=4, k=3",exact,13,1,0.4,225,0.73333,0.92889
adapt,0,"w=4, k=3",exact,13,1,0.5,225,0.73333,0.92889
adapt,0,"w=4, k=3",exact,13,1,0.6,225,0.64444,0.92889
adapt,0,"w=4, k=3",exact,13,1,0.7,225,0.63333,0.92889
adapt,0,"w=4, k=3",exact,13,1,0.8,225,0.74444,0.92889
adapt,0,"w=4, k=3",exact,13,1,0.9,225,0.72222,0.92889
adapt,0,"w=4, k=3",exact,13,1,1.0,225,0.74444,0.92889
adapt,0,"w=4, k=3",exact,20,0,0.0,245,0.70103,0.85306
adapt,0,"w=4, k=3",exact,20,0,0.1,245,0.70103,0.85306
adapt,0,"w=4, k=3",exact,20,0,0.2,245,0.70103,0.85306
adapt,0,"w=4, k=3",exact,20,0,0.3,245,0.70103,0.85306
adapt,0,"w=4, k=3",exact,20,0,0.4,245,0.70103,0.85306
adapt,0,"w=4, k=3",exact,20,0,0.5,245,0.70103,0.85306
adapt,0,"w=4, k=3",exact,20,0,0.6,245,0.70103,0.85306
adapt,0,"w=4, k=3",exact,20,0,0.7,245,0.70103,0.85306
adapt,0,"w=4, k=3",exact,20,0,0.8,245,0.70103,0.85306
adapt,0,"w=4, k=3",exact,20,0,0.9,245,0.70103,0.85306
adapt,0,"w=4, k=3",exact,20,0,1.0,245,0.70103,0.85306
adapt,0,"w=4, k=3",exact,20,1,0.0,245,0.70103,0.90612
adapt,0,"w=4, k=3",exact,20,1,0.1,245,0.70103,0.90612
adapt,0,"w=4, k=3",exact,20,1,0.2,245,0.7732,0.90612
adapt,0,"w=4, k=3",exact,20,1,0.3,245,0.64948,0.90612
adapt,0,"w=4, k=3",exact,20,1,0.4,245,0.64948,0.90612
adapt,0,"w=4, k=3",exact,20,1,0.5,245,0.6701,0.90612
adapt,0,"w=4, k=3",exact,20,1,0.6,245,0.52577,0.90612
adapt,0,"w=4, k=3",exact,20,1,0.7,245,0.59794,0.90612
adapt,0,"w=4, k=3",exact,20,1,0.8,245,0.81443,0.90612
adapt,0,"w=4, k=3",exact,20,1,0.9,245,0.80412,0.90612
adapt,0,"w=4, k=3",exact,20,1,1.0,245,0.82474,0.90612
adapt,0,"w=4, k=3",exact,18,0,0.0,252,0.8,0.84127
adapt,0,"w=4, k=3",exact,18,0,0.1,252,0.8,0.84127
adapt,0,"w=4, k=3",exact,18,0,0.2,252,0.8,0.84127
adapt,0,"w=4, k=3",exact,18,0,0.3,252,0.8,0.84127
adapt,0,"w=4, k=3",exact,18,0,0.4,252,0.8,0.84127
adapt,0,"w=4, k=3",exact,18,0,0.5,252,0.8,0.84127
adapt,0,"w=4, k=3",exact,18,0,0.6,252,0.8,0.84127
adapt,0,"w=4, k=3",exact,18,0,0.7,252,0.8,0.84127
adapt,0,"w=4, k=3",exact,18,0,0.8,252,0.8,0.84127
adapt,0,"w=4, k=3",exact,18,0,0.9,252,0.8,0.84127
adapt,0,"w=4, k=3",exact,18,0,1.0,252,0.8,0.84127
adapt,0,"w=4, k=3",exact,18,1,0.0,252,0.8,0.91667
adapt,0,"w=4, k=3",exact,18,1,0.1,252,0.8,0.91667
adapt,0,"w=4, k=3",exact,18,1,0.2,252,0.8,0.91667
adapt,0,"w=4, k=3",exact,18,1,0.3,252,0.75,0.91667
adapt,0,"w=4, k=3",exact,18,1,0.4,252,0.75,0.91667
adapt,0,"w=4, k=3",exact,18,1,0.5,252,0.63,0.91667
adapt,0,"w=4, k=3",exact,18,1,0.6,252,0.69,0.91667
adapt,0,"w=4, k=3",exact,18,1,0.7,252,0.59,0.91667
adapt,0,"w=4, k=3",exact,18,1,0.8,252,0.64,0.91667
adapt,0,"w=4, k=3",exact,18,1,0.9,252,0.74,0.91667
adapt,0,"w=4, k=3",exact,18,1,1.0,252,0.72,0.91667
adapt,0,"w=4, k=3",trunc(1),2,0,0.0,208,0.79268,0.71635
adapt,0,"w=4, k=3",trunc(1),2,0,0.1,208,0.79268,0.71635
adapt,0,"w=4, k=3",trunc(1),2,0,0.2,208,0.79268,0.71635
adapt,0,"w=4, k=3",trunc(1),2,0,0.3,208,0.79268,0.71635
adapt,0,"w=4, k=3",trunc(1),2,0,0.4,208,0.79268,0.71635
adapt,0,"w=4, k=3",trunc(1),2,0,0.5,208,0.79268,0.71635
adapt,0,"w=4, k=3",trunc(1),2,0,0.6,208,0.79268,0.71635
adapt,0,"w=4, k=3",trunc(1),2,0,0.7,208,0.79268,0.71635
adapt,0,"w=4, k=3",trunc(1),2,0,0.8,208,0.79268,0.71635
adapt,0,"w=4, k=3",trunc(1),2,0,0.9,208,0.79268,0.71635
adapt,0,"w=4, k=3",trunc(1),2,0,1.0,208,0.79268,0.71635
adapt,0,"w=4, k=3",trunc(1),2,1,0.0,208,0.79268,0.91346
adapt,0,"w=4, k=3",trunc(1),2,1,0.1,208,0.7561,0.91346
adapt,0,"w=4, k=3",trunc(1),2,1,0.2,208,0.64634,0.91346
adapt,0,"w=4, k=3",trunc(1),2,1,0.3,208,0.64634,0.91346
adapt,0,"w=4, k=3",trunc(1),2,1,0.4,208,0.71951,0.91346
adapt,0,"w=4, k=3",trunc(1),2,1,0.5,208,0.69512,0.91346
adapt,0,"w=4, k=3",trunc(1),2,1,0.6,208,0.68293,0.91346
adapt,0,"w=4, k=3",trunc(1),2,1,0.7,208,0.69512,0.91346
adapt,0,"w=4, k=3",trunc(1),2,1,0.8,208,0.79268,0.91346
adapt,0,"w=4, k=3",trunc(1),2,1,0.9,208,0.78049,0.91346
adapt,0,"w=4, k=3",trunc(1),2,1,1.0,208,0.67073,0.91346
adapt,0,"w=4, k=3",exact,24,0,0.0,264,0.77143,0.82955
adapt,0,"w=4, k=3",exact,24,0,0.1,264,0.77143,0.82955
adapt,0,"w=4, k=3",exact,24,0,0.2,264,0.77143,0.82955
adapt,0,"w=4, k=3",exact,24,0,0.3,264,0.77143,0.82955
adapt,0,"w=4, k=3",exact,24,0,0.4,264,0.77143,0.82955
adapt,0,"w=4, k=3",exact,24,0,0.5,264,0.77143,0.82955
adapt,0,"w=4, k=3",exact,24,0,0.6,264,0.77143,0.82955
adapt,0,"w=4, k=3",exact,24,0,0.7,264,0.77143,0.82955
adapt,0,"w=4, k=3",exact,24,0,0.8,264,0.77143,0.82955
adapt,0,"w=4, k=3",exact,24,0,0.9,264,0.77143,0.82955
adapt,0,"w=4, k=3",exact,24,0,1.0,264,0.77143,0.82955
adapt,0,"w=4, k=3",exact,24,1,0.0,264,0.77143,0.94318
adapt,0,"w=4, k=3",exact,24,1,0.1,264,0.77143,0.94318
adapt,0,"w=4, k=3",exact,24,1,0.2,264,0.89524,0.94318
adapt,0,"w=4, k=3",exact,24,1,0.3,264,0.81905,0.94318
adapt,0,"w=4, k=3",exact,24,1,0.4,264,0.81905,0.94318
adapt,0,"w=4, k=3",exact,24,1,0.5,264,0.8,0.94318
adapt,0,"w=4, k=3",exact,24,1,0.6,264,0.79048,0.94318
adapt,0,"w=4, k=3",exact,24,1,0.7,264,0.5619,0.94318
adapt,0,"w=4, k=3",exact,24,1,0.8,264,0.88571,0.94318
adapt,0,"w=4, k=3",exact,24,1,0.9,264,0.92381,0.94318
adapt,0,"w=4, k=3",exact,24,1,1.0,264,0.92381,0.94318
adapt,0,"w=4, k=3",trunc(1),10,0,0.0,202,0.625,0.79703
adapt,0,"w=4, k=3",trunc(1),10,0,0.1,202,0.625,0.79703
adapt,0,"w=4, k=3",trunc(1),10,0,0.2,202,0.625,0.79703
adapt,0,"w=4, k=3",trunc(1),10,0,0.3,202,0.625,0.79703
adapt,0,"w=4, k=3",trunc(1),10,0,0.4,202,0.625,0.79703
adapt,0,"w=4, k=3",trunc(1),10,0,0.5,202,0.625,0.79703
adapt,0,"w=4, k=3",trunc(1),10,0,0.6,202,0.625,0.79703
adapt,0,"w=4, k=3",trunc(1),10,0,0.7,202,0.625,0.79703
adapt,0,"w=4, k=3",trunc(1),10,0,0.8,202,0.625,0.79703
adapt,0,"w=4, k=3",trunc(1),10,0,0.9,202,0.625,0.79703
adapt,0,"w=4, k=3",trunc(1),10,0,1.0,202,0.625,0.79703
adapt,0,"w=4, k=3",trunc(1),10,1,0.0,202,0.625,0.87624
adapt,0,"w=4, k=3",trunc(1),10,1,0.1,202,0.625,0.87624
adapt,0,"w=4, k=3",trunc(1),10,1,0.2,202,0.4375,0.87624
adapt,0,"w=4, k=3",trunc(1),10,1,0.3,202,0.6,0.87624
adapt,0,"w=4, k=3",trunc(1),10,1,0.4,202,0.6,0.87624
adapt,0,"w=4, k=3",trunc(1),10,1,0.5,202,0.5375,0.87624
adapt,0,"w=4, k=3",trunc(1),10,1,0.6,202,0.5375,0.87624
adapt,0,"w=4, k=3",trunc(1),10,1,0.7,202,0.5375,0.87624
adapt,0,"w=4, k=3",trunc(1),10,1,0.8,202,0.5875,0.87624
adapt,0,"w=4, k=3",trunc(1),10,1,0.9,202,0.65,0.87624
adapt,0,"w=4, k=3",trunc(1),10,1,1.0,202,0.65,0.87624
adapt,0,"w=4, k=3",trunc(1),9,0,0.0,200,0.75,0.73
adapt,0,"w=4, k=3",trunc(1),9,0,0.1,200,0.75,0.73
adapt,0,"w=4, k=3",trunc(1),9,0,0.2,200,0.75,0.73
adapt,0,"w=4, k=3",trunc(1),9,0,0.3,200,0.75,0.73
adapt,0,"w=4, k=3",trunc(1),9,0,0.4,200,0.75,0.73
adapt,0,"w=4, k=3",trunc(1),9,0,0.5,200,0.75,0.73
adapt,0,"w=4, k=3",trunc(1),9,0,0.6,200,0.75,0.73
adapt,0,"w=4, k=3",trunc(1),9,0,0.7,200,0.75,0.73
adapt,0,"w=4, k=3",trunc(1),9,0,0.8,200,0.75,0.73
adapt,0,"w=4, k=3",trunc(1),9,0,0.9,200,0.75,0.73
adapt,0,"w=4, k=3",trunc(1),9,0,1.0,200,0.75,0.73
adapt,0,"w=4, k=3",trunc(1),9,1,0.0,200,0.75,0.845
adapt,0,"w=4, k=3",trunc(1),9,1,0.1,200,0.73684,0.845
adapt,0,"w=4, k=3",trunc(1),9,1,0.2,200,0.75,0.845
adapt,0,"w=4, k=3",trunc(1),9,1,0.3,200,0.75,0.845
adapt,0,"w=4, k=3",trunc(1),9,1,0.4,200,0.72368,0.845
adapt,0,"w=4, k=3",trunc(1),9,1,0.5,200,0.75,0.845
adapt,0,"w=4, k=3",trunc(1),9,1,0.6,200,0.73684,0.845
adapt,0,"w=4, k=3",trunc(1),9,1,0.7,200,0.65789,0.845
adapt,0,"w=4, k=3",trunc(1),9,1,0.8,200,0.72368,0.845
adapt,0,"w=4, k=3",trunc(1),9,1,0.9,200,0.71053,0.845
adapt,0,"w=4, k=3",trunc(1),9,1,1.0,200,0.68421,0.845
adapt,0,"w=4, k=3",trunc(1),4,0,0.0,220,0.71765,0.66364
adapt,0,"w=4, k=3",trunc(1),4,0,0.1,220,0.71765,0.66364
adapt,0,"w=4, k=3",trunc(1),4,0,0.2,220,0.71765,0.66364
adapt,0,"w=4, k=3",trunc(1),4,0,0.3,220,0.71765,0.66364
adapt,0,"w=4, k=3",trunc(1),4,0,0.4,220,0.71765,0.66364
adapt,0,"w=4, k=3",trunc(1),4,0,0.5,220,0.71765,0.66364
adapt,0,"w=4, k=3",trunc(1),4,0,0.6,220,0.71765,0.66364
adapt,0,"w=4, k=3",trunc(1),4,0,0.7,220,0.71765,0.66364
adapt,0,"w=4, k=3",trunc(1),4,0,0.8,220,0.71765,0.66364
adapt,0,"w=4, k=3",trunc(1),4,0,0.9,220,0.71765,0.66364
adapt,0,"w=4, k=3",trunc(1),4,0,1.0,220,0.71765,0.66364
adapt,0,"w=4, k=3",trunc(1),4,1,0.0,220,0.71765,0.88636
adapt,0,"w=4, k=3",trunc(1),4,1,0.1,220,0.72941,0.88636
adapt,0,"w=4, k=3",trunc(1),4,1,0.2,220,0.69412,0.88636
adapt,0,"w=4, k=3",trunc(1),4,1,0.3,220,0.61176,0.88636
adapt,0,"w=4, k=3",trunc(1),4,1,0.4,220,0.61176,0.88636
adapt,0,"w=4, k=3",trunc(1),4,1,0.5,220,0.55294,0.88636
adapt,0,"w=4, k=3",trunc(1),4,1,0.6,220,0.48235,0.88636
adapt,0,"w=4, k=3",trunc(1),4,1,0.7,220,0.55294,0.88636
adapt,0,"w=4, k=3",trunc(1),4,1,0.8,220,0.64706,0.88636
adapt,0,"w=4, k=3",trunc(1),4,1,0.9,220,0.67059,0.88636
adapt,0,"w=4, k=3",trunc(1),4,1,1.0,220,0.63529,0.88636
adapt,0,"w=4, k=3",trunc(1),18,0,0.0,252,0.8,0.76587
adapt,0,"w=4, k=3",trunc(1),18,0,0.1,252,0.8,0.76587
adapt,0,"w=4, k=3",trunc(1),18,0,0.2,252,0.8,0.76587
adapt,0,"w=4, k=3",trunc(1),18,0,0.3,252,0.8,0.76587
adapt,0,"w=4, k=3",trunc(1),18,0,0.4,252,0.8,0.76587
adapt,0,"w=4, k=3",trunc(1),18,0,0.5,252,0.8,0.76587
adapt,0,"w=4, k=3",trunc(1),18,0,0.6,252,0.8,0.76587
adapt,0,"w=4, k=3",trunc(1),18,0,0.7,252,0.8,0.76587
adapt,0,"w=4, k=3",trunc(1),18,0,0.8,252,0.8,0.76587
adapt,0,"w=4, k=3",trunc(1),18,0,0.9,252,0.8,0.76587
adapt,0,"w=4, k=3",trunc(1),18,0,1.0,252,0.8,0.76587
adapt,0,"w=4, k=3",trunc(1),18,1,0.0,252,0.8,0.90476
adapt,0,"w=4, k=3",trunc(1),18,1,0.1,252,0.69,0.90476
adapt,0,"w=4, k=3",trunc(1),18,1,0.2,252,0.71,0.90476
adapt,0,"w=4, k=3",trunc(1),18,1,0.3,252,0.75,0.90476
adapt,0,"w=4, k=3",trunc(1),18,1,0.4,252,0.75,0.90476
adapt,0,"w=4, k=3",trunc(1),18,1,0.5,252,0.75,0.90476
adapt,0,"w=4, k=3",trunc(1),18,1,0.6,252,0.69,0.90476
adapt,0,"w=4, k=3",trunc(1),18,1,0.7,252,0.71,0.90476
adapt,0,"w=4, k=3",trunc(1),18,1,0.8,252,0.66,0.90476
adapt,0,"w=4, k=3",trunc(1),18,1,0.9,252,0.7,0.90476
adapt,0,"w=4, k=3",trunc(1),18,1,1.0,252,0.6,0.90476
adapt,0,"w=4, k=3",trunc(1),20,0,0.0,245,0.70103,0.76735
adapt,0,"w=4, k=3",trunc(1),20,0,0.1,245,0.70103,0.76735
adapt,0,"w=4, k=3",trunc(1),20,0,0.2,245,0.70103,0.76735
adapt,0,"w=4, k=3",trunc(1),20,0,0.3,245,0.70103,0.76735
adapt,0,"w=4, k=3",trunc(1),20,0,0.4,245,0.70103,0.76735
adapt,0,"w=4, k=3",trunc(1),20,0,0.5,245,0.70103,0.76735
adapt,0,"w=4, k=3",trunc(1),20,0,0.6,245,0.70103,0.76735
adapt,0,"w=4, k=3",trunc(1),20,0,0.7,245,0.70103,0.76735
adapt,0,"w=4, k=3",trunc(1),20,0,0.8,245,0.70103,0.76735
adapt,0,"w=4, k=3",trunc(1),20,0,0.9,245,0.70103,0.76735
adapt,0,"w=4, k=3",trunc(1),20,0,1.0,245,0.70103,0.76735
adapt,0,"w=4, k=3",trunc(1),20,1,0.0,245,0.70103,0.9102
adapt,0,"w=4, k=3",trunc(1),20,1,0.1,245,0.70103,0.9102
adapt,0,"w=4, k=3",trunc(1),20,1,0.2,245,0.64948,0.9102
adapt,0,"w=4, k=3",trunc(1),20,1,0.3,245,0.65979,0.9102
adapt,0,"w=4, k=3",trunc(1),20,1,0.4,245,0.68041,0.9102
adapt,0,"w=4, k=3",trunc(1),20,1,0.5,245,0.61856,0.9102
adapt,0,"w=4, k=3",trunc(1),20,1,0.6,245,0.56701,0.9102
adapt,0,"w=4, k=3",trunc(1),20,1,0.7,245,0.64948,0.9102
adapt,0,"w=4, k=3",trunc(1),20,1,0.8,245,0.74227,0.9102
adapt,0,"w=4, k=3",trunc(1),20,1,0.9,245,0.75258,0.9102
adapt,0,"w=4, k=3",trunc(1),20,1,1.0,245,0.73196,0.9102
adapt,0,"w=4, k=3",trunc(1),12,0,0.0,222,0.77907,0.7027
adapt,0,"w=4, k=3",trunc(1),12,0,0.1,222,0.77907,0.7027
adapt,0,"w=4, k=3",trunc(1),12,0,0.2,222,0.77907,0.7027
adapt,0,"w=4, k=3",trunc(1),12,0,0.3,222,0.77907,0.7027
adapt,0,"w=4, k=3",trunc(1),12,0,0.4,222,0.77907,0.7027
adapt,0,"w=4, k=3",trunc(1),12,0,0.5,222,0.77907,0.7027
adapt,0,"w=4, k=3",trunc(1),12,0,0.6,222,0.77907,0.7027
adapt,0,"w=4, k=3",trunc(1),12,0,0.7,222,0.77907,0.7027
adapt,0,"w=4, k=3",trunc(1),12,0,0.8,222,0.77907,0.7027
adapt,0,"w=4, k=3",trunc(1),12,0,0.9,222,0.77907,0.7027
adapt,0,"w=4, k=3",trunc(1),12,0,1.0,222,0.77907,0.7027
adapt,0,"w=4, k=3",trunc(1),12,1,0.0,222,0.77907,0.88288
adapt,0,"w=4, k=3",trunc(1),12,1,0.1,222,0.77907,0.88288
adapt,0,"w=4, k=3",trunc(1),12,1,0.2,222,0.72093,0.88288
adapt,0,"w=4, k=3",trunc(1),12,1,0.3,222,0.65116,0.88288
adapt,0,"w=4, k=3",trunc(1),12,1,0.4,222,0.63953,0.88288
adapt,0,"w=4, k=3",trunc(1),12,1,0.5,222,0.55814,0.88288
adapt,0,"w=4, k=3",trunc(1),12,1,0.6,222,0.46512,0.88288
adapt,0,"w=4, k=3",trunc(1),12,1,0.7,222,0.51163,0.88288
adapt,0,"w=4, k=3",trunc(1),12,1,0.8,222,0.60465,0.88288
adapt,0,"w=4, k=3",trunc(1),12,1,0.9,222,0.65116,0.88288
adapt,0,"w=4, k=3",trunc(1),12,1,1.0,222,0.61628,0.88288
adapt,0,"w=4, k=3",trunc(1),13,0,0.0,225,0.83333,0.78667
adapt,0,"w=4, k=3",trunc(1),13,0,0.1,225,0.83333,0.78667
adapt,0,"w=4, k=3",trunc(1),13,0,0.2,225,0.83333,0.78667
adapt,0,"w=4, k=3",trunc(1),13,0,0.3,225,0.83333,0.78667
adapt,0,"w=4, k=3",trunc(1),13,0,0.4,225,0.83333,0.78667
adapt,0,"w=4, k=3",trunc(1),13,0,0.5,225,0.83333,0.78667
adapt,0,"w=4, k=3",trunc(1),13,0,0.6,225,0.83333,0.78667
adapt,0,"w=4, k=3",trunc(1),13,0,0.7,225,0.83333,0.78667
adapt,0,"w=4, k=3",trunc(1),13,0,0.8,225,0.83333,0.78667
adapt,0,"w=4, k=3",trunc(1),13,0,0.9,225,0.83333,0.78667
adapt,0,"w=4, k=3",trunc(1),13,0,1.0,225,0.83333,0.78667
adapt,0,"w=4, k=3",trunc(1),13,1,0.0,225,0.83333,0.90667
adapt,0,"w=4, k=3",trunc(1),13,1,0.1,225,0.83333,0.90667
adapt,0,"w=4, k=3",trunc(1),13,1,0.2,225,0.7,0.90667
adapt,0,"w=4, k=3",trunc(1),13,1,0.3,225,0.68889,0.90667
adapt,0,"w=4, k=3",trunc(1),13,1,0.4,225,0.7,0.90667
adapt,0,"w=4, k=3",trunc(1),13,1,0.5,225,0.7,0.90667
adapt,0,"w=4, k=3",trunc(1),13,1,0.6,225,0.48889,0.90667
adapt,0,"w=4, k=3",trunc(1),13,1,0.7,225,0.62222,0.90667
adapt,0,"w=4, k=3",trunc(1),13,1,0.8,225,0.72222,0.90667
adapt,0,"w=4, k=3",trunc(1),13,1,0.9,225,0.66667,0.90667
adapt,0,"w=4, k=3",trunc(1),13,1,1.0,225,0.66667,0.90667
adapt,0,"w=4, k=3",trunc(1),24,0,0.0,264,0.75238,0.76515
adapt,0,"w=4, k=3",trunc(1),24,0,0.1,264,0.75238,0.76515
adapt,0,"w=4, k=3",trunc(1),24,0,0.2,264,0.75238,0.76515
adapt,0,"w=4, k=3",trunc(1),24,0,0.3,264,0.75238,0.76515
adapt,0,"w=4, k=3",trunc(1),24,0,0.4,264,0.75238,0.76515
adapt,0,"w=4, k=3",trunc(1),24,0,0.5,264,0.75238,0.76515
adapt,0,"w=4, k=3",trunc(1),24,0,0.6,264,0.75238,0.76515
adapt,0,"w=4, k=3",trunc(1),24,0,0.7,264,0.75238,0.76515
adapt,0,"w=4, k=3",trunc(1),24,0,0.8,264,0.75238,0.76515
adapt,0,"w=4, k=3",trunc(1),24,0,0.9,264,0.75238,0.76515
adapt,0,"w=4, k=3",trunc(1),24,0,1.0,264,0.75238,0.76515
adapt,0,"w=4, k=3",trunc(1),24,1,0.0,264,0.75238,0.92045
adapt,0,"w=4, k=3",trunc(1),24,1,0.1,264,0.75238,0.92045
adapt,0,"w=4, k=3",trunc(1),24,1,0.2,264,0.75238,0.92045
adapt,0,"w=4, k=3",trunc(1),24,1,0.3,264,0.72381,0.92045
adapt,0,"w=4, k=3",trunc(1),24,1,0.4,264,0.73333,0.92045
adapt,0,"w=4, k=3",trunc(1),24,1,0.5,264,0.71429,0.92045
adapt,0,"w=4, k=3",trunc(1),24,1,0.6,264,0.62857,0.92045
adapt,0,"w=4, k=3",trunc(1),24,1,0.7,264,0.7619,0.92045
adapt,0,"w=4, k=3",trunc(1),24,1,0.8,264,0.8,0.92045
adapt,0,"w=4, k=3",trunc(1),24,1,0.9,264,0.78095,0.92045
adapt,0,"w=4, k=3",trunc(1),24,1,1.0,264,0.73333,0.92045
adapt,0,"w=4, k=3",satcomp(2),2,0,0.0,208,0.70732,0.66346
adapt,0,"w=4, k=3",satcomp(2),2,0,0.1,208,0.70732,0.66346
adapt,0,"w=4, k=3",satcomp(2),2,0,0.2,208,0.70732,0.66346
adapt,0,"w=4, k=3",satcomp(2),2,0,0.3,208,0.70732,0.66346
adapt,0,"w=4, k=3",satcomp(2),2,0,0.4,208,0.70732,0.66346
adapt,0,"w=4, k=3",satcomp(2),2,0,0.5,208,0.70732,0.66346
adapt,0,"w=4, k=3",satcomp(2),2,0,0.6,208,0.70732,0.66346
adapt,0,"w=4, k=3",satcomp(2),2,0,0.7,208,0.70732,0.66346
adapt,0,"w=4, k=3",satcomp(2),2,0,0.8,208,0.70732,0.66346
adapt,0,"w=4, k=3",satcomp(2),2,0,0.9,208,0.70732,0.66346
adapt,0,"w=4, k=3",satcomp(2),2,0,1.0,208,0.70732,0.66346
adapt,0,"w=4, k=3",satcomp(2),2,1,0.0,208,0.70732,0.89423
adapt,0,"w=4, k=3",satcomp(2),2,1,0.1,208,0.63415,0.89423
adapt,0,"w=4, k=3",satcomp(2),2,1,0.2,208,0.62195,0.89423
adapt,0,"w=4, k=3",satcomp(2),2,1,0.3,208,0.58537,0.89423
adapt,0,"w=4, k=3",satcomp(2),2,1,0.4,208,0.69512,0.89423
adapt,0,"w=4, k=3",satcomp(2),2,1,0.5,208,0.69512,0.89423
adapt,0,"w=4, k=3",satcomp(2),2,1,0.6,208,0.64634,0.89423
adapt,0,"w=4, k=3",satcomp(2),2,1,0.7,208,0.57317,0.89423
adapt,0,"w=4, k=3",satcomp(2),2,1,0.8,208,0.62195,0.89423
adapt,0,"w=4, k=3",satcomp(2),2,1,0.9,208,0.71951,0.89423
adapt,0,"w=4, k=3",satcomp(2),2,1,1.0,208,0.59756,0.89423
adapt,0,"w=4, k=3",satcomp(2),10,0,0.0,202,0.3125,0.52475
adapt,0,"w=4, k=3",satcomp(2),10,0,0.1,202,0.3125,0.52475
adapt,0,"w=4, k=3",satcomp(2),10,0,0.2,202,0.3125,0.52475
adapt,0,"w=4, k=3",satcomp(2),10,0,0.3,202,0.3125,0.52475
adapt,0,"w=4, k=3",satcomp(2),10,0,0.4,202,0.3125,0.52475
adapt,0,"w=4, k=3",satcomp(2),10,0,0.5,202,0.3125,0.52475
adapt,0,"w=4, k=3",satcomp(2),10,0,0.6,202,0.3125,0.52475
adapt,0,"w=4, k=3",satcomp(2),10,0,0.7,202,0.3125,0.52475
adapt,0,"w=4, k=3",satcomp(2),10,0,0.8,202,0.3125,0.52475
adapt,0,"w=4, k=3",satcomp(2),10,0,0.9,202,0.3125,0.52475
adapt,0,"w=4, k=3",satcomp(2),10,0,1.0,202,0.3125,0.52475
adapt,0,"w=4, k=3",satcomp(2),10,1,0.0,202,0.3125,0.84158
adapt,0,"w=4, k=3",satcomp(2),10,1,0.1,202,0.4,0.84158
adapt,0,"w=4, k=3",satcomp(2),10,1,0.2,202,0.3125,0.84158
adapt,0,"w=4, k=3",satcomp(2),10,1,0.3,202,0.3125,0.84158
adapt,0,"w=4, k=3",satcomp(2),10,1,0.4,202,0.3125,0.84158
adapt,0,"w=4, k=3",satcomp(2),10,1,0.5,202,0.3625,0.84158
adapt,0,"w=4, k=3",satcomp(2),10,1,0.6,202,0.475,0.84158
adapt,0,"w=4, k=3",satcomp(2),10,1,0.7,202,0.3625,0.84158
adapt,0,"w=4, k=3",satcomp(2),10,1,0.8,202,0.3125,0.84158
adapt,0,"w=4, k=3",satcomp(2),10,1,0.9,202,0.6,0.84158
adapt,0,"w=4, k=3",satcomp(2),10,1,1.0,202,0.625,0.84158
adapt,0,"w=4, k=3",satcomp(2),12,0,0.0,222,0.54651,0.6036
adapt,0,"w=4, k=3",satcomp(2),12,0,0.1,222,0.54651,0.6036
adapt,0,"w=4, k=3",satcomp(2),12,0,0.2,222,0.54651,0.6036
adapt,0,"w=4, k=3",satcomp(2),12,0,0.3,222,0.54651,0.6036
adapt,0,"w=4, k=3",satcomp(2),12,0,0.4,222,0.54651,0.6036
adapt,0,"w=4, k=3",satcomp(2),12,0,0.5,222,0.54651,0.6036
adapt,0,"w=4, k=3",satcomp(2),12,0,0.6,222,0.54651,0.6036
adapt,0,"w=4, k=3",satcomp(2),12,0,0.7,222,0.54651,0.6036
adapt,0,"w=4, k=3",satcomp(2),12,0,0.8,222,0.54651,0.6036
adapt,0,"w=4, k=3",satcomp(2),12,0,0.9,222,0.54651,0.6036
adapt,0,"w=4, k=3",satcomp(2),12,0,1.0,222,0.54651,0.6036
adapt,0,"w=4, k=3",satcomp(2),12,1,0.0,222,0.54651,0.84234
adapt,0,"w=4, k=3",satcomp(2),12,1,0.1,222,0.56977,0.84234
adapt,0,"w=4, k=3",satcomp(2),12,1,0.2,222,0.5,0.84234
adapt,0,"w=4, k=3",satcomp(2),12,1,0.3,222,0.5,0.84234
adapt,0,"w=4, k=3",satcomp(2),12,1,0.4,222,0.52326,0.84234
adapt,0,"w=4, k=3",satcomp(2),12,1,0.5,222,0.52326,0.84234
adapt,0,"w=4, k=3",satcomp(2),12,1,0.6,222,0.47674,0.84234
adapt,0,"w=4, k=3",satcomp(2),12,1,0.7,222,0.25581,0.84234
adapt,0,"w=4, k=3",satcomp(2),12,1,0.8,222,0.63953,0.84234
adapt,0,"w=4, k=3",satcomp(2),12,1,0.9,222,0.66279,0.84234
adapt,0,"w=4, k=3",satcomp(2),12,1,1.0,222,0.53488,0.84234
adapt,0,"w=4, k=3",satcomp(2),9,0,0.0,200,0.60526,0.59
adapt,0,"w=4, k=3",satcomp(2),9,0,0.1,200,0.60526,0.59
adapt,0,"w=4, k=3",satcomp(2),9,0,0.2,200,0.60526,0.59
adapt,0,"w=4, k=3",satcomp(2),9,0,0.3,200,0.60526,0.59
adapt,0,"w=4, k=3",satcomp(2),9,0,0.4,200,0.60526,0.59
adapt,0,"w=4, k=3",satcomp(2),9,0,0.5,200,0.60526,0.59
adapt,0,"w=4, k=3",satcomp(2),9,0,0.6,200,0.60526,0.59
adapt,0,"w=4, k=3",satcomp(2),9,0,0.7,200,0.60526,0.59
adapt,0,"w=4, k=3",satcomp(2),9,0,0.8,200,0.60526,0.59
adapt,0,"w=4, k=3",satcomp(2),9,0,0.9,200,0.60526,0.59
adapt,0,"w=4, k=3",satcomp(2),9,0,1.0,200,0.60526,0.59
adapt,0,"w=4, k=3",satcomp(2),9,1,0.0,200,0.60526,0.855
adapt,0,"w=4, k=3",satcomp(2),9,1,0.1,200,0.44737,0.855
adapt,0,"w=4, k=3",satcomp(2),9,1,0.2,200,0.78947,0.855
adapt,0,"w=4, k=3",satcomp(2),9,1,0.3,200,0.80263,0.855
adapt,0,"w=4, k=3",satcomp(2),9,1,0.4,200,0.73684,0.855
adapt,0,"w=4, k=3",satcomp(2),9,1,0.5,200,0.76316,0.855
adapt,0,"w=4, k=3",satcomp(2),9,1,0.6,200,0.57895,0.855
adapt,0,"w=4, k=3",satcomp(2),9,1,0.7,200,0.5,0.855
adapt,0,"w=4, k=3",satcomp(2),9,1,0.8,200,0.65789,0.855
adapt,0,"w=4, k=3",satcomp(2),9,1,0.9,200,0.73684,0.855
adapt,0,"w=4, k=3",satcomp(2),9,1,1.0,200,0.69737,0.855
adapt,0,"w=4, k=3",satcomp(2),4,0,0.0,220,0.44706,0.45
adapt,0,"w=4, k=3",satcomp(2),4,0,0.1,220,0.44706,0.45
adapt,0,"w=4, k=3",satcomp(2),4,0,0.2,220,0.44706,0.45
adapt,0,"w=4, k=3",satcomp(2),4,0,0.3,220,0.44706,0.45
adapt,0,"w=4, k=3",satcomp(2),4,0,0.4,220,0.44706,0.45
adapt,0,"w=4, k=3",satcomp(2),4,0,0.5,220,0.44706,0.45
adapt,0,"w=4, k=3",satcomp(2),4,0,0.6,220,0.44706,0.45
adapt,0,"w=4, k=3",satcomp(2),4,0,0.7,220,0.44706,0.45
adapt,0,"w=4, k=3",satcomp(2),4,0,0.8,220,0.44706,0.45
adapt,0,"w=4, k=3",satcomp(2),4,0,0.9,220,0.44706,0.45
adapt,0,"w=4, k=3",satcomp(2),4,0,1.0,220,0.44706,0.45
adapt,0,"w=4, k=3",satcomp(2),4,1,0.0,220,0.44706,0.87727
adapt,0,"w=4, k=3",satcomp(2),4,1,0.1,220,0.56471,0.87727
adapt,0,"w=4, k=3",satcomp(2),4,1,0.2,220,0.45882,0.87727
adapt,0,"w=4, k=3",satcomp(2),4,1,0.3,220,0.45882,0.87727
adapt,0,"w=4, k=3",satcomp(2),4,1,0.4,220,0.45882,0.87727
adapt,0,"w=4, k=3",satcomp(2),4,1,0.5,220,0.47059,0.87727
adapt,0,"w=4, k=3",satcomp(2),4,1,0.6,220,0.43529,0.87727
adapt,0,"w=4, k=3",satcomp(2),4,1,0.7,220,0.37647,0.87727
adapt,0,"w=4, k=3",satcomp(2),4,1,0.8,220,0.57647,0.87727
adapt,0,"w=4, k=3",satcomp(2),4,1,0.9,220,0.6,0.87727
adapt,0,"w=4, k=3",satcomp(2),4,1,1.0,220,0.51765,0.87727
adapt,0,"w=4, k=3",satcomp(2),18,0,0.0,252,0.61,0.56746
adapt,0,"w=4, k=3",satcomp(2),18,0,0.1,252,0.61,0.56746
adapt,0,"w=4, k=3",satcomp(2),18,0,0.2,252,0.61,0.56746
adapt,0,"w=4, k=3",satcomp(2),18,0,0.3,252,0.61,0.56746
adapt,0,"w=4, k=3",satcomp(2),18,0,0.4,252,0.61,0.56746
adapt,0,"w=4, k=3",satcomp(2),18,0,0.5,252,0.61,0.56746
adapt,0,"w=4, k=3",satcomp(2),18,0,0.6,252,0.61,0.56746
adapt,0,"w=4, k=3",satcomp(2),18,0,0.7,252,0.61,0.56746
adapt,0,"w=4, k=3",satcomp(2),18,0,0.8,252,0.61,0.56746
adapt,0,"w=4, k=3",satcomp(2),18,0,0.9,252,0.61,0.56746
adapt,0,"w=4, k=3",satcomp(2),18,0,1.0,252,0.61,0.56746
adapt,0,"w=4, k=3",satcomp(2),18,1,0.0,252,0.61,0.90079
adapt,0,"w=4, k=3",satcomp(2),18,1,0.1,252,0.57,0.90079
adapt,0,"w=4, k=3",satcomp(2),18,1,0.2,252,0.77,0.90079
adapt,0,"w=4, k=3",satcomp(2),18,1,0.3,252,0.67,0.90079
adapt,0,"w=4, k=3",satcomp(2),18,1,0.4,252,0.67,0.90079
adapt,0,"w=4, k=3",satcomp(2),18,1,0.5,252,0.58,0.90079
adapt,0,"w=4, k=3",satcomp(2),18,1,0.6,252,0.65,0.90079
adapt,0,"w=4, k=3",satcomp(2),18,1,0.7,252,0.63,0.90079
adapt,0,"w=4, k=3",satcomp(2),18,1,0.8,252,0.67,0.90079
adapt,0,"w=4, k=3",satcomp(2),18,1,0.9,252,0.74,0.90079
adapt,0,"w=4, k=3",satcomp(2),18,1,1.0,252,0.76,0.90079
adapt,0,"w=4, k=3",satcomp(2),13,0,0.0,225,0.66667,0.66667
adapt,0,"w=4, k=3",satcomp(2),13,0,0.1,225,0.66667,0.66667
adapt,0,"w=4, k=3",satcomp(2),13,0,0.2,225,0.66667,0.66667
adapt,0,"w=4, k=3",satcomp(2),13,0,0.3,225,0.66667,0.66667
adapt,0,"w=4, k=3",satcomp(2),13,0,0.4,225,0.66667,0.66667
adapt,0,"w=4, k=3",satcomp(2),13,0,0.5,225,0.66667,0.66667
adapt,0,"w=4, k=3",satcomp(2),13,0,0.6,225,0.66667,0.66667
adapt,0,"w=4, k=3",satcomp(2),13,0,0.7,225,0.66667,0.66667
adapt,0,"w=4, k=3",satcomp(2),13,0,0.8,225,0.66667,0.66667
adapt,0,"w=4, k=3",satcomp(2),13,0,0.9,225,0.66667,0.66667
adapt,0,"w=4, k=3",satcomp(2),13,0,1.0,225,0.66667,0.66667
adapt,0,"w=4, k=3",satcomp(2),13,1,0.0,225,0.66667,0.88889
adapt,0,"w=4, k=3",satcomp(2),13,1,0.1,225,0.67778,0.88889
adapt,0,"w=4, k=3",satcomp(2),13,1,0.2,225,0.5,0.88889
adapt,0,"w=4, k=3",satcomp(2),13,1,0.3,225,0.63333,0.88889
adapt,0,"w=4, k=3",satcomp(2),13,1,0.4,225,0.63333,0.88889
adapt,0,"w=4, k=3",satcomp(2),13,1,0.5,225,0.63333,0.88889
adapt,0,"w=4, k=3",satcomp(2),13,1,0.6,225,0.48889,0.88889
adapt,0,"w=4, k=3",satcomp(2),13,1,0.7,225,0.64444,0.88889
adapt,0,"w=4, k=3",satcomp(2),13,1,0.8,225,0.81111,0.88889
adapt,0,"w=4, k=3",satcomp(2),13,1,0.9,225,0.83333,0.88889
adapt,0,"w=4, k=3",satcomp(2),13,1,1.0,225,0.8,0.88889
adapt,0,"w=4, k=3",satcomp(2),20,0,0.0,245,0.51546,0.5551
adapt,0,"w=4, k=3",satcomp(2),20,0,0.1,245,0.51546,0.5551
adapt,0,"w=4, k=3",satcomp(2),20,0,0.2,245,0.51546,0.5551
adapt,0,"w=4, k=3",satcomp(2),20,0,0.3,245,0.51546,0.5551
adapt,0,"w=4, k=3",satcomp(2),20,0,0.4,245,0.51546,0.5551
adapt,0,"w=4, k=3",satcomp(2),20,0,0.5,245,0.51546,0.5551
adapt,0,"w=4, k=3",satcomp(2),20,0,0.6,245,0.51546,0.5551
adapt,0,"w=4, k=3",satcomp(2),20,0,0.7,245,0.51546,0.5551
adapt,0,"w=4, k=3",satcomp(2),20,0,0.8,245,0.51546,0.5551
adapt,0,"w=4, k=3",satcomp(2),20,0,0.9,245,0.51546,0.5551
adapt,0,"w=4, k=3",satcomp(2),20,0,1.0,245,0.51546,0.5551
adapt,0,"w=4, k=3",satcomp(2),20,1,0.0,245,0.51546,0.86122
adapt,0,"w=4, k=3",satcomp(2),20,1,0.1,245,0.59794,0.86122
adapt,0,"w=4, k=3",satcomp(2),20,1,0.2,245,0.5567,0.86122
adapt,0,"w=4, k=3",satcomp(2),20,1,0.3,245,0.41237,0.86122
adapt,0,"w=4, k=3",satcomp(2),20,1,0.4,245,0.57732,0.86122
adapt,0,"w=4, k=3",satcomp(2),20,1,0.5,245,0.58763,0.86122
adapt,0,"w=4, k=3",satcomp(2),20,1,0.6,245,0.47423,0.86122
adapt,0,"w=4, k=3",satcomp(2),20,1,0.7,245,0.54639,0.86122
adapt,0,"w=4, k=3",satcomp(2),20,1,0.8,245,0.52577,0.86122
adapt,0,"w=4, k=3",satcomp(2),20,1,0.9,245,0.68041,0.86122
adapt,0,"w=4, k=3",satcomp(2),20,1,1.0,245,0.73196,0.86122
adapt,0,"w=4, k=3",sampled(4),2,0,0.0,208,0.47561,0.49038
adapt,0,"w=4, k=3",sampled(4),2,0,0.1,208,0.47561,0.49038
adapt,0,"w=4, k=3",sampled(4),2,0,0.2,208,0.47561,0.49038
adapt,0,"w=4, k=3",sampled(4),2,0,0.3,208,0.47561,0.49038
adapt,0,"w=4, k=3",sampled(4),2,0,0.4,208,0.47561,0.49038
adapt,0,"w=4, k=3",sampled(4),2,0,0.5,208,0.47561,0.49038
adapt,0,"w=4, k=3",sampled(4),2,0,0.6,208,0.47561,0.49038
adapt,0,"w=4, k=3",sampled(4),2,0,0.7,208,0.47561,0.49038
adapt,0,"w=4, k=3",sampled(4),2,0,0.8,208,0.47561,0.49038
adapt,0,"w=4, k=3",sampled(4),2,0,0.9,208,0.47561,0.49038
adapt,0,"w=4, k=3",sampled(4),2,0,1.0,208,0.47561,0.49038
adapt,0,"w=4, k=3",sampled(4),2,1,0.0,208,0.47561,0.875
adapt,0,"w=4, k=3",sampled(4),2,1,0.1,208,0.60976,0.875
adapt,0,"w=4, k=3",sampled(4),2,1,0.2,208,0.45122,0.875
adapt,0,"w=4, k=3",sampled(4),2,1,0.3,208,0.45122,0.875
adapt,0,"w=4, k=3",sampled(4),2,1,0.4,208,0.4878,0.875
adapt,0,"w=4, k=3",sampled(4),2,1,0.5,208,0.4878,0.875
adapt,0,"w=4, k=3",sampled(4),2,1,0.6,208,0.45122,0.875
adapt,0,"w=4, k=3",sampled(4),2,1,0.7,208,0.62195,0.875
adapt,0,"w=4, k=3",sampled(4),2,1,0.8,208,0.59756,0.875
adapt,0,"w=4, k=3",sampled(4),2,1,0.9,208,0.64634,0.875
adapt,0,"w=4, k=3",sampled(4),2,1,1.0,208,0.5122,0.875
adapt,0,"w=4, k=3",sampled(4),9,0,0.0,200,0.46053,0.485
adapt,0,"w=4, k=3",sampled(4),9,0,0.1,200,0.46053,0.485
adapt,0,"w=4, k=3",sampled(4),9,0,0.2,200,0.46053,0.485
adapt,0,"w=4, k=3",sampled(4),9,0,0.3,200,0.46053,0.485
adapt,0,"w=4, k=3",sampled(4),9,0,0.4,200,0.46053,0.485
adapt,0,"w=4, k=3",sampled(4),9,0,0.5,200,0.46053,0.485
adapt,0,"w=4, k=3",sampled(4),9,0,0.6,200,0.46053,0.485
adapt,0,"w=4, k=3",sampled(4),9,0,0.7,200,0.46053,0.485
adapt,0,"w=4, k=3",sampled(4),9,0,0.8,200,0.46053,0.485
adapt,0,"w=4, k=3",sampled(4),9,0,0.9,200,0.46053,0.485
adapt,0,"w=4, k=3",sampled(4),9,0,1.0,200,0.46053,0.485
adapt,0,"w=4, k=3",sampled(4),9,1,0.0,200,0.46053,0.815
adapt,0,"w=4, k=3",sampled(4),9,1,0.1,200,0.5,0.815
adapt,0,"w=4, k=3",sampled(4),9,1,0.2,200,0.60526,0.815
adapt,0,"w=4, k=3",sampled(4),9,1,0.3,200,0.61842,0.815
adapt,0,"w=4, k=3",sampled(4),9,1,0.4,200,0.53947,0.815
adapt,0,"w=4, k=3",sampled(4),9,1,0.5,200,0.60526,0.815
adapt,0,"w=4, k=3",sampled(4),9,1,0.6,200,0.69737,0.815
adapt,0,"w=4, k=3",sampled(4),9,1,0.7,200,0.55263,0.815
adapt,0,"w=4, k=3",sampled(4),9,1,0.8,200,0.51316,0.815
adapt,0,"w=4, k=3",sampled(4),9,1,0.9,200,0.63158,0.815
adapt,0,"w=4, k=3",sampled(4),9,1,1.0,200,0.59211,0.815
adapt,0,"w=4, k=3",sampled(4),4,0,0.0,220,0.4,0.44545
adapt,0,"w=4, k=3",sampled(4),4,0,0.1,220,0.4,0.44545
adapt,0,"w=4, k=3",sampled(4),4,0,0.2,220,0.4,0.44545
adapt,0,"w=4, k=3",sampled(4),4,0,0.3,220,0.4,0.44545
adapt,0,"w=4, k=3",sampled(4),4,0,0.4,220,0.4,0.44545
adapt,0,"w=4, k=3",sampled(4),4,0,0.5,220,0.4,0.44545
adapt,0,"w=4, k=3",sampled(4),4,0,0.6,220,0.4,0.44545
adapt,0,"w=4, k=3",sampled(4),4,0,0.7,220,0.4,0.44545
adapt,0,"w=4, k=3",sampled(4),4,0,0.8,220,0.4,0.44545
adapt,0,"w=4, k=3",sampled(4),4,0,0.9,220,0.4,0.44545
adapt,0,"w=4, k=3",sampled(4),4,0,1.0,220,0.4,0.44545
adapt,0,"w=4, k=3",sampled(4),4,1,0.0,220,0.4,0.83182
adapt,0,"w=4, k=3",sampled(4),4,1,0.1,220,0.31765,0.83182
adapt,0,"w=4, k=3",sampled(4),4,1,0.2,220,0.37647,0.83182
adapt,0,"w=4, k=3",sampled(4),4,1,0.3,220,0.50588,0.83182
adapt,0,"w=4, k=3",sampled(4),4,1,0.4,220,0.49412,0.83182
adapt,0,"w=4, k=3",sampled(4),4,1,0.5,220,0.48235,0.83182
adapt,0,"w=4, k=3",sampled(4),4,1,0.6,220,0.48235,0.83182
adapt,0,"w=4, k=3",sampled(4),4,1,0.7,220,0.41176,0.83182
adapt,0,"w=4, k=3",sampled(4),4,1,0.8,220,0.49412,0.83182
adapt,0,"w=4, k=3",sampled(4),4,1,0.9,220,0.4,0.83182
adapt,0,"w=4, k=3",sampled(4),4,1,1.0,220,0.4,0.83182
adapt,0,"w=4, k=3",satcomp(2),24,0,0.0,264,0.65714,0.62879
adapt,0,"w=4, k=3",satcomp(2),24,0,0.1,264,0.65714,0.62879
adapt,0,"w=4, k=3",satcomp(2),24,0,0.2,264,0.65714,0.62879
adapt,0,"w=4, k=3",satcomp(2),24,0,0.3,264,0.65714,0.62879
adapt,0,"w=4, k=3",satcomp(2),24,0,0.4,264,0.65714,0.62879
adapt,0,"w=4, k=3",satcomp(2),24,0,0.5,264,0.65714,0.62879
adapt,0,"w=4, k=3",satcomp(2),24,0,0.6,264,0.65714,0.62879
adapt,0,"w=4, k=3",satcomp(2),24,0,0.7,264,0.65714,0.62879
adapt,0,"w=4, k=3",satcomp(2),24,0,0.8,264,0.65714,0.62879
adapt,0,"w=4, k=3",satcomp(2),24,0,0.9,264,0.65714,0.62879
adapt,0,"w=4, k=3",satcomp(2),24,0,1.0,264,0.65714,0.62879
adapt,0,"w=4, k=3",satcomp(2),24,1,0.0,264,0.65714,0.92803
adapt,0,"w=4, k=3",satcomp(2),24,1,0.1,264,0.74286,0.92803
adapt,0,"w=4, k=3",satcomp(2),24,1,0.2,264,0.78095,0.92803
adapt,0,"w=4, k=3",satcomp(2),24,1,0.3,264,0.78095,0.92803
adapt,0,"w=4, k=3",satcomp(2),24,1,0.4,264,0.78095,0.92803
adapt,0,"w=4, k=3",satcomp(2),24,1,0.5,264,0.77143,0.92803
adapt,0,"w=4, k=3",satcomp(2),24,1,0.6,264,0.78095,0.92803
adapt,0,"w=4, k=3",satcomp(2),24,1,0.7,264,0.39048,0.92803
adapt,0,"w=4, k=3",satcomp(2),24,1,0.8,264,0.68571,0.92803
adapt,0,"w=4, k=3",satcomp(2),24,1,0.9,264,0.72381,0.92803
adapt,0,"w=4, k=3",satcomp(2),24,1,1.0,264,0.69524,0.92803
adapt,0,"w=4, k=3",sampled(4),10,0,0.0,202,0.55,0.57921
adapt,0,"w=4, k=3",sampled(4),10,0,0.1,202,0.55,0.57921
adapt,0,"w=4, k=3",sampled(4),10,0,0.2,202,0.55,0.57921
adapt,0,"w=4, k=3",sampled(4),10,0,0.3,202,0.55,0.57921
adapt,0,"w=4, k=3",sampled(4),10,0,0.4,202,0.55,0.57921
adapt,0,"w=4, k=3",sampled(4),10,0,0.5,202,0.55,0.57921
adapt,0,"w=4, k=3",sampled(4),10,0,0.6,202,0.55,0.57921
adapt,0,"w=4, k=3",sampled(4),10,0,0.7,202,0.55,0.57921
adapt,0,"w=4, k=3",sampled(4),10,0,0.8,202,0.55,0.57921
adapt,0,"w=4, k=3",sampled(4),10,0,0.9,202,0.55,0.57921
adapt,0,"w=4, k=3",sampled(4),10,0,1.0,202,0.55,0.57921
adapt,0,"w=4, k=3",sampled(4),10,1,0.0,202,0.55,0.82673
adapt,0,"w=4, k=3",sampled(4),10,1,0.1,202,0.6,0.82673
adapt,0,"w=4, k=3",sampled(4),10,1,0.2,202,0.5,0.82673
adapt,0,"w=4, k=3",sampled(4),10,1,0.3,202,0.5375,0.82673
adapt,0,"w=4, k=3",sampled(4),10,1,0.4,202,0.525,0.82673
adapt,0,"w=4, k=3",sampled(4),10,1,0.5,202,0.525,0.82673
adapt,0,"w=4, k=3",sampled(4),10,1,0.6,202,0.4375,0.82673
adapt,0,"w=4, k=3",sampled(4),10,1,0.7,202,0.4875,0.82673
adapt,0,"w=4, k=3",sampled(4),10,1,0.8,202,0.4375,0.82673
adapt,0,"w=4, k=3",sampled(4),10,1,0.9,202,0.5875,0.82673
adapt,0,"w=4, k=3",sampled(4),10,1,1.0,202,0.6625,0.82673
adapt,0,"w=4, k=3",sampled(4),12,0,0.0,222,0.5,0.53153
adapt,0,"w=4, k=3",sampled(4),12,0,0.1,222,0.5,0.53153
adapt,0,"w=4, k=3",sampled(4),12,0,0.2,222,0.5,0.53153
adapt,0,"w=4, k=3",sampled(4),12,0,0.3,222,0.5,0.53153
adapt,0,"w=4, k=3",sampled(4),12,0,0.4,222,0.5,0.53153
adapt,0,"w=4, k=3",sampled(4),12,0,0.5,222,0.5,0.53153
adapt,0,"w=4, k=3",sampled(4),12,0,0.6,222,0.5,0.53153
adapt,0,"w=4, k=3",sampled(4),12,0,0.7,222,0.5,0.53153
adapt,0,"w=4, k=3",sampled(4),12,0,0.8,222,0.5,0.53153
adapt,0,"w=4, k=3",sampled(4),12,0,0.9,222,0.5,0.53153
adapt,0,"w=4, k=3",sampled(4),12,0,1.0,222,0.5,0.53153
adapt,0,"w=4, k=3",sampled(4),12,1,0.0,222,0.5,0.87838
adapt,0,"w=4, k=3",sampled(4),12,1,0.1,222,0.59302,0.87838
adapt,0,"w=4, k=3",sampled(4),12,1,0.2,222,0.4186,0.87838
adapt,0,"w=4, k=3",sampled(4),12,1,0.3,222,0.53488,0.87838
adapt,0,"w=4, k=3",sampled(4),12,1,0.4,222,0.47674,0.87838
adapt,0,"w=4, k=3",sampled(4),12,1,0.5,222,0.53488,0.87838
adapt,0,"w=4, k=3",sampled(4),12,1,0.6,222,0.5,0.87838
adapt,0,"w=4, k=3",sampled(4),12,1,0.7,222,0.53488,0.87838
adapt,0,"w=4, k=3",sampled(4),12,1,0.8,222,0.66279,0.87838
adapt,0,"w=4, k=3",sampled(4),12,1,0.9,222,0.73256,0.87838
adapt,0,"w=4, k=3",sampled(4),12,1,1.0,222,0.52326,0.87838
adapt,0,"w=4, k=3",sampled(4),20,0,0.0,245,0.41237,0.45714
adapt,0,"w=4, k=3",sampled(4),20,0,0.1,245,0.41237,0.45714
adapt,0,"w=4, k=3",sampled(4),20,0,0.2,245,0.41237,0.45714
adapt,0,"w=4, k=3",sampled(4),20,0,0.3,245,0.41237,0.45714
adapt,0,"w=4, k=3",sampled(4),20,0,0.4,245,0.41237,0.45714
adapt,0,"w=4, k=3",sampled(4),20,0,0.5,245,0.41237,0.45714
adapt,0,"w=4, k=3",sampled(4),20,0,0.6,245,0.41237,0.45714
adapt,0,"w=4, k=3",sampled(4),20,0,0.7,245,0.41237,0.45714
adapt,0,"w=4, k=3",sampled(4),20,0,0.8,245,0.41237,0.45714
adapt,0,"w=4, k=3",sampled(4),20,0,0.9,245,0.41237,0.45714
adapt,0,"w=4, k=3",sampled(4),20,0,1.0,245,0.41237,0.45714
adapt,0,"w=4, k=3",sampled(4),20,1,0.0,245,0.41237,0.86531
adapt,0,"w=4, k=3",sampled(4),20,1,0.1,245,0.56701,0.86531
adapt,0,"w=4, k=3",sampled(4),20,1,0.2,245,0.43299,0.86531
adapt,0,"w=4, k=3",sampled(4),20,1,0.3,245,0.36082,0.86531
adapt,0,"w=4, k=3",sampled(4),20,1,0.4,245,0.38144,0.86531
adapt,0,"w=4, k=3",sampled(4),20,1,0.5,245,0.38144,0.86531
adapt,0,"w=4, k=3",sampled(4),20,1,0.6,245,0.41237,0.86531
adapt,0,"w=4, k=3",sampled(4),20,1,0.7,245,0.37113,0.86531
adapt,0,"w=4, k=3",sampled(4),20,1,0.8,245,0.47423,0.86531
adapt,0,"w=4, k=3",sampled(4),20,1,0.9,245,0.45361,0.86531
adapt,0,"w=4, k=3",sampled(4),20,1,1.0,245,0.58763,0.86531
adapt,0,"w=4, k=3",sampled(4),13,0,0.0,225,0.5,0.53778
adapt,0,"w=4, k=3",sampled(4),13,0,0.1,225,0.5,0.53778
adapt,0,"w=4, k=3",sampled(4),13,0,0.2,225,0.5,0.53778
adapt,0,"w=4, k=3",sampled(4),13,0,0.3,225,0.5,0.53778
adapt,0,"w=4, k=3",sampled(4),13,0,0.4,225,0.5,0.53778
adapt,0,"w=4, k=3",sampled(4),13,0,0.5,225,0.5,0.53778
adapt,0,"w=4, k=3",sampled(4),13,0,0.6,225,0.5,0.53778
adapt,0,"w=4, k=3",sampled(4),13,0,0.7,225,0.5,0.53778
adapt,0,"w=4, k=3",sampled(4),13,0,0.8,225,0.5,0.53778
adapt,0,"w=4, k=3",sampled(4),13,0,0.9,225,0.5,0.53778
adapt,0,"w=4, k=3",sampled(4),13,0,1.0,225,0.5,0.53778
adapt,0,"w=4, k=3",sampled(4),13,1,0.0,225,0.5,0.88444
adapt,0,"w=4, k=3",sampled(4),13,1,0.1,225,0.58889,0.88444
adapt,0,"w=4, k=3",sampled(4),13,1,0.2,225,0.38889,0.88444
adapt,0,"w=4, k=3",sampled(4),13,1,0.3,225,0.48889,0.88444
adapt,0,"w=4, k=3",sampled(4),13,1,0.4,225,0.48889,0.88444
adapt,0,"w=4, k=3",sampled(4),13,1,0.5,225,0.44444,0.88444
adapt,0,"w=4, k=3",sampled(4),13,1,0.6,225,0.44444,0.88444
adapt,0,"w=4, k=3",sampled(4),13,1,0.7,225,0.45556,0.88444
adapt,0,"w=4, k=3",sampled(4),13,1,0.8,225,0.55556,0.88444
adapt,0,"w=4, k=3",sampled(4),13,1,0.9,225,0.65556,0.88444
adapt,0,"w=4, k=3",sampled(4),13,1,1.0,225,0.58889,0.88444
adapt,0,"w=4, k=3",sampled(4),24,0,0.0,264,0.48571,0.54545
adapt,0,"w=4, k=3",sampled(4),24,0,0.1,264,0.48571,0.54545
adapt,0,"w=4, k=3",sampled(4),24,0,0.2,264,0.48571,0.54545
adapt,0,"w=4, k=3",sampled(4),24,0,0.3,264,0.48571,0.54545
adapt,0,"w=4, k=3",sampled(4),24,0,0.4,264,0.48571,0.54545
adapt,0,"w=4, k=3",sampled(4),24,0,0.5,264,0.48571,0.54545
adapt,0,"w=4, k=3",sampled(4),24,0,0.6,264,0.48571,0.54545
adapt,0,"w=4, k=3",sampled(4),24,0,0.7,264,0.48571,0.54545
adapt,0,"w=4, k=3",sampled(4),24,0,0.8,264,0.48571,0.54545
adapt,0,"w=4, k=3",sampled(4),24,0,0.9,264,0.48571,0.54545
adapt,0,"w=4, k=3",sampled(4),24,0,1.0,264,0.48571,0.54545
adapt,0,"w=4, k=3",sampled(4),24,1,0.0,264,0.48571,0.89394
adapt,0,"w=4, k=3",sampled(4),24,1,0.1,264,0.64762,0.89394
adapt,0,"w=4, k=3",sampled(4),24,1,0.2,264,0.49524,0.89394
adapt,0,"w=4, k=3",sampled(4),24,1,0.3,264,0.6381,0.89394
adapt,0,"w=4, k=3",sampled(4),24,1,0.4,264,0.41905,0.89394
adapt,0,"w=4, k=3",sampled(4),24,1,0.5,264,0.37143,0.89394
adapt,0,"w=4, k=3",sampled(4),24,1,0.6,264,0.49524,0.89394
adapt,0,"w=4, k=3",sampled(4),24,1,0.7,264,0.59048,0.89394
adapt,0,"w=4, k=3",sampled(4),24,1,0.8,264,0.74286,0.89394
adapt,0,"w=4, k=3",sampled(4),24,1,0.9,264,0.72381,0.89394
adapt,0,"w=4, k=3",sampled(4),24,1,1.0,264,0.67619,0.89394
adapt,0,"w=4, k=3",sampled(4),18,0,0.0,252,0.48,0.49206
adapt,0,"w=4, k=3",sampled(4),18,0,0.1,252,0.48,0.49206
adapt,0,"w=4, k=3",sampled(4),18,0,0.2,252,0.48,0.49206
adapt,0,"w=4, k=3",sampled(4),18,0,0.3,252,0.48,0.49206
adapt,0,"w=4, k=3",sampled(4),18,0,0.4,252,0.48,0.49206
adapt,0,"w=4, k=3",sampled(4),18,0,0.5,252,0.48,0.49206
adapt,0,"w=4, k=3",sampled(4),18,0,0.6,252,0.48,0.49206
adapt,0,"w=4, k=3",sampled(4),18,0,0.7,252,0.48,0.49206
adapt,0,"w=4, k=3",sampled(4),18,0,0.8,252,0.48,0.49206
adapt,0,"w=4, k=3",sampled(4),18,0,0.9,252,0.48,0.49206
adapt,0,"w=4, k=3",sampled(4),18,0,1.0,252,0.48,0.49206
adapt,0,"w=4, k=3",sampled(4),18,1,0.0,252,0.48,0.88095
adapt,0,"w=4, k=3",sampled(4),18,1,0.1,252,0.62,0.88095
adapt,0,"w=4, k=3",sampled(4),18,1,0.2,252,0.59,0.88095
adapt,0,"w=4, k=3",sampled(4),18,1,0.3,252,0.47,0.88095
adapt,0,"w=4, k=3",sampled(4),18,1,0.4,252,0.47,0.88095
adapt,0,"w=4, k=3",sampled(4),18,1,0.5,252,0.47,0.88095
adapt,0,"w=4, k=3",sampled(4),18,1,0.6,252,0.45,0.88095
adapt,0,"w=4, k=3",sampled(4),18,1,0.7,252,0.45,0.88095
adapt,0,"w=4, k=3",sampled(4),18,1,0.8,252,0.73,0.88095
adapt,0,"w=4, k=3",sampled(4),18,1,0.9,252,0.64,0.88095
adapt,0,"w=4, k=3",sampled(4),18,1,1.0,252,0.49,0.88095
adapt,1,w=8,exact,2,1,0.0,208,0.7439,0.90865
adapt,1,w=8,exact,2,1,0.1,208,0.7439,0.90865
adapt,1,w=8,exact,2,1,0.2,208,0.81707,0.90865
adapt,1,w=8,exact,2,1,0.3,208,0.80488,0.90865
adapt,1,w=8,exact,2,1,0.4,208,0.80488,0.90865
adapt,1,w=8,exact,2,1,0.5,208,0.79268,0.90865
adapt,1,w=8,exact,2,1,0.6,208,0.84146,0.90865
adapt,1,w=8,exact,2,1,0.7,208,0.84146,0.90865
adapt,1,w=8,exact,2,1,0.8,208,0.91463,0.90865
adapt,1,w=8,exact,2,1,0.9,208,0.87805,0.90865
adapt,1,w=8,exact,2,1,1.0,208,0.95122,0.90865
adapt,1,w=8,exact,4,0,0.0,220,0.75294,0.75455
adapt,1,w=8,exact,4,0,0.1,220,0.75294,0.75455
adapt,1,w=8,exact,4,0,0.2,220,0.75294,0.75455
adapt,1,w=8,exact,4,0,0.3,220,0.75294,0.75455
adapt,1,w=8,exact,4,0,0.4,220,0.75294,0.75455
adapt,1,w=8,exact,4,0,0.5,220,0.75294,0.75455
adapt,1,w=8,exact,4,0,0.6,220,0.75294,0.75455
adapt,1,w=8,exact,4,0,0.7,220,0.75294,0.75455
adapt,1,w=8,exact,4,0,0.8,220,0.75294,0.75455
adapt,1,w=8,exact,4,0,0.9,220,0.75294,0.75455
adapt,1,w=8,exact,4,0,1.0,220,0.75294,0.75455
adapt,1,w=8,exact,4,1,0.0,220,0.75294,0.83182
adapt,1,w=8,exact,4,1,0.1,220,0.75294,0.83182
adapt,1,w=8,exact,4,1,0.2,220,0.77647,0.83182
adapt,1,w=8,exact,4,1,0.3,220,0.67059,0.83182
adapt,1,w=8,exact,4,1,0.4,220,0.67059,0.83182
adapt,1,w=8,exact,4,1,0.5,220,0.67059,0.83182
adapt,1,w=8,exact,4,1,0.6,220,0.67059,0.83182
adapt,1,w=8,exact,4,1,0.7,220,0.69412,0.83182
adapt,1,w=8,exact,4,1,0.8,220,0.74118,0.83182
adapt,1,w=8,exact,4,1,0.9,220,0.8,0.83182
adapt,1,w=8,exact,4,1,1.0,220,0.81176,0.83182
adapt,1,w=8,exact,9,0,0.0,200,0.71053,0.78
adapt,1,w=8,exact,9,0,0.1,200,0.71053,0.78
adapt,1,w=8,exact,9,0,0.2,200,0.71053,0.78
adapt,1,w=8,exact,9,0,0.3,200,0.71053,0.78
adapt,1,w=8,exact,9,0,0.4,200,0.71053,0.78
adapt,1,w=8,exact,9,0,0.5,200,0.71053,0.78
adapt,1,w=8,exact,9,0,0.6,200,0.71053,0.78
adapt,1,w=8,exact,9,0,0.7,200,0.71053,0.78
adapt,1,w=8,exact,9,0,0.8,200,0.71053,0.78
adapt,1,w=8,exact,9,0,0.9,200,0.71053,0.78
adapt,1,w=8,exact,9,0,1.0,200,0.71053,0.78
adapt,1,w=8,exact,9,1,0.0,200,0.71053,0.84
adapt,1,w=8,exact,9,1,0.1,200,0.73684,0.84
adapt,1,w=8,exact,9,1,0.2,200,0.76316,0.84
adapt,1,w=8,exact,9,1,0.3,200,0.76316,0.84
adapt,1,w=8,exact,9,1,0.4,200,0.76316,0.84
adapt,1,w=8,exact,9,1,0.5,200,0.82895,0.84
adapt,1,w=8,exact,9,1,0.6,200,0.81579,0.84
adapt,1,w=8,exact,9,1,0.7,200,0.81579,0.84
adapt,1,w=8,exact,9,1,0.8,200,0.76316,0.84
adapt,1,w=8,exact,9,1,0.9,200,0.84211,0.84
adapt,1,w=8,exact,9,1,1.0,200,0.80263,0.84
adapt,1,w=8,exact,10,0,0.0,202,0.375,0.78713
adapt,1,w=8,exact,10,0,0.1,202,0.375,0.78713
adapt,1,w=8,exact,10,0,0.2,202,0.375,0.78713
adapt,1,w=8,exact,10,0,0.3,202,0.375,0.78713
adapt,1,w=8,exact,10,0,0.4,202,0.375,0.78713
adapt,1,w=8,exact,10,0,0.5,202,0.375,0.78713
adapt,1,w=8,exact,10,0,0.6,202,0.375,0.78713
adapt,1,w=8,exact,10,0,0.7,202,0.375,0.78713
adapt,1,w=8,exact,10,0,0.8,202,0.375,0.78713
adapt,1,w=8,exact,10,0,0.9,202,0.375,0.78713
adapt,1,w=8,exact,10,0,1.0,202,0.375,0.78713
adapt,1,w=8,exact,10,1,0.0,202,0.375,0.91584
adapt,1,w=8,exact,10,1,0.1,202,0.4625,0.91584
adapt,1,w=8,exact,10,1,0.2,202,0.4625,0.91584
adapt,1,w=8,exact,10,1,0.3,202,0.4625,0.91584
adapt,1,w=8,exact,10,1,0.4,202,0.5125,0.91584
adapt,1,w=8,exact,10,1,0.5,202,0.5125,0.91584
adapt,1,w=8,exact,10,1,0.6,202,0.4625,0.91584
adapt,1,w=8,exact,10,1,0.7,202,0.5875,0.91584
adapt,1,w=8,exact,10,1,0.8,202,0.7,0.91584
adapt,1,w=8,exact,10,1,0.9,202,0.6875,0.91584
adapt,1,w=8,exact,10,1,1.0,202,0.7,0.91584
adapt,1,w=8,exact,12,0,0.0,222,0.68605,0.86036
adapt,1,w=8,exact,12,0,0.1,222,0.68605,0.86036
adapt,1,w=8,exact,12,0,0.2,222,0.68605,0.86036
adapt,1,w=8,exact,12,0,0.3,222,0.68605,0.86036
adapt,1,w=8,exact,12,0,0.4,222,0.68605,0.86036
adapt,1,w=8,exact,12,0,0.5,222,0.68605,0.86036
adapt,1,w=8,exact,12,0,0.6,222,0.68605,0.86036
adapt,1,w=8,exact,12,0,0.7,222,0.68605,0.86036
adapt,1,w=8,exact,12,0,0.8,222,0.68605,0.86036
adapt,1,w=8,exact,12,0,0.9,222,0.68605,0.86036
adapt,1,w=8,exact,12,0,1.0,222,0.68605,0.86036
adapt,1,w=8,exact,12,1,0.0,222,0.68605,0.90991
adapt,1,w=8,exact,12,1,0.1,222,0.68605,0.90991
adapt,1,w=8,exact,12,1,0.2,222,0.76744,0.90991
adapt,1,w=8,exact,12,1,0.3,222,0.7907,0.90991
adapt,1,w=8,exact,12,1,0.4,222,0.89535,0.90991
adapt,1,w=8,exact,12,1,0.5,222,0.89535,0.90991
adapt,1,w=8,exact,12,1,0.6,222,0.80233,0.90991
adapt,1,w=8,exact,12,1,0.7,222,0.81395,0.90991
adapt,1,w=8,exact,12,1,0.8,222,0.80233,0.90991
adapt,1,w=8,exact,12,1,0.9,222,0.84884,0.90991
adapt,1,w=8,exact,12,1,1.0,222,0.90698,0.90991
adapt,1,w=8,exact,13,0,0.0,225,0.78889,0.86222
adapt,1,w=8,exact,13,0,0.1,225,0.78889,0.86222
adapt,1,w=8,exact,13,0,0.2,225,0.78889,0.86222
adapt,1,w=8,exact,13,0,0.3,225,0.78889,0.86222
adapt,1,w=8,exact,13,0,0.4,225,0.78889,0.86222
adapt,1,w=8,exact,13,0,0.5,225,0.78889,0.86222
adapt,1,w=8,exact,13,0,0.6,225,0.78889,0.86222
adapt,1,w=8,exact,13,0,0.7,225,0.78889,0.86222
adapt,1,w=8,exact,13,0,0.8,225,0.78889,0.86222
adapt,1,w=8,exact,13,0,0.9,225,0.78889,0.86222
adapt,1,w=8,exact,13,0,1.0,225,0.78889,0.86222
adapt,1,w=8,exact,13,1,0.0,225,0.78889,0.91556
adapt,1,w=8,exact,13,1,0.1,225,0.72222,0.91556
adapt,1,w=8,exact,13,1,0.2,225,0.83333,0.91556
adapt,1,w=8,exact,13,1,0.3,225,0.72222,0.91556
adapt,1,w=8,exact,13,1,0.4,225,0.72222,0.91556
adapt,1,w=8,exact,13,1,0.5,225,0.72222,0.91556
adapt,1,w=8,exact,13,1,0.6,225,0.76667,0.91556
adapt,1,w=8,exact,13,1,0.7,225,0.76667,0.91556
adapt,1,w=8,exact,13,1,0.8,225,0.8,0.91556
adapt,1,w=8,exact,13,1,0.9,225,0.8,0.91556
adapt,1,w=8,exact,13,1,1.0,225,0.78889,0.91556
adapt,1,w=8,exact,18,0,0.0,252,0.69,0.77778
adapt,1,w=8,exact,18,0,0.1,252,0.69,0.77778
adapt,1,w=8,exact,18,0,0.2,252,0.69,0.77778
adapt,1,w=8,exact,18,0,0.3,252,0.69,0.77778
adapt,1,w=8,exact,18,0,0.4,252,0.69,0.77778
adapt,1,w=8,exact,18,0,0.5,252,0.69,0.77778
adapt,1,w=8,exact,18,0,0.6,252,0.69,0.77778
adapt,1,w=8,exact,18,0,0.7,252,0.69,0.77778
adapt,1,w=8,exact,18,0,0.8,252,0.69,0.77778
adapt,1,w=8,exact,18,0,0.9,252,0.69,0.77778
adapt,1,w=8,exact,18,0,1.0,252,0.69,0.77778
adapt,1,w=8,exact,18,1,0.0,252,0.69,0.88492
adapt,1,w=8,exact,18,1,0.1,252,0.69,0.88492
adapt,1,w=8,exact,18,1,0.2,252,0.69,0.88492
adapt,1,w=8,exact,18,1,0.3,252,0.76,0.88492
adapt,1,w=8,exact,18,1,0.4,252,0.76,0.88492
adapt,1,w=8,exact,18,1,0.5,252,0.84,0.88492
adapt,1,w=8,exact,18,1,0.6,252,0.74,0.88492
adapt,1,w=8,exact,18,1,0.7,252,0.75,0.88492
adapt,1,w=8,exact,18,1,0.8,252,0.83,0.88492
adapt,1,w=8,exact,18,1,0.9,252,0.84,0.88492
adapt,1,w=8,exact,18,1,1.0,252,0.88,0.88492
adapt,1,w=8,exact,20,0,0.0,245,0.5567,0.82449
adapt,1,w=8,exact,20,0,0.1,245,0.5567,0.82449
adapt,1,w=8,exact,20,0,0.2,245,0.5567,0.82449
adapt,1,w=8,exact,20,0,0.3,245,0.5567,0.82449
adapt,1,w=8,exact,20,0,0.4,245,0.5567,0.82449
adapt,1,w=8,exact,20,0,0.5,245,0.5567,0.82449
adapt,1,w=8,exact,20,0,0.6,245,0.5567,0.82449
adapt,1,w=8,exact,20,0,0.7,245,0.5567,0.82449
adapt,1,w=8,exact,20,0,0.8,245,0.5567,0.82449
adapt,1,w=8,exact,20,0,0.9,245,0.5567,0.82449
adapt,1,w=8,exact,20,0,1.0,245,0.5567,0.82449
adapt,1,w=8,exact,20,1,0.0,245,0.5567,0.89796
adapt,1,w=8,exact,20,1,0.1,245,0.5567,0.89796
adapt,1,w=8,exact,20,1,0.2,245,0.56701,0.89796
adapt,1,w=8,exact,20,1,0.3,245,0.63918,0.89796
adapt,1,w=8,exact,20,1,0.4,245,0.63918,0.89796
adapt,1,w=8,exact,20,1,0.5,245,0.68041,0.89796
adapt,1,w=8,exact,20,1,0.6,245,0.69072,0.89796
adapt,1,w=8,exact,20,1,0.7,245,0.68041,0.89796
adapt,1,w=8,exact,20,1,0.8,245,0.7732,0.89796
adapt,1,w=8,exact,20,1,0.9,245,0.78351,0.89796
adapt,1,w=8,exact,20,1,1.0,245,0.80412,0.89796
adapt,1,w=8,exact,24,0,0.0,264,0.80952,0.875
adapt,1,w=8,exact,24,0,0.1,264,0.80952,0.875
adapt,1,w=8,exact,24,0,0.2,264,0.80952,0.875
adapt,1,w=8,exact,24,0,0.3,264,0.80952,0.875
adapt,1,w=8,exact,24,0,0.4,264,0.80952,0.875
adapt,1,w=8,exact,24,0,0.5,264,0.80952,0.875
adapt,1,w=8,exact,24,0,0.6,264,0.80952,0.875
adapt,1,w=8,exact,24,0,0.7,264,0.80952,0.875
adapt,1,w=8,exact,24,0,0.8,264,0.80952,0.875
adapt,1,w=8,exact,24,0,0.9,264,0.80952,0.875
adapt,1,w=8,exact,24,0,1.0,264,0.80952,0.875
adapt,1,w=8,exact,24,1,0.0,264,0.80952,0.95455
adapt,1,w=8,exact,24,1,0.1,264,0.74286,0.95455
adapt,1,w=8,exact,24,1,0.2,264,0.86667,0.95455
adapt,1,w=8,exact,24,1,0.3,264,0.86667,0.95455
adapt,1,w=8,exact,24,1,0.4,264,0.86667,0.95455
adapt,1,w=8,exact,24,1,0.5,264,0.82857,0.95455
adapt,1,w=8,exact,24,1,0.6,264,0.91429,0.95455
adapt,1,w=8,exact,24,1,0.7,264,0.91429,0.95455
adapt,1,w=8,exact,24,1,0.8,264,0.91429,0.95455
adapt,1,w=8,exact,24,1,0.9,264,0.91429,0.95455
adapt,1,w=8,exact,24,1,1.0,264,0.91429,0.95455
adapt,1,w=8,trunc(1),2,0,0.0,208,0.65854,0.71635
adapt,1,w=8,trunc(1),2,0,0.1,208,0.65854,0.71635
adapt,1,w=8,trunc(1),2,0,0.2,208,0.65854,0.71635
adapt,1,w=8,trunc(1),2,0,0.3,208,0.65854,0.71635
adapt,1,w=8,trunc(1),2,0,0.4,208,0.65854,0.71635
adapt,1,w=8,trunc(1),2,0,0.5,208,0.65854,0.71635
adapt,1,w=8,trunc(1),2,0,0.6,208,0.65854,0.71635
adapt,1,w=8,trunc(1),2,0,0.7,208,0.65854,0.71635
adapt,1,w=8,trunc(1),2,0,0.8,208,0.65854,0.71635
adapt,1,w=8,trunc(1),2,0,0.9,208,0.65854,0.71635
adapt,1,w=8,trunc(1),2,0,1.0,208,0.65854,0.71635
adapt,1,w=8,trunc(1),2,1,0.0,208,0.65854,0.80288
adapt,1,w=8,trunc(1),2,1,0.1,208,0.69512,0.80288
adapt,1,w=8,trunc(1),2,1,0.2,208,0.68293,0.80288
adapt,1,w=8,trunc(1),2,1,0.3,208,0.65854,0.80288
adapt,1,w=8,trunc(1),2,1,0.4,208,0.65854,0.80288
adapt,1,w=8,trunc(1),2,1,0.5,208,0.65854,0.80288
adapt,1,w=8,trunc(1),2,1,0.6,208,0.67073,0.80288
adapt,1,w=8,trunc(1),2,1,0.7,208,0.70732,0.80288
adapt,1,w=8,trunc(1),2,1,0.8,208,0.70732,0.80288
adapt,1,w=8,trunc(1),2,1,0.9,208,0.71951,0.80288
adapt,1,w=8,trunc(1),2,1,1.0,208,0.70732,0.80288
adapt,1,w=8,trunc(1),4,0,0.0,220,0.58824,0.52727
adapt,1,w=8,trunc(1),4,0,0.1,220,0.58824,0.52727
adapt,1,w=8,trunc(1),4,0,0.2,220,0.58824,0.52727
adapt,1,w=8,trunc(1),4,0,0.3,220,0.58824,0.52727
adapt,1,w=8,trunc(1),4,0,0.4,220,0.58824,0.52727
adapt,1,w=8,trunc(1),4,0,0.5,220,0.58824,0.52727
adapt,1,w=8,trunc(1),4,0,0.6,220,0.58824,0.52727
adapt,1,w=8,trunc(1),4,0,0.7,220,0.58824,0.52727
adapt,1,w=8,trunc(1),4,0,0.8,220,0.58824,0.52727
adapt,1,w=8,trunc(1),4,0,0.9,220,0.58824,0.52727
adapt,1,w=8,trunc(1),4,0,1.0,220,0.58824,0.52727
adapt,1,w=8,trunc(1),4,1,0.0,220,0.58824,0.72727
adapt,1,w=8,trunc(1),4,1,0.1,220,0.55294,0.72727
adapt,1,w=8,trunc(1),4,1,0.2,220,0.54118,0.72727
adapt,1,w=8,trunc(1),4,1,0.3,220,0.50588,0.72727
adapt,1,w=8,trunc(1),4,1,0.4,220,0.49412,0.72727
adapt,1,w=8,trunc(1),4,1,0.5,220,0.49412,0.72727
adapt,1,w=8,trunc(1),4,1,0.6,220,0.43529,0.72727
adapt,1,w=8,trunc(1),4,1,0.7,220,0.47059,0.72727
adapt,1,w=8,trunc(1),4,1,0.8,220,0.55294,0.72727
adapt,1,w=8,trunc(1),4,1,0.9,220,0.52941,0.72727
adapt,1,w=8,trunc(1),4,1,1.0,220,0.56471,0.72727
adapt,1,w=8,trunc(1),9,0,0.0,200,0.73684,0.56
adapt,1,w=8,trunc(1),9,0,0.1,200,0.73684,0.56
adapt,1,w=8,trunc(1),9,0,0.2,200,0.73684,0.56
adapt,1,w=8,trunc(1),9,0,0.3,200,0.73684,0.56
adapt,1,w=8,trunc(1),9,0,0.4,200,0.73684,0.56
adapt,1,w=8,trunc(1),9,0,0.5,200,0.73684,0.56
adapt,1,w=8,trunc(1),9,0,0.6,200,0.73684,0.56
adapt,1,w=8,trunc(1),9,0,0.7,200,0.73684,0.56
adapt,1,w=8,trunc(1),9,0,0.8,200,0.73684,0.56
adapt,1,w=8,trunc(1),9,0,0.9,200,0.73684,0.56
adapt,1,w=8,trunc(1),9,0,1.0,200,0.73684,0.56
adapt,1,w=8,trunc(1),9,1,0.0,200,0.73684,0.685
adapt,1,w=8,trunc(1),9,1,0.1,200,0.73684,0.685
adapt,1,w=8,trunc(1),9,1,0.2,200,0.73684,0.685
adapt,1,w=8,trunc(1),9,1,0.3,200,0.73684,0.685
adapt,1,w=8,trunc(1),9,1,0.4,200,0.69737,0.685
adapt,1,w=8,trunc(1),9,1,0.5,200,0.68421,0.685
adapt,1,w=8,trunc(1),9,1,0.6,200,0.76316,0.685
adapt,1,w=8,trunc(1),9,1,0.7,200,0.73684,0.685
adapt,1,w=8,trunc(1),9,1,0.8,200,0.69737,0.685
adapt,1,w=8,trunc(1),9,1,0.9,200,0.69737,0.685
adapt,1,w=8,trunc(1),9,1,1.0,200,0.69737,0.685
adapt,1,w=8,trunc(1),10,0,0.0,202,0.5625,0.62871
adapt,1,w=8,trunc(1),10,0,0.1,202,0.5625,0.62871
adapt,1,w=8,trunc(1),10,0,0.2,202,0.5625,0.62871
adapt,1,w=8,trunc(1),10,0,0.3,202,0.5625,0.62871
adapt,1,w=8,trunc(1),10,0,0.4,202,0.5625,0.62871
adapt,1,w=8,trunc(1),10,0,0.5,202,0.5625,0.62871
adapt,1,w=8,trunc(1),10,0,0.6,202,0.5625,0.62871
adapt,1,w=8,trunc(1),10,0,0.7,202,0.5625,0.62871
adapt,1,w=8,trunc(1),10,0,0.8,202,0.5625,0.62871
adapt,1,w=8,trunc(1),10,0,0.9,202,0.5625,0.62871
adapt,1,w=8,trunc(1),10,0,1.0,202,0.5625,0.62871
adapt,1,w=8,trunc(1),10,1,0.0,202,0.5625,0.83168
adapt,1,w=8,trunc(1),10,1,0.1,202,0.5,0.83168
adapt,1,w=8,trunc(1),10,1,0.2,202,0.575,0.83168
adapt,1,w=8,trunc(1),10,1,0.3,202,0.575,0.83168
adapt,1,w=8,trunc(1),10,1,0.4,202,0.575,0.83168
adapt,1,w=8,trunc(1),10,1,0.5,202,0.575,0.83168
adapt,1,w=8,trunc(1),10,1,0.6,202,0.575,0.83168
adapt,1,w=8,trunc(1),10,1,0.7,202,0.6125,0.83168
adapt,1,w=8,trunc(1),10,1,0.8,202,0.6375,0.83168
adapt,1,w=8,trunc(1),10,1,0.9,202,0.6125,0.83168
adapt,1,w=8,trunc(1),10,1,1.0,202,0.6625,0.83168
adapt,1,w=8,trunc(1),12,0,0.0,222,0.5,0.54955
adapt,1,w=8,trunc(1),12,0,0.1,222,0.5,0.54955
adapt,1,w=8,trunc(1),12,0,0.2,222,0.5,0.54955
adapt,1,w=8,trunc(1),12,0,0.3,222,0.5,0.54955
adapt,1,w=8,trunc(1),12,0,0.4,222,0.5,0.54955
adapt,1,w=8,trunc(1),12,0,0.5,222,0.5,0.54955
adapt,1,w=8,trunc(1),12,0,0.6,222,0.5,0.54955
adapt,1,w=8,trunc(1),12,0,0.7,222,0.5,0.54955
adapt,1,w=8,trunc(1),12,0,0.8,222,0.5,0.54955
adapt,1,w=8,trunc(1),12,0,0.9,222,0.5,0.54955
adapt,1,w=8,trunc(1),12,0,1.0,222,0.5,0.54955
adapt,1,w=8,trunc(1),13,1,0.0,225,0.6,0.85333
adapt,1,w=8,trunc(1),13,1,0.1,225,0.67778,0.85333
adapt,1,w=8,trunc(1),13,1,0.2,225,0.62222,0.85333
adapt,1,w=8,trunc(1),13,1,0.3,225,0.62222,0.85333
adapt,1,w=8,trunc(1),13,1,0.4,225,0.61111,0.85333
adapt,1,w=8,trunc(1),13,1,0.5,225,0.58889,0.85333
adapt,1,w=8,trunc(1),13,1,0.6,225,0.64444,0.85333
adapt,1,w=8,trunc(1),13,1,0.7,225,0.63333,0.85333
adapt,1,w=8,trunc(1),13,1,0.8,225,0.7,0.85333
adapt,1,w=8,trunc(1),13,1,0.9,225,0.7,0.85333
adapt,1,w=8,trunc(1),13,1,1.0,225,0.7,0.85333
adapt,1,w=8,trunc(1),18,0,0.0,252,0.49,0.5
adapt,1,w=8,trunc(1),18,0,0.1,252,0.49,0.5
adapt,1,w=8,trunc(1),18,0,0.2,252,0.49,0.5
adapt,1,w=8,trunc(1),18,0,0.3,252,0.49,0.5
adapt,1,w=8,trunc(1),18,0,0.4,252,0.49,0.5
adapt,1,w=8,trunc(1),18,0,0.5,252,0.49,0.5
adapt,1,w=8,trunc(1),18,0,0.6,252,0.49,0.5
adapt,1,w=8,trunc(1),18,0,0.7,252,0.49,0.5
adapt,1,w=8,trunc(1),18,0,0.8,252,0.49,0.5
adapt,1,w=8,trunc(1),18,0,0.9,252,0.49,0.5
adapt,1,w=8,trunc(1),18,0,1.0,252,0.49,0.5
adapt,1,w=8,trunc(1),12,1,0.0,222,0.5,0.71171
adapt,1,w=8,trunc(1),12,1,0.1,222,0.5814,0.71171
adapt,1,w=8,trunc(1),12,1,0.2,222,0.48837,0.71171
adapt,1,w=8,trunc(1),12,1,0.3,222,0.5,0.71171
adapt,1,w=8,trunc(1),12,1,0.4,222,0.51163,0.71171
adapt,1,w=8,trunc(1),12,1,0.5,222,0.47674,0.71171
adapt,1,w=8,trunc(1),12,1,0.6,222,0.40698,0.71171
adapt,1,w=8,trunc(1),12,1,0.7,222,0.44186,0.71171
adapt,1,w=8,trunc(1),12,1,0.8,222,0.51163,0.71171
adapt,1,w=8,trunc(1),12,1,0.9,222,0.47674,0.71171
adapt,1,w=8,trunc(1),12,1,1.0,222,0.47674,0.71171
adapt,1,w=8,trunc(1),13,0,0.0,225,0.6,0.65778
adapt,1,w=8,trunc(1),13,0,0.1,225,0.6,0.65778
adapt,1,w=8,trunc(1),13,0,0.2,225,0.6,0.65778
adapt,1,w=8,trunc(1),13,0,0.3,225,0.6,0.65778
adapt,1,w=8,trunc(1),13,0,0.4,225,0.6,0.65778
adapt,1,w=8,trunc(1),13,0,0.5,225,0.6,0.65778
adapt,1,w=8,trunc(1),13,0,0.6,225,0.6,0.65778
adapt,1,w=8,trunc(1),13,0,0.7,225,0.6,0.65778
adapt,1,w=8,trunc(1),13,0,0.8,225,0.6,0.65778
adapt,1,w=8,trunc(1),13,0,0.9,225,0.6,0.65778
adapt,1,w=8,trunc(1),13,0,1.0,225,0.6,0.65778
adapt,1,w=8,exact,2,0,0.0,208,0.7439,0.80769
adapt,1,w=8,exact,2,0,0.1,208,0.7439,0.80769
adapt,1,w=8,exact,2,0,0.2,208,0.7439,0.80769
adapt,1,w=8,exact,2,0,0.3,208,0.7439,0.80769
adapt,1,w=8,exact,2,0,0.4,208,0.7439,0.80769
adapt,1,w=8,exact,2,0,0.5,208,0.7439,0.80769
adapt,1,w=8,exact,2,0,0.6,208,0.7439,0.80769
adapt,1,w=8,exact,2,0,0.7,208,0.7439,0.80769
adapt,1,w=8,exact,2,0,0.8,208,0.7439,0.80769
adapt,1,w=8,exact,2,0,0.9,208,0.7439,0.80769
adapt,1,w=8,exact,2,0,1.0,208,0.7439,0.80769
adapt,1,w=8,trunc(1),18,1,0.0,252,0.49,0.72222
adapt,1,w=8,trunc(1),18,1,0.1,252,0.64,0.72222
adapt,1,w=8,trunc(1),18,1,0.2,252,0.64,0.72222
adapt,1,w=8,trunc(1),18,1,0.3,252,0.64,0.72222
adapt,1,w=8,trunc(1),18,1,0.4,252,0.63,0.72222
adapt,1,w=8,trunc(1),18,1,0.5,252,0.64,0.72222
adapt,1,w=8,trunc(1),18,1,0.6,252,0.68,0.72222
adapt,1,w=8,trunc(1),18,1,0.7,252,0.68,0.72222
adapt,1,w=8,trunc(1),18,1,0.8,252,0.72,0.72222
adapt,1,w=8,trunc(1),18,1,0.9,252,0.71,0.72222
adapt,1,w=8,trunc(1),18,1,1.0,252,0.82,0.72222
adapt,1,w=8,trunc(1),20,0,0.0,245,0.62887,0.64082
adapt,1,w=8,trunc(1),20,0,0.1,245,0.62887,0.64082
adapt,1,w=8,trunc(1),20,0,0.2,245,0.62887,0.64082
adapt,1,w=8,trunc(1),20,0,0.3,245,0.62887,0.64082
adapt,1,w=8,trunc(1),20,0,0.4,245,0.62887,0.64082
adapt,1,w=8,trunc(1),20,0,0.5,245,0.62887,0.64082
adapt,1,w=8,trunc(1),20,0,0.6,245,0.62887,0.64082
adapt,1,w=8,trunc(1),20,0,0.7,245,0.62887,0.64082
adapt,1,w=8,trunc(1),20,0,0.8,245,0.62887,0.64082
adapt,1,w=8,trunc(1),20,0,0.9,245,0.62887,0.64082
adapt,1,w=8,trunc(1),20,0,1.0,245,0.62887,0.64082
adapt,1,w=8,trunc(1),20,1,0.0,245,0.62887,0.80408
adapt,1,w=8,trunc(1),20,1,0.1,245,0.72165,0.80408
adapt,1,w=8,trunc(1),20,1,0.2,245,0.70103,0.80408
adapt,1,w=8,trunc(1),20,1,0.3,245,0.70103,0.80408
adapt,1,w=8,trunc(1),20,1,0.4,245,0.70103,0.80408
adapt,1,w=8,trunc(1),20,1,0.5,245,0.71134,0.80408
adapt,1,w=8,trunc(1),20,1,0.6,245,0.70103,0.80408
adapt,1,w=8,trunc(1),20,1,0.7,245,0.73196,0.80408
adapt,1,w=8,trunc(1),20,1,0.8,245,0.6701,0.80408
adapt,1,w=8,trunc(1),20,1,0.9,245,0.68041,0.80408
adapt,1,w=8,trunc(1),20,1,1.0,245,0.73196,0.80408
adapt,1,w=8,trunc(1),24,0,0.0,264,0.69524,0.63636
adapt,1,w=8,trunc(1),24,0,0.1,264,0.69524,0.63636
adapt,1,w=8,trunc(1),24,0,0.2,264,0.69524,0.63636
adapt,1,w=8,trunc(1),24,0,0.3,264,0.69524,0.63636
adapt,1,w=8,trunc(1),24,0,0.4,264,0.69524,0.63636
adapt,1,w=8,trunc(1),24,0,0.5,264,0.69524,0.63636
adapt,1,w=8,trunc(1),24,0,0.6,264,0.69524,0.63636
adapt,1,w=8,trunc(1),24,0,0.7,264,0.69524,0.63636
adapt,1,w=8,trunc(1),24,0,0.8,264,0.69524,0.63636
adapt,1,w=8,trunc(1),24,0,0.9,264,0.69524,0.63636
adapt,1,w=8,trunc(1),24,0,1.0,264,0.69524,0.63636
adapt,1,w=8,trunc(1),24,1,0.0,264,0.69524,0.76515
adapt,1,w=8,trunc(1),24,1,0.1,264,0.81905,0.76515
adapt,1,w=8,trunc(1),24,1,0.2,264,0.80952,0.76515
adapt,1,w=8,trunc(1),24,1,0.3,264,0.80952,0.76515
adapt,1,w=8,trunc(1),24,1,0.4,264,0.80952,0.76515
adapt,1,w=8,trunc(1),24,1,0.5,264,0.77143,0.76515
adapt,1,w=8,trunc(1),24,1,0.6,264,0.8,0.76515
adapt,1,w=8,trunc(1),24,1,0.7,264,0.88571,0.76515
adapt,1,w=8,trunc(1),24,1,0.8,264,0.88571,0.76515
adapt,1,w=8,trunc(1),24,1,0.9,264,0.85714,0.76515
adapt,1,w=8,trunc(1),24,1,1.0,264,0.85714,0.76515
adapt,1,w=8,satcomp(2),2,0,0.0,208,0.7439,0.80769
adapt,1,w=8,satcomp(2),2,0,0.1,208,0.7439,0.80769
adapt,1,w=8,satcomp(2),2,0,0.2,208,0.7439,0.80769
adapt,1,w=8,satcomp(2),2,0,0.3,208,0.7439,0.80769
adapt,1,w=8,satcomp(2),2,0,0.4,208,0.7439,0.80769
adapt,1,w=8,satcomp(2),2,0,0.5,208,0.7439,0.80769
adapt,1,w=8,satcomp(2),2,0,0.6,208,0.7439,0.80769
adapt,1,w=8,satcomp(2),2,0,0.7,208,0.7439,0.80769
adapt,1,w=8,satcomp(2),2,0,0.8,208,0.7439,0.80769
adapt,1,w=8,satcomp(2),2,0,0.9,208,0.7439,0.80769
adapt,1,w=8,satcomp(2),2,0,1.0,208,0.7439,0.80769
adapt,1,w=8,satcomp(2),2,1,0.0,208,0.7439,0.90865
adapt,1,w=8,satcomp(2),2,1,0.1,208,0.7439,0.90865
adapt,1,w=8,satcomp(2),2,1,0.2,208,0.81707,0.90865
adapt,1,w=8,satcomp(2),2,1,0.3,208,0.80488,0.90865
adapt,1,w=8,satcomp(2),2,1,0.4,208,0.80488,0.90865
adapt,1,w=8,satcomp(2),2,1,0.5,208,0.79268,0.90865
adapt,1,w=8,satcomp(2),2,1,0.6,208,0.84146,0.90865
adapt,1,w=8,satcomp(2),2,1,0.7,208,0.84146,0.90865
adapt,1,w=8,satcomp(2),2,1,0.8,208,0.91463,0.90865
adapt,1,w=8,satcomp(2),2,1,0.9,208,0.87805,0.90865
adapt,1,w=8,satcomp(2),2,1,1.0,208,0.95122,0.90865
adapt,1,w=8,satcomp(2),4,0,0.0,220,0.75294,0.75455
adapt,1,w=8,satcomp(2),4,0,0.1,220,0.75294,0.75455
adapt,1,w=8,satcomp(2),4,0,0.2,220,0.75294,0.75455
adapt,1,w=8,satcomp(2),4,0,0.3,220,0.75294,0.75455
adapt,1,w=8,satcomp(2),4,0,0.4,220,0.75294,0.75455
adapt,1,w=8,satcomp(2),4,0,0.5,220,0.75294,0.75455
adapt,1,w=8,satcomp(2),4,0,0.6,220,0.75294,0.75455
adapt,1,w=8,satcomp(2),4,0,0.7,220,0.75294,0.75455
adapt,1,w=8,satcomp(2),4,0,0.8,220,0.75294,0.75455
adapt,1,w=8,satcomp(2),4,0,0.9,220,0.75294,0.75455
adapt,1,w=8,satcomp(2),4,0,1.0,220,0.75294,0.75455
adapt,1,w=8,satcomp(2),4,1,0.0,220,0.75294,0.83182
adapt,1,w=8,satcomp(2),4,1,0.1,220,0.75294,0.83182
adapt,1,w=8,satcomp(2),4,1,0.2,220,0.77647,0.83182
adapt,1,w=8,satcomp(2),4,1,0.3,220,0.67059,0.83182
adapt,1,w=8,satcomp(2),4,1,0.4,220,0.67059,0.83182
adapt,1,w=8,satcomp(2),4,1,0.5,220,0.67059,0.83182
adapt,1,w=8,satcomp(2),4,1,0.6,220,0.67059,0.83182
adapt,1,w=8,satcomp(2),4,1,0.7,220,0.69412,0.83182
adapt,1,w=8,satcomp(2),4,1,0.8,220,0.74118,0.83182
adapt,1,w=8,satcomp(2),4,1,0.9,220,0.8,0.83182
adapt,1,w=8,satcomp(2),4,1,1.0,220,0.81176,0.83182
adapt,1,w=8,satcomp(2),9,0,0.0,200,0.71053,0.78
adapt,1,w=8,satcomp(2),9,0,0.1,200,0.71053,0.78
adapt,1,w=8,satcomp(2),9,0,0.2,200,0.71053,0.78
adapt,1,w=8,satcomp(2),9,0,0.3,200,0.71053,0.78
adapt,1,w=8,satcomp(2),9,0,0.4,200,0.71053,0.78
adapt,1,w=8,satcomp(2),9,0,0.5,200,0.71053,0.78
adapt,1,w=8,satcomp(2),9,0,0.6,200,0.71053,0.78
adapt,1,w=8,satcomp(2),9,0,0.7,200,0.71053,0.78
adapt,1,w=8,satcomp(2),9,0,0.8,200,0.71053,0.78
adapt,1,w=8,satcomp(2),9,0,0.9,200,0.71053,0.78
adapt,1,w=8,satcomp(2),9,0,1.0,200,0.71053,0.78
adapt,1,w=8,satcomp(2),9,1,0.0,200,0.71053,0.84
adapt,1,w=8,satcomp(2),9,1,0.1,200,0.73684,0.84
adapt,1,w=8,satcomp(2),9,1,0.2,200,0.76316,0.84
adapt,1,w=8,satcomp(2),9,1,0.3,200,0.76316,0.84
adapt,1,w=8,satcomp(2),9,1,0.4,200,0.76316,0.84
adapt,1,w=8,satcomp(2),9,1,0.5,200,0.82895,0.84
adapt,1,w=8,satcomp(2),9,1,0.6,200,0.82895,0.84
adapt,1,w=8,satcomp(2),9,1,0.7,200,0.82895,0.84
adapt,1,w=8,satcomp(2),9,1,0.8,200,0.76316,0.84
adapt,1,w=8,satcomp(2),9,1,0.9,200,0.84211,0.84
adapt,1,w=8,satcomp(2),9,1,1.0,200,0.80263,0.84
adapt,1,w=8,satcomp(2),10,0,0.0,202,0.375,0.78713
adapt,1,w=8,satcomp(2),10,0,0.1,202,0.375,0.78713
adapt,1,w=8,satcomp(2),10,0,0.2,202,0.375,0.78713
adapt,1,w=8,satcomp(2),10,0,0.3,202,0.375,0.78713
adapt,1,w=8,satcomp(2),10,0,0.4,202,0.375,0.78713
adapt,1,w=8,satcomp(2),10,0,0.5,202,0.375,0.78713
adapt,1,w=8,satcomp(2),10,0,0.6,202,0.375,0.78713
adapt,1,w=8,satcomp(2),10,0,0.7,202,0.375,0.78713
adapt,1,w=8,satcomp(2),10,0,0.8,202,0.375,0.78713
adapt,1,w=8,satcomp(2),10,0,0.9,202,0.375,0.78713
adapt,1,w=8,satcomp(2),10,0,1.0,202,0.375,0.78713
adapt,1,w=8,satcomp(2),10,1,0.0,202,0.375,0.91584
adapt,1,w=8,satcomp(2),10,1,0.1,202,0.4625,0.91584
adapt,1,w=8,satcomp(2),10,1,0.2,202,0.4625,0.91584
adapt,1,w=8,satcomp(2),10,1,0.3,202,0.4625,0.91584
adapt,1,w=8,satcomp(2),10,1,0.4,202,0.5125,0.91584
adapt,1,w=8,satcomp(2),10,1,0.5,202,0.5125,0.91584
adapt,1,w=8,satcomp(2),10,1,0.6,202,0.4625,0.91584
adapt,1,w=8,satcomp(2),10,1,0.7,202,0.5875,0.91584
adapt,1,w=8,satcomp(2),10,1,0.8,202,0.7,0.91584
adapt,1,w=8,satcomp(2),10,1,0.9,202,0.6875,0.91584
adapt,1,w=8,satcomp(2),10,1,1.0,202,0.7,0.91584
adapt,1,w=8,satcomp(2),12,0,0.0,222,0.68605,0.86036
adapt,1,w=8,satcomp(2),12,0,0.1,222,0.68605,0.86036
adapt,1,w=8,satcomp(2),12,0,0.2,222,0.68605,0.86036
adapt,1,w=8,satcomp(2),12,0,0.3,222,0.68605,0.86036
adapt,1,w=8,satcomp(2),12,0,0.4,222,0.68605,0.86036
adapt,1,w=8,satcomp(2),12,0,0.5,222,0.68605,0.86036
adapt,1,w=8,satcomp(2),12,0,0.6,222,0.68605,0.86036
adapt,1,w=8,satcomp(2),12,0,0.7,222,0.68605,0.86036
adapt,1,w=8,satcomp(2),12,0,0.8,222,0.68605,0.86036
adapt,1,w=8,satcomp(2),12,0,0.9,222,0.68605,0.86036
adapt,1,w=8,satcomp(2),12,0,1.0,222,0.68605,0.86036
adapt,1,w=8,satcomp(2),13,1,0.0,225,0.78889,0.91556
adapt,1,w=8,satcomp(2),13,1,0.1,225,0.72222,0.91556
adapt,1,w=8,satcomp(2),13,1,0.2,225,0.83333,0.91556
adapt,1,w=8,satcomp(2),13,1,0.3,225,0.72222,0.91556
adapt,1,w=8,satcomp(2),13,1,0.4,225,0.72222,0.91556
adapt,1,w=8,satcomp(2),13,1,0.5,225,0.72222,0.91556
adapt,1,w=8,satcomp(2),13,1,0.6,225,0.76667,0.91556
adapt,1,w=8,satcomp(2),13,1,0.7,225,0.76667,0.91556
adapt,1,w=8,satcomp(2),13,1,0.8,225,0.8,0.91556
adapt,1,w=8,satcomp(2),13,1,0.9,225,0.8,0.91556
adapt,1,w=8,satcomp(2),13,1,1.0,225,0.78889,0.91556
adapt,1,w=8,satcomp(2),18,0,0.0,252,0.69,0.77778
adapt,1,w=8,satcomp(2),18,0,0.1,252,0.69,0.77778
adapt,1,w=8,satcomp(2),18,0,0.2,252,0.69,0.77778
adapt,1,w=8,satcomp(2),18,0,0.3,252,0.69,0.77778
adapt,1,w=8,satcomp(2),18,0,0.4,252,0.69,0.77778
adapt,1,w=8,satcomp(2),18,0,0.5,252,0.69,0.77778
adapt,1,w=8,satcomp(2),18,0,0.6,252,0.69,0.77778
adapt,1,w=8,satcomp(2),18,0,0.7,252,0.69,0.77778
adapt,1,w=8,satcomp(2),18,0,0.8,252,0.69,0.77778
adapt,1,w=8,satcomp(2),18,0,0.9,252,0.69,0.77778
adapt,1,w=8,satcomp(2),18,0,1.0,252,0.69,0.77778
adapt,1,w=8,satcomp(2),12,1,0.0,222,0.68605,0.90991
adapt,1,w=8,satcomp(2),12,1,0.1,222,0.68605,0.90991
adapt,1,w=8,satcomp(2),12,1,0.2,222,0.76744,0.90991
adapt,1,w=8,satcomp(2),12,1,0.3,222,0.7907,0.90991
adapt,1,w=8,satcomp(2),12,1,0.4,222,0.89535,0.90991
adapt,1,w=8,satcomp(2),12,1,0.5,222,0.89535,0.90991
adapt,1,w=8,satcomp(2),12,1,0.6,222,0.80233,0.90991
adapt,1,w=8,satcomp(2),12,1,0.7,222,0.81395,0.90991
adapt,1,w=8,satcomp(2),12,1,0.8,222,0.80233,0.90991
adapt,1,w=8,satcomp(2),12,1,0.9,222,0.84884,0.90991
adapt,1,w=8,satcomp(2),12,1,1.0,222,0.90698,0.90991
adapt,1,w=8,satcomp(2),13,0,0.0,225,0.78889,0.86222
adapt,1,w=8,satcomp(2),13,0,0.1,225,0.78889,0.86222
adapt,1,w=8,satcomp(2),13,0,0.2,225,0.78889,0.86222
adapt,1,w=8,satcomp(2),13,0,0.3,225,0.78889,0.86222
adapt,1,w=8,satcomp(2),13,0,0.4,225,0.78889,0.86222
adapt,1,w=8,satcomp(2),13,0,0.5,225,0.78889,0.86222
adapt,1,w=8,satcomp(2),13,0,0.6,225,0.78889,0.86222
adapt,1,w=8,satcomp(2),13,0,0.7,225,0.78889,0.86222
adapt,1,w=8,satcomp(2),13,0,0.8,225,0.78889,0.86222
adapt,1,w=8,satcomp(2),13,0,0.9,225,0.78889,0.86222
adapt,1,w=8,satcomp(2),13,0,1.0,225,0.78889,0.86222
adapt,1,w=8,satcomp(2),18,1,0.0,252,0.69,0.88492
adapt,1,w=8,satcomp(2),18,1,0.1,252,0.69,0.88492
adapt,1,w=8,satcomp(2),18,1,0.2,252,0.69,0.88492
adapt,1,w=8,satcomp(2),18,1,0.3,252,0.76,0.88492
adapt,1,w=8,satcomp(2),18,1,0.4,252,0.76,0.88492
adapt,1,w=8,satcomp(2),18,1,0.5,252,0.84,0.88492
adapt,1,w=8,satcomp(2),18,1,0.6,252,0.74,0.88492
adapt,1,w=8,satcomp(2),18,1,0.7,252,0.75,0.88492
adapt,1,w=8,satcomp(2),18,1,0.8,252,0.83,0.88492
adapt,1,w=8,satcomp(2),18,1,0.9,252,0.84,0.88492
adapt,1,w=8,satcomp(2),18,1,1.0,252,0.88,0.88492
adapt,1,w=8,satcomp(2),20,0,0.0,245,0.5567,0.82449
adapt,1,w=8,satcomp(2),20,0,0.1,245,0.5567,0.82449
adapt,1,w=8,satcomp(2),20,0,0.2,245,0.5567,0.82449
adapt,1,w=8,satcomp(2),20,0,0.3,245,0.5567,0.82449
adapt,1,w=8,satcomp(2),20,0,0.4,245,0.5567,0.82449
adapt,1,w=8,satcomp(2),20,0,0.5,245,0.5567,0.82449
adapt,1,w=8,satcomp(2),20,0,0.6,245,0.5567,0.82449
adapt,1,w=8,satcomp(2),20,0,0.7,245,0.5567,0.82449
adapt,1,w=8,satcomp(2),20,0,0.8,245,0.5567,0.82449
adapt,1,w=8,satcomp(2),20,0,0.9,245,0.5567,0.82449
adapt,1,w=8,satcomp(2),20,0,1.0,245,0.5567,0.82449
adapt,1,w=8,satcomp(2),20,1,0.0,245,0.5567,0.89796
adapt,1,w=8,satcomp(2),20,1,0.1,245,0.5567,0.89796
adapt,1,w=8,satcomp(2),20,1,0.2,245,0.56701,0.89796
adapt,1,w=8,satcomp(2),20,1,0.3,245,0.63918,0.89796
adapt,1,w=8,satcomp(2),20,1,0.4,245,0.63918,0.89796
adapt,1,w=8,satcomp(2),20,1,0.5,245,0.68041,0.89796
adapt,1,w=8,satcomp(2),20,1,0.6,245,0.69072,0.89796
adapt,1,w=8,satcomp(2),20,1,0.7,245,0.68041,0.89796
adapt,1,w=8,satcomp(2),20,1,0.8,245,0.7732,0.89796
adapt,1,w=8,satcomp(2),20,1,0.9,245,0.78351,0.89796
adapt,1,w=8,satcomp(2),20,1,1.0,245,0.79381,0.89796
adapt,1,w=8,satcomp(2),24,0,0.0,264,0.80952,0.875
adapt,1,w=8,satcomp(2),24,0,0.1,264,0.80952,0.875
adapt,1,w=8,satcomp(2),24,0,0.2,264,0.80952,0.875
adapt,1,w=8,satcomp(2),24,0,0.3,264,0.80952,0.875
adapt,1,w=8,satcomp(2),24,0,0.4,264,0.80952,0.875
adapt,1,w=8,satcomp(2),24,0,0.5,264,0.80952,0.875
adapt,1,w=8,satcomp(2),24,0,0.6,264,0.80952,0.875
adapt,1,w=8,satcomp(2),24,0,0.7,264,0.80952,0.875
adapt,1,w=8,satcomp(2),24,0,0.8,264,0.80952,0.875
adapt,1,w=8,satcomp(2),24,0,0.9,264,0.80952,0.875
adapt,1,w=8,satcomp(2),24,0,1.0,264,0.80952,0.875
adapt,1,w=8,sampled(4),2,1,0.0,208,0.7439,0.85096
adapt,1,w=8,sampled(4),2,1,0.1,208,0.70732,0.85096
adapt,1,w=8,sampled(4),2,1,0.2,208,0.69512,0.85096
adapt,1,w=8,sampled(4),2,1,0.3,208,0.67073,0.85096
adapt,1,w=8,sampled(4),2,1,0.4,208,0.67073,0.85096
adapt,1,w=8,sampled(4),2,1,0.5,208,0.68293,0.85096
adapt,1,w=8,sampled(4),2,1,0.6,208,0.65854,0.85096
adapt,1,w=8,sampled(4),2,1,0.7,208,0.70732,0.85096
adapt,1,w=8,sampled(4),2,1,0.8,208,0.70732,0.85096
adapt,1,w=8,sampled(4),2,1,0.9,208,0.67073,0.85096
adapt,1,w=8,sampled(4),2,1,1.0,208,0.67073,0.85096
adapt,1,w=8,sampled(4),4,0,0.0,220,0.78824,0.78636
adapt,1,w=8,sampled(4),4,0,0.1,220,0.78824,0.78636
adapt,1,w=8,sampled(4),4,0,0.2,220,0.78824,0.78636
adapt,1,w=8,sampled(4),4,0,0.3,220,0.78824,0.78636
adapt,1,w=8,sampled(4),4,0,0.4,220,0.78824,0.78636
adapt,1,w=8,sampled(4),4,0,0.5,220,0.78824,0.78636
adapt,1,w=8,sampled(4),4,0,0.6,220,0.78824,0.78636
adapt,1,w=8,sampled(4),4,0,0.7,220,0.78824,0.78636
adapt,1,w=8,sampled(4),4,0,0.8,220,0.78824,0.78636
adapt,1,w=8,sampled(4),4,0,0.9,220,0.78824,0.78636
adapt,1,w=8,sampled(4),4,0,1.0,220,0.78824,0.78636
adapt,1,w=8,sampled(4),4,1,0.0,220,0.78824,0.81818
adapt,1,w=8,sampled(4),4,1,0.1,220,0.76471,0.81818
adapt,1,w=8,sampled(4),4,1,0.2,220,0.78824,0.81818
adapt,1,w=8,sampled(4),4,1,0.3,220,0.78824,0.81818
adapt,1,w=8,sampled(4),4,1,0.4,220,0.81176,0.81818
adapt,1,w=8,sampled(4),4,1,0.5,220,0.81176,0.81818
adapt,1,w=8,sampled(4),4,1,0.6,220,0.55294,0.81818
adapt,1,w=8,sampled(4),4,1,0.7,220,0.67059,0.81818
adapt,1,w=8,sampled(4),4,1,0.8,220,0.64706,0.81818
adapt,1,w=8,sampled(4),4,1,0.9,220,0.64706,0.81818
adapt,1,w=8,sampled(4),4,1,1.0,220,0.72941,0.81818
adapt,1,w=8,sampled(4),9,0,0.0,200,0.71053,0.78
adapt,1,w=8,sampled(4),9,0,0.1,200,0.71053,0.78
adapt,1,w=8,sampled(4),9,0,0.2,200,0.71053,0.78
adapt,1,w=8,sampled(4),9,0,0.3,200,0.71053,0.78
adapt,1,w=8,sampled(4),9,0,0.4,200,0.71053,0.78
adapt,1,w=8,sampled(4),9,0,0.5,200,0.71053,0.78
adapt,1,w=8,sampled(4),9,0,0.6,200,0.71053,0.78
adapt,1,w=8,sampled(4),9,0,0.7,200,0.71053,0.78
adapt,1,w=8,sampled(4),9,0,0.8,200,0.71053,0.78
adapt,1,w=8,sampled(4),9,0,0.9,200,0.71053,0.78
adapt,1,w=8,sampled(4),9,0,1.0,200,0.71053,0.78
adapt,1,w=8,sampled(4),9,1,0.0,200,0.71053,0.84
adapt,1,w=8,sampled(4),9,1,0.1,200,0.71053,0.84
adapt,1,w=8,sampled(4),9,1,0.2,200,0.75,0.84
adapt,1,w=8,sampled(4),9,1,0.3,200,0.69737,0.84
adapt,1,w=8,sampled(4),9,1,0.4,200,0.68421,0.84
adapt,1,w=8,sampled(4),9,1,0.5,200,0.67105,0.84
adapt,1,w=8,sampled(4),9,1,0.6,200,0.75,0.84
adapt,1,w=8,sampled(4),9,1,0.7,200,0.75,0.84
adapt,1,w=8,sampled(4),9,1,0.8,200,0.75,0.84
adapt,1,w=8,sampled(4),9,1,0.9,200,0.71053,0.84
adapt,1,w=8,sampled(4),9,1,1.0,200,0.72368,0.84
adapt,1,w=8,sampled(4),10,0,0.0,202,0.2375,0.64851
adapt,1,w=8,sampled(4),10,0,0.1,202,0.2375,0.64851
adapt,1,w=8,sampled(4),10,0,0.2,202,0.2375,0.64851
adapt,1,w=8,sampled(4),10,0,0.3,202,0.2375,0.64851
adapt,1,w=8,sampled(4),10,0,0.4,202,0.2375,0.64851
adapt,1,w=8,sampled(4),10,0,0.5,202,0.2375,0.64851
adapt,1,w=8,sampled(4),10,0,0.6,202,0.2375,0.64851
adapt,1,w=8,sampled(4),10,0,0.7,202,0.2375,0.64851
adapt,1,w=8,sampled(4),10,0,0.8,202,0.2375,0.64851
adapt,1,w=8,sampled(4),10,0,0.9,202,0.2375,0.64851
adapt,1,w=8,sampled(4),10,0,1.0,202,0.2375,0.64851
adapt,1,w=8,satcomp(2),24,1,0.0,264,0.80952,0.95455
adapt,1,w=8,satcomp(2),24,1,0.1,264,0.74286,0.95455
adapt,1,w=8,satcomp(2),24,1,0.2,264,0.86667,0.95455
adapt,1,w=8,satcomp(2),24,1,0.3,264,0.86667,0.95455
adapt,1,w=8,satcomp(2),24,1,0.4,264,0.86667,0.95455
adapt,1,w=8,satcomp(2),24,1,0.5,264,0.82857,0.95455
adapt,1,w=8,satcomp(2),24,1,0.6,264,0.91429,0.95455
adapt,1,w=8,satcomp(2),24,1,0.7,264,0.91429,0.95455
adapt,1,w=8,satcomp(2),24,1,0.8,264,0.91429,0.95455
adapt,1,w=8,satcomp(2),24,1,0.9,264,0.91429,0.95455
adapt,1,w=8,satcomp(2),24,1,1.0,264,0.91429,0.95455
adapt,1,w=8,sampled(4),2,0,0.0,208,0.7439,0.76442
adapt,1,w=8,sampled(4),2,0,0.1,208,0.7439,0.76442
adapt,1,w=8,sampled(4),2,0,0.2,208,0.7439,0.76442
adapt,1,w=8,sampled(4),2,0,0.3,208,0.7439,0.76442
adapt,1,w=8,sampled(4),2,0,0.4,208,0.7439,0.76442
adapt,1,w=8,sampled(4),2,0,0.5,208,0.7439,0.76442
adapt,1,w=8,sampled(4),2,0,0.6,208,0.7439,0.76442
adapt,1,w=8,sampled(4),2,0,0.7,208,0.7439,0.76442
adapt,1,w=8,sampled(4),2,0,0.8,208,0.7439,0.76442
adapt,1,w=8,sampled(4),2,0,0.9,208,0.7439,0.76442
adapt,1,w=8,sampled(4),2,0,1.0,208,0.7439,0.76442
adapt,1,w=8,sampled(4),13,1,0.0,225,0.68889,0.87111
adapt,1,w=8,sampled(4),13,1,0.1,225,0.66667,0.87111
adapt,1,w=8,sampled(4),13,1,0.2,225,0.63333,0.87111
adapt,1,w=8,sampled(4),13,1,0.3,225,0.66667,0.87111
adapt,1,w=8,sampled(4),13,1,0.4,225,0.66667,0.87111
adapt,1,w=8,sampled(4),13,1,0.5,225,0.68889,0.87111
adapt,1,w=8,sampled(4),13,1,0.6,225,0.7,0.87111
adapt,1,w=8,sampled(4),13,1,0.7,225,0.67778,0.87111
adapt,1,w=8,sampled(4),13,1,0.8,225,0.68889,0.87111
adapt,1,w=8,sampled(4),13,1,0.9,225,0.68889,0.87111
adapt,1,w=8,sampled(4),13,1,1.0,225,0.66667,0.87111
adapt,1,w=8,sampled(4),18,0,0.0,252,0.68,0.76587
adapt,1,w=8,sampled(4),18,0,0.1,252,0.68,0.76587
adapt,1,w=8,sampled(4),18,0,0.2,252,0.68,0.76587
adapt,1,w=8,sampled(4),18,0,0.3,252,0.68,0.76587
adapt,1,w=8,sampled(4),18,0,0.4,252,0.68,0.76587
adapt,1,w=8,sampled(4),18,0,0.5,252,0.68,0.76587
adapt,1,w=8,sampled(4),18,0,0.6,252,0.68,0.76587
adapt,1,w=8,sampled(4),18,0,0.7,252,0.68,0.76587
adapt,1,w=8,sampled(4),18,0,0.8,252,0.68,0.76587
adapt,1,w=8,sampled(4),18,0,0.9,252,0.68,0.76587
adapt,1,w=8,sampled(4),18,0,1.0,252,0.68,0.76587
adapt,1,w=8,sampled(4),10,1,0.0,202,0.2375,0.87129
adapt,1,w=8,sampled(4),10,1,0.1,202,0.2375,0.87129
adapt,1,w=8,sampled(4),10,1,0.2,202,0.3,0.87129
adapt,1,w=8,sampled(4),10,1,0.3,202,0.3,0.87129
adapt,1,w=8,sampled(4),10,1,0.4,202,0.3875,0.87129
adapt,1,w=8,sampled(4),10,1,0.5,202,0.4,0.87129
adapt,1,w=8,sampled(4),10,1,0.6,202,0.3875,0.87129
adapt,1,w=8,sampled(4),10,1,0.7,202,0.45,0.87129
adapt,1,w=8,sampled(4),10,1,0.8,202,0.5875,0.87129
adapt,1,w=8,sampled(4),10,1,0.9,202,0.6125,0.87129
adapt,1,w=8,sampled(4),10,1,1.0,202,0.7125,0.87129
adapt,1,w=8,sampled(4),12,0,0.0,222,0.69767,0.76577
adapt,1,w=8,sampled(4),12,0,0.1,222,0.69767,0.76577
adapt,1,w=8,sampled(4),12,0,0.2,222,0.69767,0.76577
adapt,1,w=8,sampled(4),12,0,0.3,222,0.69767,0.76577
adapt,1,w=8,sampled(4),12,0,0.4,222,0.69767,0.76577
adapt,1,w=8,sampled(4),12,0,0.5,222,0.69767,0.76577
adapt,1,w=8,sampled(4),12,0,0.6,222,0.69767,0.76577
adapt,1,w=8,sampled(4),12,0,0.7,222,0.69767,0.76577
adapt,1,w=8,sampled(4),12,0,0.8,222,0.69767,0.76577
adapt,1,w=8,sampled(4),12,0,0.9,222,0.69767,0.76577
adapt,1,w=8,sampled(4),12,0,1.0,222,0.69767,0.76577
adapt,1,w=8,sampled(4),12,1,0.0,222,0.69767,0.81532
adapt,1,w=8,sampled(4),12,1,0.1,222,0.72093,0.81532
adapt,1,w=8,sampled(4),12,1,0.2,222,0.73256,0.81532
adapt,1,w=8,sampled(4),12,1,0.3,222,0.72093,0.81532
adapt,1,w=8,sampled(4),12,1,0.4,222,0.7907,0.81532
adapt,1,w=8,sampled(4),12,1,0.5,222,0.76744,0.81532
adapt,1,w=8,sampled(4),12,1,0.6,222,0.73256,0.81532
adapt,1,w=8,sampled(4),12,1,0.7,222,0.74419,0.81532
adapt,1,w=8,sampled(4),12,1,0.8,222,0.77907,0.81532
adapt,1,w=8,sampled(4),12,1,0.9,222,0.76744,0.81532
adapt,1,w=8,sampled(4),12,1,1.0,222,0.75581,0.81532
adapt,1,w=8,sampled(4),13,0,0.0,225,0.68889,0.82667
adapt,1,w=8,sampled(4),13,0,0.1,225,0.68889,0.82667
adapt,1,w=8,sampled(4),13,0,0.2,225,0.68889,0.82667
adapt,1,w=8,sampled(4),13,0,0.3,225,0.68889,0.82667
adapt,1,w=8,sampled(4),13,0,0.4,225,0.68889,0.82667
adapt,1,w=8,sampled(4),13,0,0.5,225,0.68889,0.82667
adapt,1,w=8,sampled(4),13,0,0.6,225,0.68889,0.82667
adapt,1,w=8,sampled(4),13,0,0.7,225,0.68889,0.82667
adapt,1,w=8,sampled(4),13,0,0.8,225,0.68889,0.82667
adapt,1,w=8,sampled(4),13,0,0.9,225,0.68889,0.82667
adapt,1,w=8,sampled(4),13,0,1.0,225,0.68889,0.82667
adapt,1,w=8,sampled(4),20,1,0.0,245,0.56701,0.81224
adapt,1,w=8,sampled(4),20,1,0.1,245,0.56701,0.81224
adapt,1,w=8,sampled(4),20,1,0.2,245,0.58763,0.81224
adapt,1,w=8,sampled(4),20,1,0.3,245,0.6701,0.81224
adapt,1,w=8,sampled(4),20,1,0.4,245,0.6701,0.81224
adapt,1,w=8,sampled(4),20,1,0.5,245,0.65979,0.81224
adapt,1,w=8,sampled(4),20,1,0.6,245,0.68041,0.81224
adapt,1,w=8,sampled(4),20,1,0.7,245,0.72165,0.81224
adapt,1,w=8,sampled(4),20,1,0.8,245,0.73196,0.81224
adapt,1,w=8,sampled(4),20,1,0.9,245,0.75258,0.81224
adapt,1,w=8,sampled(4),20,1,1.0,245,0.78351,0.81224
adapt,1,w=8,sampled(4),24,0,0.0,264,0.85714,0.86742
adapt,1,w=8,sampled(4),24,0,0.1,264,0.85714,0.86742
adapt,1,w=8,sampled(4),24,0,0.2,264,0.85714,0.86742
adapt,1,w=8,sampled(4),24,0,0.3,264,0.85714,0.86742
adapt,1,w=8,sampled(4),24,0,0.4,264,0.85714,0.86742
adapt,1,w=8,sampled(4),24,0,0.5,264,0.85714,0.86742
adapt,1,w=8,sampled(4),24,0,0.6,264,0.85714,0.86742
adapt,1,w=8,sampled(4),24,0,0.7,264,0.85714,0.86742
adapt,1,w=8,sampled(4),24,0,0.8,264,0.85714,0.86742
adapt,1,w=8,sampled(4),24,0,0.9,264,0.85714,0.86742
adapt,1,w=8,sampled(4),24,0,1.0,264,0.85714,0.86742
adapt,1,w=8,sampled(4),18,1,0.0,252,0.68,0.84524
adapt,1,w=8,sampled(4),18,1,0.1,252,0.66,0.84524
adapt,1,w=8,sampled(4),18,1,0.2,252,0.66,0.84524
adapt,1,w=8,sampled(4),18,1,0.3,252,0.75,0.84524
adapt,1,w=8,sampled(4),18,1,0.4,252,0.75,0.84524
adapt,1,w=8,sampled(4),18,1,0.5,252,0.73,0.84524
adapt,1,w=8,sampled(4),18,1,0.6,252,0.71,0.84524
adapt,1,w=8,sampled(4),18,1,0.7,252,0.69,0.84524
adapt,1,w=8,sampled(4),18,1,0.8,252,0.72,0.84524
adapt,1,w=8,sampled(4),18,1,0.9,252,0.77,0.84524
adapt,1,w=8,sampled(4),18,1,1.0,252,0.83,0.84524
adapt,1,w=8,sampled(4),20,0,0.0,245,0.56701,0.66939
adapt,1,w=8,sampled(4),20,0,0.1,245,0.56701,0.66939
adapt,1,w=8,sampled(4),20,0,0.2,245,0.56701,0.66939
adapt,1,w=8,sampled(4),20,0,0.3,245,0.56701,0.66939
adapt,1,w=8,sampled(4),20,0,0.4,245,0.56701,0.66939
adapt,1,w=8,sampled(4),20,0,0.5,245,0.56701,0.66939
adapt,1,w=8,sampled(4),20,0,0.6,245,0.56701,0.66939
adapt,1,w=8,sampled(4),20,0,0.7,245,0.56701,0.66939
adapt,1,w=8,sampled(4),20,0,0.8,245,0.56701,0.66939
adapt,1,w=8,sampled(4),20,0,0.9,245,0.56701,0.66939
adapt,1,w=8,sampled(4),20,0,1.0,245,0.56701,0.66939
adapt,1,"w=4, k=3",exact,4,1,0.0,220,0.77647,0.91818
adapt,1,"w=4, k=3",exact,4,1,0.1,220,0.77647,0.91818
adapt,1,"w=4, k=3",exact,4,1,0.2,220,0.64706,0.91818
adapt,1,"w=4, k=3",exact,4,1,0.3,220,0.76471,0.91818
adapt,1,"w=4, k=3",exact,4,1,0.4,220,0.69412,0.91818
adapt,1,"w=4, k=3",exact,4,1,0.5,220,0.62353,0.91818
adapt,1,"w=4, k=3",exact,4,1,0.6,220,0.51765,0.91818
adapt,1,"w=4, k=3",exact,4,1,0.7,220,0.65882,0.91818
adapt,1,"w=4, k=3",exact,4,1,0.8,220,0.78824,0.91818
adapt,1,"w=4, k=3",exact,4,1,0.9,220,0.75294,0.91818
adapt,1,"w=4, k=3",exact,4,1,1.0,220,0.69412,0.91818
adapt,1,"w=4, k=3",exact,9,0,0.0,200,0.69737,0.745
adapt,1,"w=4, k=3",exact,9,0,0.1,200,0.69737,0.745
adapt,1,"w=4, k=3",exact,9,0,0.2,200,0.69737,0.745
adapt,1,"w=4, k=3",exact,9,0,0.3,200,0.69737,0.745
adapt,1,"w=4, k=3",exact,9,0,0.4,200,0.69737,0.745
adapt,1,"w=4, k=3",exact,9,0,0.5,200,0.69737,0.745
adapt,1,"w=4, k=3",exact,9,0,0.6,200,0.69737,0.745
adapt,1,"w=4, k=3",exact,9,0,0.7,200,0.69737,0.745
adapt,1,"w=4, k=3",exact,9,0,0.8,200,0.69737,0.745
adapt,1,"w=4, k=3",exact,9,0,0.9,200,0.69737,0.745
adapt,1,"w=4, k=3",exact,9,0,1.0,200,0.69737,0.745
adapt,1,"w=4, k=3",exact,2,1,0.0,208,0.85366,0.92788
adapt,1,"w=4, k=3",exact,2,1,0.1,208,0.85366,0.92788
adapt,1,"w=4, k=3",exact,2,1,0.2,208,0.60976,0.92788
adapt,1,"w=4, k=3",exact,2,1,0.3,208,0.70732,0.92788
adapt,1,"w=4, k=3",exact,2,1,0.4,208,0.7561,0.92788
adapt,1,"w=4, k=3",exact,2,1,0.5,208,0.7561,0.92788
adapt,1,"w=4, k=3",exact,2,1,0.6,208,0.63415,0.92788
adapt,1,"w=4, k=3",exact,2,1,0.7,208,0.73171,0.92788
adapt,1,"w=4, k=3",exact,2,1,0.8,208,0.90244,0.92788
adapt,1,"w=4, k=3",exact,2,1,0.9,208,0.91463,0.92788
adapt,1,"w=4, k=3",exact,2,1,1.0,208,0.93902,0.92788
adapt,1,"w=4, k=3",exact,4,0,0.0,220,0.77647,0.76818
adapt,1,"w=4, k=3",exact,4,0,0.1,220,0.77647,0.76818
adapt,1,"w=4, k=3",exact,4,0,0.2,220,0.77647,0.76818
adapt,1,"w=4, k=3",exact,4,0,0.3,220,0.77647,0.76818
adapt,1,"w=4, k=3",exact,4,0,0.4,220,0.77647,0.76818
adapt,1,"w=4, k=3",exact,4,0,0.5,220,0.77647,0.76818
adapt,1,"w=4, k=3",exact,4,0,0.6,220,0.77647,0.76818
adapt,1,"w=4, k=3",exact,4,0,0.7,220,0.77647,0.76818
adapt,1,"w=4, k=3",exact,4,0,0.8,220,0.77647,0.76818
adapt,1,"w=4, k=3",exact,4,0,0.9,220,0.77647,0.76818
adapt,1,"w=4, k=3",exact,4,0,1.0,220,0.77647,0.76818
adapt,1,w=8,sampled(4),24,1,0.0,264,0.85714,0.89394
adapt,1,w=8,sampled(4),24,1,0.1,264,0.77143,0.89394
adapt,1,w=8,sampled(4),24,1,0.2,264,0.77143,0.89394
adapt,1,w=8,sampled(4),24,1,0.3,264,0.82857,0.89394
adapt,1,w=8,sampled(4),24,1,0.4,264,0.82857,0.89394
adapt,1,w=8,sampled(4),24,1,0.5,264,0.84762,0.89394
adapt,1,w=8,sampled(4),24,1,0.6,264,0.8381,0.89394
adapt,1,w=8,sampled(4),24,1,0.7,264,0.84762,0.89394
adapt,1,w=8,sampled(4),24,1,0.8,264,0.79048,0.89394
adapt,1,w=8,sampled(4),24,1,0.9,264,0.79048,0.89394
adapt,1,w=8,sampled(4),24,1,1.0,264,0.80952,0.89394
adapt,1,"w=4, k=3",exact,2,0,0.0,208,0.85366,0.79808
adapt,1,"w=4, k=3",exact,2,0,0.1,208,0.85366,0.79808
adapt,1,"w=4, k=3",exact,2,0,0.2,208,0.85366,0.79808
adapt,1,"w=4, k=3",exact,2,0,0.3,208,0.85366,0.79808
adapt,1,"w=4, k=3",exact,2,0,0.4,208,0.85366,0.79808
adapt,1,"w=4, k=3",exact,2,0,0.5,208,0.85366,0.79808
adapt,1,"w=4, k=3",exact,2,0,0.6,208,0.85366,0.79808
adapt,1,"w=4, k=3",exact,2,0,0.7,208,0.85366,0.79808
adapt,1,"w=4, k=3",exact,2,0,0.8,208,0.85366,0.79808
adapt,1,"w=4, k=3",exact,2,0,0.9,208,0.85366,0.79808
adapt,1,"w=4, k=3",exact,2,0,1.0,208,0.85366,0.79808
adapt,1,"w=4, k=3",exact,9,1,0.0,200,0.69737,0.905
adapt,1,"w=4, k=3",exact,9,1,0.1,200,0.69737,0.905
adapt,1,"w=4, k=3",exact,9,1,0.2,200,0.68421,0.905
adapt,1,"w=4, k=3",exact,9,1,0.3,200,0.68421,0.905
adapt,1,"w=4, k=3",exact,9,1,0.4,200,0.65789,0.905
adapt,1,"w=4, k=3",exact,9,1,0.5,200,0.53947,0.905
adapt,1,"w=4, k=3",exact,9,1,0.6,200,0.59211,0.905
adapt,1,"w=4, k=3",exact,9,1,0.7,200,0.59211,0.905
adapt,1,"w=4, k=3",exact,9,1,0.8,200,0.53947,0.905
adapt,1,"w=4, k=3",exact,9,1,0.9,200,0.65789,0.905
adapt,1,"w=4, k=3",exact,9,1,1.0,200,0.71053,0.905
adapt,1,"w=4, k=3",exact,10,0,0.0,202,0.5625,0.85644
adapt,1,"w=4, k=3",exact,10,0,0.1,202,0.5625,0.85644
adapt,1,"w=4, k=3",exact,10,0,0.2,202,0.5625,0.85644
adapt,1,"w=4, k=3",exact,10,0,0.3,202,0.5625,0.85644
adapt,1,"w=4, k=3",exact,10,0,0.4,202,0.5625,0.85644
adapt,1,"w=4, k=3",exact,10,0,0.5,202,0.5625,0.85644
adapt,1,"w=4, k=3",exact,10,0,0.6,202,0.5625,0.85644
adapt,1,"w=4, k=3",exact,10,0,0.7,202,0.5625,0.85644
adapt,1,"w=4, k=3",exact,10,0,0.8,202,0.5625,0.85644
adapt,1,"w=4, k=3",exact,10,0,0.9,202,0.5625,0.85644
adapt,1,"w=4, k=3",exact,10,0,1.0,202,0.5625,0.85644
adapt,1,"w=4, k=3",exact,10,1,0.0,202,0.5625,0.94554
adapt,1,"w=4, k=3",exact,10,1,0.1,202,0.5625,0.94554
adapt,1,"w=4, k=3",exact,10,1,0.2,202,0.5625,0.94554
adapt,1,"w=4, k=3",exact,10,1,0.3,202,0.5625,0.94554
adapt,1,"w=4, k=3",exact,10,1,0.4,202,0.5625,0.94554
adapt,1,"w=4, k=3",exact,10,1,0.5,202,0.5375,0.94554
adapt,1,"w=4, k=3",exact,10,1,0.6,202,0.5375,0.94554
adapt,1,"w=4, k=3",exact,10,1,0.7,202,0.4625,0.94554
adapt,1,"w=4, k=3",exact,10,1,0.8,202,0.375,0.94554
adapt,1,"w=4, k=3",exact,10,1,0.9,202,0.625,0.94554
adapt,1,"w=4, k=3",exact,10,1,1.0,202,0.5875,0.94554
adapt,1,"w=4, k=3",exact,12,0,0.0,222,0.62791,0.73423
adapt,1,"w=4, k=3",exact,12,0,0.1,222,0.62791,0.73423
adapt,1,"w=4, k=3",exact,12,0,0.2,222,0.62791,0.73423
adapt,1,"w=4, k=3",exact,12,0,0.3,222,0.62791,0.73423
adapt,1,"w=4, k=3",exact,12,0,0.4,222,0.62791,0.73423
adapt,1,"w=4, k=3",exact,12,0,0.5,222,0.62791,0.73423
adapt,1,"w=4, k=3",exact,12,0,0.6,222,0.62791,0.73423
adapt,1,"w=4, k=3",exact,12,0,0.7,222,0.62791,0.73423
adapt,1,"w=4, k=3",exact,12,0,0.8,222,0.62791,0.73423
adapt,1,"w=4, k=3",exact,12,0,0.9,222,0.62791,0.73423
adapt,1,"w=4, k=3",exact,12,0,1.0,222,0.62791,0.73423
adapt,1,"w=4, k=3",exact,12,1,0.0,222,0.62791,0.9009
adapt,1,"w=4, k=3",exact,12,1,0.1,222,0.62791,0.9009
adapt,1,"w=4, k=3",exact,12,1,0.2,222,0.67442,0.9009
adapt,1,"w=4, k=3",exact,12,1,0.3,222,0.5814,0.9009
adapt,1,"w=4, k=3",exact,12,1,0.4,222,0.61628,0.9009
adapt,1,"w=4, k=3",exact,12,1,0.5,222,0.54651,0.9009
adapt,1,"w=4, k=3",exact,12,1,0.6,222,0.5,0.9009
adapt,1,"w=4, k=3",exact,12,1,0.7,222,0.63953,0.9009
adapt,1,"w=4, k=3",exact,12,1,0.8,222,0.68605,0.9009
adapt,1,"w=4, k=3",exact,12,1,0.9,222,0.65116,0.9009
adapt,1,"w=4, k=3",exact,12,1,1.0,222,0.67442,0.9009
adapt,1,"w=4, k=3",exact,13,0,0.0,225,0.78889,0.82222
adapt,1,"w=4, k=3",exact,13,0,0.1,225,0.78889,0.82222
adapt,1,"w=4, k=3",exact,13,0,0.2,225,0.78889,0.82222
adapt,1,"w=4, k=3",exact,13,0,0.3,225,0.78889,0.82222
adapt,1,"w=4, k=3",exact,13,0,0.4,225,0.78889,0.82222
adapt,1,"w=4, k=3",exact,13,0,0.5,225,0.78889,0.82222
adapt,1,"w=4, k=3",exact,13,0,0.6,225,0.78889,0.82222
adapt,1,"w=4, k=3",exact,13,0,0.7,225,0.78889,0.82222
adapt,1,"w=4, k=3",exact,13,0,0.8,225,0.78889,0.82222
adapt,1,"w=4, k=3",exact,13,0,0.9,225,0.78889,0.82222
adapt,1,"w=4, k=3",exact,13,0,1.0,225,0.78889,0.82222
adapt,1,"w=4, k=3",exact,13,1,0.0,225,0.78889,0.95111
adapt,1,"w=4, k=3",exact,13,1,0.1,225,0.78889,0.95111
adapt,1,"w=4, k=3",exact,13,1,0.2,225,0.8,0.95111
adapt,1,"w=4, k=3",exact,13,1,0.3,225,0.9,0.95111
adapt,1,"w=4, k=3",exact,13,1,0.4,225,0.9,0.95111
adapt,1,"w=4, k=3",exact,13,1,0.5,225,0.9,0.95111
adapt,1,"w=4, k=3",exact,13,1,0.6,225,0.72222,0.95111
adapt,1,"w=4, k=3",exact,13,1,0.7,225,0.77778,0.95111
adapt,1,"w=4, k=3",exact,13,1,0.8,225,0.66667,0.95111
adapt,1,"w=4, k=3",exact,13,1,0.9,225,0.66667,0.95111
adapt,1,"w=4, k=3",exact,13,1,1.0,225,0.78889,0.95111
adapt,1,"w=4, k=3",exact,18,0,0.0,252,0.74,0.75397
adapt,1,"w=4, k=3",exact,18,0,0.1,252,0.74,0.75397
adapt,1,"w=4, k=3",exact,18,0,0.2,252,0.74,0.75397
adapt,1,"w=4, k=3",exact,18,0,0.3,252,0.74,0.75397
adapt,1,"w=4, k=3",exact,18,0,0.4,252,0.74,0.75397
adapt,1,"w=4, k=3",exact,18,0,0.5,252,0.74,0.75397
adapt,1,"w=4, k=3",exact,18,0,0.6,252,0.74,0.75397
adapt,1,"w=4, k=3",exact,18,0,0.7,252,0.74,0.75397
adapt,1,"w=4, k=3",exact,18,0,0.8,252,0.74,0.75397
adapt,1,"w=4, k=3",exact,18,0,0.9,252,0.74,0.75397
adapt,1,"w=4, k=3",exact,18,0,1.0,252,0.74,0.75397
adapt,1,"w=4, k=3",exact,20,1,0.0,245,0.62887,0.91837
adapt,1,"w=4, k=3",exact,20,1,0.1,245,0.62887,0.91837
adapt,1,"w=4, k=3",exact,20,1,0.2,245,0.37113,0.91837
adapt,1,"w=4, k=3",exact,20,1,0.3,245,0.37113,0.91837
adapt,1,"w=4, k=3",exact,20,1,0.4,245,0.59794,0.91837
adapt,1,"w=4, k=3",exact,20,1,0.5,245,0.60825,0.91837
adapt,1,"w=4, k=3",exact,20,1,0.6,245,0.60825,0.91837
adapt,1,"w=4, k=3",exact,20,1,0.7,245,0.59794,0.91837
adapt,1,"w=4, k=3",exact,20,1,0.8,245,0.43299,0.91837
adapt,1,"w=4, k=3",exact,20,1,0.9,245,0.56701,0.91837
adapt,1,"w=4, k=3",exact,20,1,1.0,245,0.5567,0.91837
adapt,1,"w=4, k=3",exact,24,0,0.0,264,0.78095,0.81439
adapt,1,"w=4, k=3",exact,24,0,0.1,264,0.78095,0.81439
adapt,1,"w=4, k=3",exact,24,0,0.2,264,0.78095,0.81439
adapt,1,"w=4, k=3",exact,24,0,0.3,264,0.78095,0.81439
adapt,1,"w=4, k=3",exact,24,0,0.4,264,0.78095,0.81439
adapt,1,"w=4, k=3",exact,24,0,0.5,264,0.78095,0.81439
adapt,1,"w=4, k=3",exact,24,0,0.6,264,0.78095,0.81439
adapt,1,"w=4, k=3",exact,24,0,0.7,264,0.78095,0.81439
adapt,1,"w=4, k=3",exact,24,0,0.8,264,0.78095,0.81439
adapt,1,"w=4, k=3",exact,24,0,0.9,264,0.78095,0.81439
adapt,1,"w=4, k=3",exact,24,0,1.0,264,0.78095,0.81439
adapt,1,"w=4, k=3",exact,18,1,0.0,252,0.74,0.90873
adapt,1,"w=4, k=3",exact,18,1,0.1,252,0.74,0.90873
adapt,1,"w=4, k=3",exact,18,1,0.2,252,0.73,0.90873
adapt,1,"w=4, k=3",exact,18,1,0.3,252,0.82,0.90873
adapt,1,"w=4, k=3",exact,18,1,0.4,252,0.82,0.90873
adapt,1,"w=4, k=3",exact,18,1,0.5,252,0.7,0.90873
adapt,1,"w=4, k=3",exact,18,1,0.6,252,0.75,0.90873
adapt,1,"w=4, k=3",exact,18,1,0.7,252,0.7,0.90873
adapt,1,"w=4, k=3",exact,18,1,0.8,252,0.75,0.90873
adapt,1,"w=4, k=3",exact,18,1,0.9,252,0.81,0.90873
adapt,1,"w=4, k=3",exact,18,1,1.0,252,0.74,0.90873
adapt,1,"w=4, k=3",exact,20,0,0.0,245,0.62887,0.83265
adapt,1,"w=4, k=3",exact,20,0,0.1,245,0.62887,0.83265
adapt,1,"w=4, k=3",exact,20,0,0.2,245,0.62887,0.83265
adapt,1,"w=4, k=3",exact,20,0,0.3,245,0.62887,0.83265
adapt,1,"w=4, k=3",exact,20,0,0.4,245,0.62887,0.83265
adapt,1,"w=4, k=3",exact,20,0,0.5,245,0.62887,0.83265
adapt,1,"w=4, k=3",exact,20,0,0.6,245,0.62887,0.83265
adapt,1,"w=4, k=3",exact,20,0,0.7,245,0.62887,0.83265
adapt,1,"w=4, k=3",exact,20,0,0.8,245,0.62887,0.83265
adapt,1,"w=4, k=3",exact,20,0,0.9,245,0.62887,0.83265
adapt,1,"w=4, k=3",exact,20,0,1.0,245,0.62887,0.83265
adapt,1,"w=4, k=3",exact,24,1,0.0,264,0.78095,0.93939
adapt,1,"w=4, k=3",exact,24,1,0.1,264,0.78095,0.93939
adapt,1,"w=4, k=3",exact,24,1,0.2,264,0.69524,0.93939
adapt,1,"w=4, k=3",exact,24,1,0.3,264,0.69524,0.93939
adapt,1,"w=4, k=3",exact,24,1,0.4,264,0.7619,0.93939
adapt,1,"w=4, k=3",exact,24,1,0.5,264,0.6381,0.93939
adapt,1,"w=4, k=3",exact,24,1,0.6,264,0.78095,0.93939
adapt,1,"w=4, k=3",exact,24,1,0.7,264,0.70476,0.93939
adapt,1,"w=4, k=3",exact,24,1,0.8,264,0.65714,0.93939
adapt,1,"w=4, k=3",exact,24,1,0.9,264,0.8,0.93939
adapt,1,"w=4, k=3",exact,24,1,1.0,264,0.75238,0.93939
adapt,1,"w=4, k=3",trunc(1),2,0,0.0,208,0.70732,0.71154
adapt,1,"w=4, k=3",trunc(1),2,0,0.1,208,0.70732,0.71154
adapt,1,"w=4, k=3",trunc(1),2,0,0.2,208,0.70732,0.71154
adapt,1,"w=4, k=3",trunc(1),2,0,0.3,208,0.70732,0.71154
adapt,1,"w=4, k=3",trunc(1),2,0,0.4,208,0.70732,0.71154
adapt,1,"w=4, k=3",trunc(1),2,0,0.5,208,0.70732,0.71154
adapt,1,"w=4, k=3",trunc(1),2,0,0.6,208,0.70732,0.71154
adapt,1,"w=4, k=3",trunc(1),2,0,0.7,208,0.70732,0.71154
adapt,1,"w=4, k=3",trunc(1),2,0,0.8,208,0.70732,0.71154
adapt,1,"w=4, k=3",trunc(1),2,0,0.9,208,0.70732,0.71154
adapt,1,"w=4, k=3",trunc(1),2,0,1.0,208,0.70732,0.71154
adapt,1,"w=4, k=3",trunc(1),4,1,0.0,220,0.74118,0.91818
adapt,1,"w=4, k=3",trunc(1),4,1,0.1,220,0.71765,0.91818
adapt,1,"w=4, k=3",trunc(1),4,1,0.2,220,0.69412,0.91818
adapt,1,"w=4, k=3",trunc(1),4,1,0.3,220,0.69412,0.91818
adapt,1,"w=4, k=3",trunc(1),4,1,0.4,220,0.67059,0.91818
adapt,1,"w=4, k=3",trunc(1),4,1,0.5,220,0.67059,0.91818
adapt,1,"w=4, k=3",trunc(1),4,1,0.6,220,0.43529,0.91818
adapt,1,"w=4, k=3",trunc(1),4,1,0.7,220,0.58824,0.91818
adapt,1,"w=4, k=3",trunc(1),4,1,0.8,220,0.70588,0.91818
adapt,1,"w=4, k=3",trunc(1),4,1,0.9,220,0.74118,0.91818
adapt,1,"w=4, k=3",trunc(1),4,1,1.0,220,0.68235,0.91818
adapt,1,"w=4, k=3",trunc(1),9,0,0.0,200,0.64474,0.715
adapt,1,"w=4, k=3",trunc(1),9,0,0.1,200,0.64474,0.715
adapt,1,"w=4, k=3",trunc(1),9,0,0.2,200,0.64474,0.715
adapt,1,"w=4, k=3",trunc(1),9,0,0.3,200,0.64474,0.715
adapt,1,"w=4, k=3",trunc(1),9,0,0.4,200,0.64474,0.715
adapt,1,"w=4, k=3",trunc(1),9,0,0.5,200,0.64474,0.715
adapt,1,"w=4, k=3",trunc(1),9,0,0.6,200,0.64474,0.715
adapt,1,"w=4, k=3",trunc(1),9,0,0.7,200,0.64474,0.715
adapt,1,"w=4, k=3",trunc(1),9,0,0.8,200,0.64474,0.715
adapt,1,"w=4, k=3",trunc(1),9,0,0.9,200,0.64474,0.715
adapt,1,"w=4, k=3",trunc(1),9,0,1.0,200,0.64474,0.715
adapt,1,"w=4, k=3",trunc(1),2,1,0.0,208,0.70732,0.89904
adapt,1,"w=4, k=3",trunc(1),2,1,0.1,208,0.69512,0.89904
adapt,1,"w=4, k=3",trunc(1),2,1,0.2,208,0.7561,0.89904
adapt,1,"w=4, k=3",trunc(1),2,1,0.3,208,0.70732,0.89904
adapt,1,"w=4, k=3",trunc(1),2,1,0.4,208,0.59756,0.89904
adapt,1,"w=4, k=3",trunc(1),2,1,0.5,208,0.54878,0.89904
adapt,1,"w=4, k=3",trunc(1),2,1,0.6,208,0.53659,0.89904
adapt,1,"w=4, k=3",trunc(1),2,1,0.7,208,0.62195,0.89904
adapt,1,"w=4, k=3",trunc(1),2,1,0.8,208,0.68293,0.89904
adapt,1,"w=4, k=3",trunc(1),2,1,0.9,208,0.68293,0.89904
adapt,1,"w=4, k=3",trunc(1),2,1,1.0,208,0.70732,0.89904
adapt,1,"w=4, k=3",trunc(1),4,0,0.0,220,0.74118,0.70909
adapt,1,"w=4, k=3",trunc(1),4,0,0.1,220,0.74118,0.70909
adapt,1,"w=4, k=3",trunc(1),4,0,0.2,220,0.74118,0.70909
adapt,1,"w=4, k=3",trunc(1),4,0,0.3,220,0.74118,0.70909
adapt,1,"w=4, k=3",trunc(1),4,0,0.4,220,0.74118,0.70909
adapt,1,"w=4, k=3",trunc(1),4,0,0.5,220,0.74118,0.70909
adapt,1,"w=4, k=3",trunc(1),4,0,0.6,220,0.74118,0.70909
adapt,1,"w=4, k=3",trunc(1),4,0,0.7,220,0.74118,0.70909
adapt,1,"w=4, k=3",trunc(1),4,0,0.8,220,0.74118,0.70909
adapt,1,"w=4, k=3",trunc(1),4,0,0.9,220,0.74118,0.70909
adapt,1,"w=4, k=3",trunc(1),4,0,1.0,220,0.74118,0.70909
adapt,1,"w=4, k=3",trunc(1),12,1,0.0,222,0.63953,0.87838
adapt,1,"w=4, k=3",trunc(1),12,1,0.1,222,0.63953,0.87838
adapt,1,"w=4, k=3",trunc(1),12,1,0.2,222,0.63953,0.87838
adapt,1,"w=4, k=3",trunc(1),12,1,0.3,222,0.66279,0.87838
adapt,1,"w=4, k=3",trunc(1),12,1,0.4,222,0.62791,0.87838
adapt,1,"w=4, k=3",trunc(1),12,1,0.5,222,0.61628,0.87838
adapt,1,"w=4, k=3",trunc(1),12,1,0.6,222,0.53488,0.87838
adapt,1,"w=4, k=3",trunc(1),12,1,0.7,222,0.68605,0.87838
adapt,1,"w=4, k=3",trunc(1),12,1,0.8,222,0.72093,0.87838
adapt,1,"w=4, k=3",trunc(1),12,1,0.9,222,0.62791,0.87838
adapt,1,"w=4, k=3",trunc(1),12,1,1.0,222,0.62791,0.87838
adapt,1,"w=4, k=3",trunc(1),13,0,0.0,225,0.66667,0.77778
adapt,1,"w=4, k=3",trunc(1),13,0,0.1,225,0.66667,0.77778
adapt,1,"w=4, k=3",trunc(1),13,0,0.2,225,0.66667,0.77778
adapt,1,"w=4, k=3",trunc(1),13,0,0.3,225,0.66667,0.77778
adapt,1,"w=4, k=3",trunc(1),13,0,0.4,225,0.66667,0.77778
adapt,1,"w=4, k=3",trunc(1),13,0,0.5,225,0.66667,0.77778
adapt,1,"w=4, k=3",trunc(1),13,0,0.6,225,0.66667,0.77778
adapt,1,"w=4, k=3",trunc(1),13,0,0.7,225,0.66667,0.77778
adapt,1,"w=4, k=3",trunc(1),13,0,0.8,225,0.66667,0.77778
adapt,1,"w=4, k=3",trunc(1),13,0,0.9,225,0.66667,0.77778
adapt,1,"w=4, k=3",trunc(1),13,0,1.0,225,0.66667,0.77778
adapt,1,"w=4, k=3",trunc(1),10,1,0.0,202,0.5375,0.88119
adapt,1,"w=4, k=3",trunc(1),10,1,0.1,202,0.5375,0.88119
adapt,1,"w=4, k=3",trunc(1),10,1,0.2,202,0.6,0.88119
adapt,1,"w=4, k=3",trunc(1),10,1,0.3,202,0.4875,0.88119
adapt,1,"w=4, k=3",trunc(1),10,1,0.4,202,0.4875,0.88119
adapt,1,"w=4, k=3",trunc(1),10,1,0.5,202,0.4125,0.88119
adapt,1,"w=4, k=3",trunc(1),10,1,0.6,202,0.45,0.88119
adapt,1,"w=4, k=3",trunc(1),10,1,0.7,202,0.375,0.88119
adapt,1,"w=4, k=3",trunc(1),10,1,0.8,202,0.4,0.88119
adapt,1,"w=4, k=3",trunc(1),10,1,0.9,202,0.525,0.88119
adapt,1,"w=4, k=3",trunc(1),10,1,1.0,202,0.525,0.88119
adapt,1,"w=4, k=3",trunc(1),12,0,0.0,222,0.63953,0.66667
adapt,1,"w=4, k=3",trunc(1),12,0,0.1,222,0.63953,0.66667
adapt,1,"w=4, k=3",trunc(1),12,0,0.2,222,0.63953,0.66667
adapt,1,"w=4, k=3",trunc(1),12,0,0.3,222,0.63953,0.66667
adapt,1,"w=4, k=3",trunc(1),12,0,0.4,222,0.63953,0.66667
adapt,1,"w=4, k=3",trunc(1),12,0,0.5,222,0.63953,0.66667
adapt,1,"w=4, k=3",trunc(1),12,0,0.6,222,0.63953,0.66667
adapt,1,"w=4, k=3",trunc(1),12,0,0.7,222,0.63953,0.66667
adapt,1,"w=4, k=3",trunc(1),12,0,0.8,222,0.63953,0.66667
adapt,1,"w=4, k=3",trunc(1),12,0,0.9,222,0.63953,0.66667
adapt,1,"w=4, k=3",trunc(1),12,0,1.0,222,0.63953,0.66667
adapt,1,"w=4, k=3",trunc(1),9,1,0.0,200,0.64474,0.86
adapt,1,"w=4, k=3",trunc(1),9,1,0.1,200,0.59211,0.86
adapt,1,"w=4, k=3",trunc(1),9,1,0.2,200,0.67105,0.86
adapt,1,"w=4, k=3",trunc(1),9,1,0.3,200,0.64474,0.86
adapt,1,"w=4, k=3",trunc(1),9,1,0.4,200,0.53947,0.86
adapt,1,"w=4, k=3",trunc(1),9,1,0.5,200,0.44737,0.86
adapt,1,"w=4, k=3",trunc(1),9,1,0.6,200,0.51316,0.86
adapt,1,"w=4, k=3",trunc(1),9,1,0.7,200,0.52632,0.86
adapt,1,"w=4, k=3",trunc(1),9,1,0.8,200,0.63158,0.86
adapt,1,"w=4, k=3",trunc(1),9,1,0.9,200,0.57895,0.86
adapt,1,"w=4, k=3",trunc(1),9,1,1.0,200,0.64474,0.86
adapt,1,"w=4, k=3",trunc(1),10,0,0.0,202,0.5375,0.77723
adapt,1,"w=4, k=3",trunc(1),10,0,0.1,202,0.5375,0.77723
adapt,1,"w=4, k=3",trunc(1),10,0,0.2,202,0.5375,0.77723
adapt,1,"w=4, k=3",trunc(1),10,0,0.3,202,0.5375,0.77723
adapt,1,"w=4, k=3",trunc(1),10,0,0.4,202,0.5375,0.77723
adapt,1,"w=4, k=3",trunc(1),10,0,0.5,202,0.5375,0.77723
adapt,1,"w=4, k=3",trunc(1),10,0,0.6,202,0.5375,0.77723
adapt,1,"w=4, k=3",trunc(1),10,0,0.7,202,0.5375,0.77723
adapt,1,"w=4, k=3",trunc(1),10,0,0.8,202,0.5375,0.77723
adapt,1,"w=4, k=3",trunc(1),10,0,0.9,202,0.5375,0.77723
adapt,1,"w=4, k=3",trunc(1),10,0,1.0,202,0.5375,0.77723
adapt,1,"w=4, k=3",trunc(1),18,1,0.0,252,0.67,0.86508
adapt,1,"w=4, k=3",trunc(1),18,1,0.1,252,0.56,0.86508
adapt,1,"w=4, k=3",trunc(1),18,1,0.2,252,0.67,0.86508
adapt,1,"w=4, k=3",trunc(1),18,1,0.3,252,0.72,0.86508
adapt,1,"w=4, k=3",trunc(1),18,1,0.4,252,0.72,0.86508
adapt,1,"w=4, k=3",trunc(1),18,1,0.5,252,0.65,0.86508
adapt,1,"w=4, k=3",trunc(1),18,1,0.6,252,0.7,0.86508
adapt,1,"w=4, k=3",trunc(1),18,1,0.7,252,0.49,0.86508
adapt,1,"w=4, k=3",trunc(1),18,1,0.8,252,0.66,0.86508
adapt,1,"w=4, k=3",trunc(1),18,1,0.9,252,0.48,0.86508
adapt,1,"w=4, k=3",trunc(1),18,1,1.0,252,0.47,0.86508
adapt,1,"w=4, k=3",trunc(1),20,0,0.0,245,0.56701,0.83673
adapt,1,"w=4, k=3",trunc(1),20,0,0.1,245,0.56701,0.83673
adapt,1,"w=4, k=3",trunc(1),20,0,0.2,245,0.56701,0.83673
adapt,1,"w=4, k=3",trunc(1),20,0,0.3,245,0.56701,0.83673
adapt,1,"w=4, k=3",trunc(1),20,0,0.4,245,0.56701,0.83673
adapt,1,"w=4, k=3",trunc(1),20,0,0.5,245,0.56701,0.83673
adapt,1,"w=4, k=3",trunc(1),20,0,0.6,245,0.56701,0.83673
adapt,1,"w=4, k=3",trunc(1),20,0,0.7,245,0.56701,0.83673
adapt,1,"w=4, k=3",trunc(1),20,0,0.8,245,0.56701,0.83673
adapt,1,"w=4, k=3",trunc(1),20,0,0.9,245,0.56701,0.83673
adapt,1,"w=4, k=3",trunc(1),20,0,1.0,245,0.56701,0.83673
adapt,1,"w=4, k=3",trunc(1),13,1,0.0,225,0.66667,0.94222
adapt,1,"w=4, k=3",trunc(1),13,1,0.1,225,0.58889,0.94222
adapt,1,"w=4, k=3",trunc(1),13,1,0.2,225,0.65556,0.94222
adapt,1,"w=4, k=3",trunc(1),13,1,0.3,225,0.57778,0.94222
adapt,1,"w=4, k=3",trunc(1),13,1,0.4,225,0.57778,0.94222
adapt,1,"w=4, k=3",trunc(1),13,1,0.5,225,0.57778,0.94222
adapt,1,"w=4, k=3",trunc(1),13,1,0.6,225,0.48889,0.94222
adapt,1,"w=4, k=3",trunc(1),13,1,0.7,225,0.52222,0.94222
adapt,1,"w=4, k=3",trunc(1),13,1,0.8,225,0.65556,0.94222
adapt,1,"w=4, k=3",trunc(1),13,1,0.9,225,0.54444,0.94222
adapt,1,"w=4, k=3",trunc(1),13,1,1.0,225,0.65556,0.94222
adapt,1,"w=4, k=3",trunc(1),18,0,0.0,252,0.67,0.65873
adapt,1,"w=4, k=3",trunc(1),18,0,0.1,252,0.67,0.65873
adapt,1,"w=4, k=3",trunc(1),18,0,0.2,252,0.67,0.65873
adapt,1,"w=4, k=3",trunc(1),18,0,0.3,252,0.67,0.65873
adapt,1,"w=4, k=3",trunc(1),18,0,0.4,252,0.67,0.65873
adapt,1,"w=4, k=3",trunc(1),18,0,0.5,252,0.67,0.65873
adapt,1,"w=4, k=3",trunc(1),18,0,0.6,252,0.67,0.65873
adapt,1,"w=4, k=3",trunc(1),18,0,0.7,252,0.67,0.65873
adapt,1,"w=4, k=3",trunc(1),18,0,0.8,252,0.67,0.65873
adapt,1,"w=4, k=3",trunc(1),18,0,0.9,252,0.67,0.65873
adapt,1,"w=4, k=3",trunc(1),18,0,1.0,252,0.67,0.65873
adapt,1,"w=4, k=3",trunc(1),20,1,0.0,245,0.56701,0.9102
adapt,1,"w=4, k=3",trunc(1),20,1,0.1,245,0.48454,0.9102
adapt,1,"w=4, k=3",trunc(1),20,1,0.2,245,0.53608,0.9102
adapt,1,"w=4, k=3",trunc(1),20,1,0.3,245,0.39175,0.9102
adapt,1,"w=4, k=3",trunc(1),20,1,0.4,245,0.42268,0.9102
adapt,1,"w=4, k=3",trunc(1),20,1,0.5,245,0.38144,0.9102
adapt,1,"w=4, k=3",trunc(1),20,1,0.6,245,0.40206,0.9102
adapt,1,"w=4, k=3",trunc(1),20,1,0.7,245,0.38144,0.9102
adapt,1,"w=4, k=3",trunc(1),20,1,0.8,245,0.36082,0.9102
adapt,1,"w=4, k=3",trunc(1),20,1,0.9,245,0.60825,0.9102
adapt,1,"w=4, k=3",trunc(1),20,1,1.0,245,0.62887,0.9102
adapt,1,"w=4, k=3",trunc(1),24,0,0.0,264,0.69524,0.73485
adapt,1,"w=4, k=3",trunc(1),24,0,0.1,264,0.69524,0.73485
adapt,1,"w=4, k=3",trunc(1),24,0,0.2,264,0.69524,0.73485
adapt,1,"w=4, k=3",trunc(1),24,0,0.3,264,0.69524,0.73485
adapt,1,"w=4, k=3",trunc(1),24,0,0.4,264,0.69524,0.73485
adapt,1,"w=4, k=3",trunc(1),24,0,0.5,264,0.69524,0.73485
adapt,1,"w=4, k=3",trunc(1),24,0,0.6,264,0.69524,0.73485
adapt,1,"w=4, k=3",trunc(1),24,0,0.7,264,0.69524,0.73485
adapt,1,"w=4, k=3",trunc(1),24,0,0.8,264,0.69524,0.73485
adapt,1,"w=4, k=3",trunc(1),24,0,0.9,264,0.69524,0.73485
adapt,1,"w=4, k=3",trunc(1),24,0,1.0,264,0.69524,0.73485
adapt,1,"w=4, k=3",satcomp(2),2,1,0.0,208,0.59756,0.86058
adapt,1,"w=4, k=3",satcomp(2),2,1,0.1,208,0.79268,0.86058
adapt,1,"w=4, k=3",satcomp(2),2,1,0.2,208,0.54878,0.86058
adapt,1,"w=4, k=3",satcomp(2),2,1,0.3,208,0.63415,0.86058
adapt,1,"w=4, k=3",satcomp(2),2,1,0.4,208,0.63415,0.86058
adapt,1,"w=4, k=3",satcomp(2),2,1,0.5,208,0.56098,0.86058
adapt,1,"w=4, k=3",satcomp(2),2,1,0.6,208,0.5,0.86058
adapt,1,"w=4, k=3",satcomp(2),2,1,0.7,208,0.54878,0.86058
adapt,1,"w=4, k=3",satcomp(2),2,1,0.8,208,0.70732,0.86058
adapt,1,"w=4, k=3",satcomp(2),2,1,0.9,208,0.92683,0.86058
adapt,1,"w=4, k=3",satcomp(2),2,1,1.0,208,0.85366,0.86058
adapt,1,"w=4, k=3",satcomp(2),4,0,0.0,220,0.49412,0.45455
adapt,1,"w=4, k=3",satcomp(2),4,0,0.1,220,0.49412,0.45455
adapt,1,"w=4, k=3",satcomp(2),4,0,0.2,220,0.49412,0.45455
adapt,1,"w=4, k=3",satcomp(2),4,0,0.3,220,0.49412,0.45455
adapt,1,"w=4, k=3",satcomp(2),4,0,0.4,220,0.49412,0.45455
adapt,1,"w=4, k=3",satcomp(2),4,0,0.5,220,0.49412,0.45455
adapt,1,"w=4, k=3",satcomp(2),4,0,0.6,220,0.49412,0.45455
adapt,1,"w=4, k=3",satcomp(2),4,0,0.7,220,0.49412,0.45455
adapt,1,"w=4, k=3",satcomp(2),4,0,0.8,220,0.49412,0.45455
adapt,1,"w=4, k=3",satcomp(2),4,0,0.9,220,0.49412,0.45455
adapt,1,"w=4, k=3",satcomp(2),4,0,1.0,220,0.49412,0.45455
adapt,1,"w=4, k=3",trunc(1),24,1,0.0,264,0.69524,0.91667
adapt,1,"w=4, k=3",trunc(1),24,1,0.1,264,0.61905,0.91667
adapt,1,"w=4, k=3",trunc(1),24,1,0.2,264,0.66667,0.91667
adapt,1,"w=4, k=3",trunc(1),24,1,0.3,264,0.66667,0.91667
adapt,1,"w=4, k=3",trunc(1),24,1,0.4,264,0.66667,0.91667
adapt,1,"w=4, k=3",trunc(1),24,1,0.5,264,0.67619,0.91667
adapt,1,"w=4, k=3",trunc(1),24,1,0.6,264,0.49524,0.91667
adapt,1,"w=4, k=3",trunc(1),24,1,0.7,264,0.58095,0.91667
adapt,1,"w=4, k=3",trunc(1),24,1,0.8,264,0.64762,0.91667
adapt,1,"w=4, k=3",trunc(1),24,1,0.9,264,0.68571,0.91667
adapt,1,"w=4, k=3",trunc(1),24,1,1.0,264,0.60952,0.91667
adapt,1,"w=4, k=3",satcomp(2),2,0,0.0,208,0.59756,0.52404
adapt,1,"w=4, k=3",satcomp(2),2,0,0.1,208,0.59756,0.52404
adapt,1,"w=4, k=3",satcomp(2),2,0,0.2,208,0.59756,0.52404
adapt,1,"w=4, k=3",satcomp(2),2,0,0.3,208,0.59756,0.52404
adapt,1,"w=4, k=3",satcomp(2),2,0,0.4,208,0.59756,0.52404
adapt,1,"w=4, k=3",satcomp(2),2,0,0.5,208,0.59756,0.52404
adapt,1,"w=4, k=3",satcomp(2),2,0,0.6,208,0.59756,0.52404
adapt,1,"w=4, k=3",satcomp(2),2,0,0.7,208,0.59756,0.52404
adapt,1,"w=4, k=3",satcomp(2),2,0,0.8,208,0.59756,0.52404
adapt,1,"w=4, k=3",satcomp(2),2,0,0.9,208,0.59756,0.52404
adapt,1,"w=4, k=3",satcomp(2),2,0,1.0,208,0.59756,0.52404
adapt,1,"w=4, k=3",satcomp(2),4,1,0.0,220,0.49412,0.84091
adapt,1,"w=4, k=3",satcomp(2),4,1,0.1,220,0.62353,0.84091
adapt,1,"w=4, k=3",satcomp(2),4,1,0.2,220,0.37647,0.84091
adapt,1,"w=4, k=3",satcomp(2),4,1,0.3,220,0.6,0.84091
adapt,1,"w=4, k=3",satcomp(2),4,1,0.4,220,0.49412,0.84091
adapt,1,"w=4, k=3",satcomp(2),4,1,0.5,220,0.49412,0.84091
adapt,1,"w=4, k=3",satcomp(2),4,1,0.6,220,0.36471,0.84091
adapt,1,"w=4, k=3",satcomp(2),4,1,0.7,220,0.48235,0.84091
adapt,1,"w=4, k=3",satcomp(2),4,1,0.8,220,0.69412,0.84091
adapt,1,"w=4, k=3",satcomp(2),4,1,0.9,220,0.68235,0.84091
adapt,1,"w=4, k=3",satcomp(2),4,1,1.0,220,0.63529,0.84091
adapt,1,"w=4, k=3",satcomp(2),9,0,0.0,200,0.48684,0.525
adapt,1,"w=4, k=3",satcomp(2),9,0,0.1,200,0.48684,0.525
adapt,1,"w=4, k=3",satcomp(2),9,0,0.2,200,0.48684,0.525
adapt,1,"w=4, k=3",satcomp(2),9,0,0.3,200,0.48684,0.525
adapt,1,"w=4, k=3",satcomp(2),9,0,0.4,200,0.48684,0.525
adapt,1,"w=4, k=3",satcomp(2),9,0,0.5,200,0.48684,0.525
adapt,1,"w=4, k=3",satcomp(2),9,0,0.6,200,0.48684,0.525
adapt,1,"w=4, k=3",satcomp(2),9,0,0.7,200,0.48684,0.525
adapt,1,"w=4, k=3",satcomp(2),9,0,0.8,200,0.48684,0.525
adapt,1,"w=4, k=3",satcomp(2),9,0,0.9,200,0.48684,0.525
adapt,1,"w=4, k=3",satcomp(2),9,0,1.0,200,0.48684,0.525
adapt,1,"w=4, k=3",satcomp(2),9,1,0.0,200,0.48684,0.83
adapt,1,"w=4, k=3",satcomp(2),9,1,0.1,200,0.64474,0.83
adapt,1,"w=4, k=3",satcomp(2),9,1,0.2,200,0.5,0.83
adapt,1,"w=4, k=3",satcomp(2),9,1,0.3,200,0.5,0.83
adapt,1,"w=4, k=3",satcomp(2),9,1,0.4,200,0.56579,0.83
adapt,1,"w=4, k=3",satcomp(2),9,1,0.5,200,0.46053,0.83
adapt,1,"w=4, k=3",satcomp(2),9,1,0.6,200,0.57895,0.83
adapt,1,"w=4, k=3",satcomp(2),9,1,0.7,200,0.57895,0.83
adapt,1,"w=4, k=3",satcomp(2),9,1,0.8,200,0.60526,0.83
adapt,1,"w=4, k=3",satcomp(2),9,1,0.9,200,0.63158,0.83
adapt,1,"w=4, k=3",satcomp(2),9,1,1.0,200,0.68421,0.83
adapt,1,"w=4, k=3",satcomp(2),10,0,0.0,202,0.4625,0.56436
adapt,1,"w=4, k=3",satcomp(2),10,0,0.1,202,0.4625,0.56436
adapt,1,"w=4, k=3",satcomp(2),10,0,0.2,202,0.4625,0.56436
adapt,1,"w=4, k=3",satcomp(2),10,0,0.3,202,0.4625,0.56436
adapt,1,"w=4, k=3",satcomp(2),10,0,0.4,202,0.4625,0.56436
adapt,1,"w=4, k=3",satcomp(2),10,0,0.5,202,0.4625,0.56436
adapt,1,"w=4, k=3",satcomp(2),10,0,0.6,202,0.4625,0.56436
adapt,1,"w=4, k=3",satcomp(2),10,0,0.7,202,0.4625,0.56436
adapt,1,"w=4, k=3",satcomp(2),10,0,0.8,202,0.4625,0.56436
adapt,1,"w=4, k=3",satcomp(2),10,0,0.9,202,0.4625,0.56436
adapt,1,"w=4, k=3",satcomp(2),10,0,1.0,202,0.4625,0.56436
adapt,1,"w=4, k=3",satcomp(2),10,1,0.0,202,0.4625,0.84653
adapt,1,"w=4, k=3",satcomp(2),10,1,0.1,202,0.55,0.84653
adapt,1,"w=4, k=3",satcomp(2),10,1,0.2,202,0.525,0.84653
adapt,1,"w=4, k=3",satcomp(2),10,1,0.3,202,0.5625,0.84653
adapt,1,"w=4, k=3",satcomp(2),10,1,0.4,202,0.5625,0.84653
adapt,1,"w=4, k=3",satcomp(2),10,1,0.5,202,0.5625,0.84653
adapt,1,"w=4, k=3",satcomp(2),10,1,0.6,202,0.5375,0.84653
adapt,1,"w=4, k=3",satcomp(2),10,1,0.7,202,0.4625,0.84653
adapt,1,"w=4, k=3",satcomp(2),10,1,0.8,202,0.5375,0.84653
adapt,1,"w=4, k=3",satcomp(2),10,1,0.9,202,0.5625,0.84653
adapt,1,"w=4, k=3",satcomp(2),10,1,1.0,202,0.6,0.84653
adapt,1,"w=4, k=3",satcomp(2),12,0,0.0,222,0.44186,0.43694
adapt,1,"w=4, k=3",satcomp(2),12,0,0.1,222,0.44186,0.43694
adapt,1,"w=4, k=3",satcomp(2),12,0,0.2,222,0.44186,0.43694
adapt,1,"w=4, k=3",satcomp(2),12,0,0.3,222,0.44186,0.43694
adapt,1,"w=4, k=3",satcomp(2),12,0,0.4,222,0.44186,0.43694
adapt,1,"w=4, k=3",satcomp(2),12,0,0.5,222,0.44186,0.43694
adapt,1,"w=4, k=3",satcomp(2),12,0,0.6,222,0.44186,0.43694
adapt,1,"w=4, k=3",satcomp(2),12,0,0.7,222,0.44186,0.43694
adapt,1,"w=4, k=3",satcomp(2),12,0,0.8,222,0.44186,0.43694
adapt,1,"w=4, k=3",satcomp(2),12,0,0.9,222,0.44186,0.43694
adapt,1,"w=4, k=3",satcomp(2),12,0,1.0,222,0.44186,0.43694
adapt,1,"w=4, k=3",satcomp(2),13,1,0.0,225,0.54444,0.88444
adapt,1,"w=4, k=3",satcomp(2),13,1,0.1,225,0.72222,0.88444
adapt,1,"w=4, k=3",satcomp(2),13,1,0.2,225,0.5,0.88444
adapt,1,"w=4, k=3",satcomp(2),13,1,0.3,225,0.67778,0.88444
adapt,1,"w=4, k=3",satcomp(2),13,1,0.4,225,0.67778,0.88444
adapt,1,"w=4, k=3",satcomp(2),13,1,0.5,225,0.7,0.88444
adapt,1,"w=4, k=3",satcomp(2),13,1,0.6,225,0.63333,0.88444
adapt,1,"w=4, k=3",satcomp(2),13,1,0.7,225,0.63333,0.88444
adapt,1,"w=4, k=3",satcomp(2),13,1,0.8,225,0.6,0.88444
adapt,1,"w=4, k=3",satcomp(2),13,1,0.9,225,0.55556,0.88444
adapt,1,"w=4, k=3",satcomp(2),13,1,1.0,225,0.62222,0.88444
adapt,1,"w=4, k=3",satcomp(2),18,0,0.0,252,0.33,0.35317
adapt,1,"w=4, k=3",satcomp(2),18,0,0.1,252,0.33,0.35317
adapt,1,"w=4, k=3",satcomp(2),18,0,0.2,252,0.33,0.35317
adapt,1,"w=4, k=3",satcomp(2),18,0,0.3,252,0.33,0.35317
adapt,1,"w=4, k=3",satcomp(2),18,0,0.4,252,0.33,0.35317
adapt,1,"w=4, k=3",satcomp(2),18,0,0.5,252,0.33,0.35317
adapt,1,"w=4, k=3",satcomp(2),18,0,0.6,252,0.33,0.35317
adapt,1,"w=4, k=3",satcomp(2),18,0,0.7,252,0.33,0.35317
adapt,1,"w=4, k=3",satcomp(2),18,0,0.8,252,0.33,0.35317
adapt,1,"w=4, k=3",satcomp(2),18,0,0.9,252,0.33,0.35317
adapt,1,"w=4, k=3",satcomp(2),18,0,1.0,252,0.33,0.35317
adapt,1,"w=4, k=3",satcomp(2),12,1,0.0,222,0.44186,0.82883
adapt,1,"w=4, k=3",satcomp(2),12,1,0.1,222,0.60465,0.82883
adapt,1,"w=4, k=3",satcomp(2),12,1,0.2,222,0.39535,0.82883
adapt,1,"w=4, k=3",satcomp(2),12,1,0.3,222,0.43023,0.82883
adapt,1,"w=4, k=3",satcomp(2),12,1,0.4,222,0.60465,0.82883
adapt,1,"w=4, k=3",satcomp(2),12,1,0.5,222,0.5,0.82883
adapt,1,"w=4, k=3",satcomp(2),12,1,0.6,222,0.51163,0.82883
adapt,1,"w=4, k=3",satcomp(2),12,1,0.7,222,0.36047,0.82883
adapt,1,"w=4, k=3",satcomp(2),12,1,0.8,222,0.55814,0.82883
adapt,1,"w=4, k=3",satcomp(2),12,1,0.9,222,0.66279,0.82883
adapt,1,"w=4, k=3",satcomp(2),12,1,1.0,222,0.59302,0.82883
adapt,1,"w=4, k=3",satcomp(2),13,0,0.0,225,0.54444,0.52889
adapt,1,"w=4, k=3",satcomp(2),13,0,0.1,225,0.54444,0.52889
adapt,1,"w=4, k=3",satcomp(2),13,0,0.2,225,0.54444,0.52889
adapt,1,"w=4, k=3",satcomp(2),13,0,0.3,225,0.54444,0.52889
adapt,1,"w=4, k=3",satcomp(2),13,0,0.4,225,0.54444,0.52889
adapt,1,"w=4, k=3",satcomp(2),13,0,0.5,225,0.54444,0.52889
adapt,1,"w=4, k=3",satcomp(2),13,0,0.6,225,0.54444,0.52889
adapt,1,"w=4, k=3",satcomp(2),13,0,0.7,225,0.54444,0.52889
adapt,1,"w=4, k=3",satcomp(2),13,0,0.8,225,0.54444,0.52889
adapt,1,"w=4, k=3",satcomp(2),13,0,0.9,225,0.54444,0.52889
adapt,1,"w=4, k=3",satcomp(2),13,0,1.0,225,0.54444,0.52889
adapt,1,"w=4, k=3",satcomp(2),18,1,0.0,252,0.33,0.81746
adapt,1,"w=4, k=3",satcomp(2),18,1,0.1,252,0.46,0.81746
adapt,1,"w=4, k=3",satcomp(2),18,1,0.2,252,0.46,0.81746
adapt,1,"w=4, k=3",satcomp(2),18,1,0.3,252,0.36,0.81746
adapt,1,"w=4, k=3",satcomp(2),18,1,0.4,252,0.36,0.81746
adapt,1,"w=4, k=3",satcomp(2),18,1,0.5,252,0.45,0.81746
adapt,1,"w=4, k=3",satcomp(2),18,1,0.6,252,0.48,0.81746
adapt,1,"w=4, k=3",satcomp(2),18,1,0.7,252,0.41,0.81746
adapt,1,"w=4, k=3",satcomp(2),18,1,0.8,252,0.66,0.81746
adapt,1,"w=4, k=3",satcomp(2),18,1,0.9,252,0.74,0.81746
adapt,1,"w=4, k=3",satcomp(2),18,1,1.0,252,0.68,0.81746
adapt,1,"w=4, k=3",satcomp(2),20,0,0.0,245,0.45361,0.45714
adapt,1,"w=4, k=3",satcomp(2),20,0,0.1,245,0.45361,0.45714
adapt,1,"w=4, k=3",satcomp(2),20,0,0.2,245,0.45361,0.45714
adapt,1,"w=4, k=3",satcomp(2),20,0,0.3,245,0.45361,0.45714
adapt,1,"w=4, k=3",satcomp(2),20,0,0.4,245,0.45361,0.45714
adapt,1,"w=4, k=3",satcomp(2),20,0,0.5,245,0.45361,0.45714
adapt,1,"w=4, k=3",satcomp(2),20,0,0.6,245,0.45361,0.45714
adapt,1,"w=4, k=3",satcomp(2),20,0,0.7,245,0.45361,0.45714
adapt,1,"w=4, k=3",satcomp(2),20,0,0.8,245,0.45361,0.45714
adapt,1,"w=4, k=3",satcomp(2),20,0,0.9,245,0.45361,0.45714
adapt,1,"w=4, k=3",satcomp(2),20,0,1.0,245,0.45361,0.45714
adapt,1,"w=4, k=3",satcomp(2),20,1,0.0,245,0.45361,0.86122
adapt,1,"w=4, k=3",satcomp(2),20,1,0.1,245,0.60825,0.86122
adapt,1,"w=4, k=3",satcomp(2),20,1,0.2,245,0.59794,0.86122
adapt,1,"w=4, k=3",satcomp(2),20,1,0.3,245,0.39175,0.86122
adapt,1,"w=4, k=3",satcomp(2),20,1,0.4,245,0.58763,0.86122
adapt,1,"w=4, k=3",satcomp(2),20,1,0.5,245,0.48454,0.86122
adapt,1,"w=4, k=3",satcomp(2),20,1,0.6,245,0.50515,0.86122
adapt,1,"w=4, k=3",satcomp(2),20,1,0.7,245,0.53608,0.86122
adapt,1,"w=4, k=3",satcomp(2),20,1,0.8,245,0.65979,0.86122
adapt,1,"w=4, k=3",satcomp(2),20,1,0.9,245,0.64948,0.86122
adapt,1,"w=4, k=3",satcomp(2),20,1,1.0,245,0.62887,0.86122
adapt,1,"w=4, k=3",satcomp(2),24,0,0.0,264,0.48571,0.40909
adapt,1,"w=4, k=3",satcomp(2),24,0,0.1,264,0.48571,0.40909
adapt,1,"w=4, k=3",satcomp(2),24,0,0.2,264,0.48571,0.40909
adapt,1,"w=4, k=3",satcomp(2),24,0,0.3,264,0.48571,0.40909
adapt,1,"w=4, k=3",satcomp(2),24,0,0.4,264,0.48571,0.40909
adapt,1,"w=4, k=3",satcomp(2),24,0,0.5,264,0.48571,0.40909
adapt,1,"w=4, k=3",satcomp(2),24,0,0.6,264,0.48571,0.40909
adapt,1,"w=4, k=3",satcomp(2),24,0,0.7,264,0.48571,0.40909
adapt,1,"w=4, k=3",satcomp(2),24,0,0.8,264,0.48571,0.40909
adapt,1,"w=4, k=3",satcomp(2),24,0,0.9,264,0.48571,0.40909
adapt,1,"w=4, k=3",satcomp(2),24,0,1.0,264,0.48571,0.40909
adapt,1,"w=4, k=3",sampled(4),2,1,0.0,208,0.59756,0.86538
adapt,1,"w=4, k=3",sampled(4),2,1,0.1,208,0.59756,0.86538
adapt,1,"w=4, k=3",sampled(4),2,1,0.2,208,0.59756,0.86538
adapt,1,"w=4, k=3",sampled(4),2,1,0.3,208,0.59756,0.86538
adapt,1,"w=4, k=3",sampled(4),2,1,0.4,208,0.7561,0.86538
adapt,1,"w=4, k=3",sampled(4),2,1,0.5,208,0.7439,0.86538
adapt,1,"w=4, k=3",sampled(4),2,1,0.6,208,0.71951,0.86538
adapt,1,"w=4, k=3",sampled(4),2,1,0.7,208,0.69512,0.86538
adapt,1,"w=4, k=3",sampled(4),2,1,0.8,208,0.84146,0.86538
adapt,1,"w=4, k=3",sampled(4),2,1,0.9,208,0.80488,0.86538
adapt,1,"w=4, k=3",sampled(4),2,1,1.0,208,0.86585,0.86538
adapt,1,"w=4, k=3",sampled(4),4,0,0.0,220,0.45882,0.44091
adapt,1,"w=4, k=3",sampled(4),4,0,0.1,220,0.45882,0.44091
adapt,1,"w=4, k=3",sampled(4),4,0,0.2,220,0.45882,0.44091
adapt,1,"w=4, k=3",sampled(4),4,0,0.3,220,0.45882,0.44091
adapt,1,"w=4, k=3",sampled(4),4,0,0.4,220,0.45882,0.44091
adapt,1,"w=4, k=3",sampled(4),4,0,0.5,220,0.45882,0.44091
adapt,1,"w=4, k=3",sampled(4),4,0,0.6,220,0.45882,0.44091
adapt,1,"w=4, k=3",sampled(4),4,0,0.7,220,0.45882,0.44091
adapt,1,"w=4, k=3",sampled(4),4,0,0.8,220,0.45882,0.44091
adapt,1,"w=4, k=3",sampled(4),4,0,0.9,220,0.45882,0.44091
adapt,1,"w=4, k=3",sampled(4),4,0,1.0,220,0.45882,0.44091
adapt,1,"w=4, k=3",sampled(4),9,1,0.0,200,0.42105,0.875
adapt,1,"w=4, k=3",sampled(4),9,1,0.1,200,0.42105,0.875
adapt,1,"w=4, k=3",sampled(4),9,1,0.2,200,0.61842,0.875
adapt,1,"w=4, k=3",sampled(4),9,1,0.3,200,0.5,0.875
adapt,1,"w=4, k=3",sampled(4),9,1,0.4,200,0.47368,0.875
adapt,1,"w=4, k=3",sampled(4),9,1,0.5,200,0.43421,0.875
adapt,1,"w=4, k=3",sampled(4),9,1,0.6,200,0.51316,0.875
adapt,1,"w=4, k=3",sampled(4),9,1,0.7,200,0.52632,0.875
adapt,1,"w=4, k=3",sampled(4),9,1,0.8,200,0.61842,0.875
adapt,1,"w=4, k=3",sampled(4),9,1,0.9,200,0.69737,0.875
adapt,1,"w=4, k=3",sampled(4),9,1,1.0,200,0.65789,0.875
adapt,1,"w=4, k=3",sampled(4),10,0,0.0,202,0.35,0.50495
adapt,1,"w=4, k=3",sampled(4),10,0,0.1,202,0.35,0.50495
adapt,1,"w=4, k=3",sampled(4),10,0,0.2,202,0.35,0.50495
adapt,1,"w=4, k=3",sampled(4),10,0,0.3,202,0.35,0.50495
adapt,1,"w=4, k=3",sampled(4),10,0,0.4,202,0.35,0.50495
adapt,1,"w=4, k=3",sampled(4),10,0,0.5,202,0.35,0.50495
adapt,1,"w=4, k=3",sampled(4),10,0,0.6,202,0.35,0.50495
adapt,1,"w=4, k=3",sampled(4),10,0,0.7,202,0.35,0.50495
adapt,1,"w=4, k=3",sampled(4),10,0,0.8,202,0.35,0.50495
adapt,1,"w=4, k=3",sampled(4),10,0,0.9,202,0.35,0.50495
adapt,1,"w=4, k=3",sampled(4),10,0,1.0,202,0.35,0.50495
adapt,1,"w=4, k=3",sampled(4),4,1,0.0,220,0.45882,0.85
adapt,1,"w=4, k=3",sampled(4),4,1,0.1,220,0.45882,0.85
adapt,1,"w=4, k=3",sampled(4),4,1,0.2,220,0.34118,0.85
adapt,1,"w=4, k=3",sampled(4),4,1,0.3,220,0.57647,0.85
adapt,1,"w=4, k=3",sampled(4),4,1,0.4,220,0.62353,0.85
adapt,1,"w=4, k=3",sampled(4),4,1,0.5,220,0.56471,0.85
adapt,1,"w=4, k=3",sampled(4),4,1,0.6,220,0.41176,0.85
adapt,1,"w=4, k=3",sampled(4),4,1,0.7,220,0.55294,0.85
adapt,1,"w=4, k=3",sampled(4),4,1,0.8,220,0.74118,0.85
adapt,1,"w=4, k=3",sampled(4),4,1,0.9,220,0.76471,0.85
adapt,1,"w=4, k=3",sampled(4),4,1,1.0,220,0.69412,0.85
adapt,1,"w=4, k=3",sampled(4),9,0,0.0,200,0.42105,0.51
adapt,1,"w=4, k=3",sampled(4),9,0,0.1,200,0.42105,0.51
adapt,1,"w=4, k=3",sampled(4),9,0,0.2,200,0.42105,0.51
adapt,1,"w=4, k=3",sampled(4),9,0,0.3,200,0.42105,0.51
adapt,1,"w=4, k=3",sampled(4),9,0,0.4,200,0.42105,0.51
adapt,1,"w=4, k=3",sampled(4),9,0,0.5,200,0.42105,0.51
adapt,1,"w=4, k=3",sampled(4),9,0,0.6,200,0.42105,0.51
adapt,1,"w=4, k=3",sampled(4),9,0,0.7,200,0.42105,0.51
adapt,1,"w=4, k=3",sampled(4),9,0,0.8,200,0.42105,0.51
adapt,1,"w=4, k=3",sampled(4),9,0,0.9,200,0.42105,0.51
adapt,1,"w=4, k=3",sampled(4),9,0,1.0,200,0.42105,0.51
adapt,1,"w=4, k=3",satcomp(2),24,1,0.0,264,0.48571,0.85985
adapt,1,"w=4, k=3",satcomp(2),24,1,0.1,264,0.6381,0.85985
adapt,1,"w=4, k=3",satcomp(2),24,1,0.2,264,0.58095,0.85985
adapt,1,"w=4, k=3",satcomp(2),24,1,0.3,264,0.58095,0.85985
adapt,1,"w=4, k=3",satcomp(2),24,1,0.4,264,0.61905,0.85985
adapt,1,"w=4, k=3",satcomp(2),24,1,0.5,264,0.60952,0.85985
adapt,1,"w=4, k=3",satcomp(2),24,1,0.6,264,0.4,0.85985
adapt,1,"w=4, k=3",satcomp(2),24,1,0.7,264,0.70476,0.85985
adapt,1,"w=4, k=3",satcomp(2),24,1,0.8,264,0.69524,0.85985
adapt,1,"w=4, k=3",satcomp(2),24,1,0.9,264,0.68571,0.85985
adapt,1,"w=4, k=3",satcomp(2),24,1,1.0,264,0.70476,0.85985
adapt,1,"w=4, k=3",sampled(4),2,0,0.0,208,0.59756,0.60096
adapt,1,"w=4, k=3",sampled(4),2,0,0.1,208,0.59756,0.60096
adapt,1,"w=4, k=3",sampled(4),2,0,0.2,208,0.59756,0.60096
adapt,1,"w=4, k=3",sampled(4),2,0,0.3,208,0.59756,0.60096
adapt,1,"w=4, k=3",sampled(4),2,0,0.4,208,0.59756,0.60096
adapt,1,"w=4, k=3",sampled(4),2,0,0.5,208,0.59756,0.60096
adapt,1,"w=4, k=3",sampled(4),2,0,0.6,208,0.59756,0.60096
adapt,1,"w=4, k=3",sampled(4),2,0,0.7,208,0.59756,0.60096
adapt,1,"w=4, k=3",sampled(4),2,0,0.8,208,0.59756,0.60096
adapt,1,"w=4, k=3",sampled(4),2,0,0.9,208,0.59756,0.60096
adapt,1,"w=4, k=3",sampled(4),2,0,1.0,208,0.59756,0.60096
adapt,1,"w=4, k=3",sampled(4),12,1,0.0,222,0.47674,0.84685
adapt,1,"w=4, k=3",sampled(4),12,1,0.1,222,0.47674,0.84685
adapt,1,"w=4, k=3",sampled(4),12,1,0.2,222,0.53488,0.84685
adapt,1,"w=4, k=3",sampled(4),12,1,0.3,222,0.56977,0.84685
adapt,1,"w=4, k=3",sampled(4),12,1,0.4,222,0.5814,0.84685
adapt,1,"w=4, k=3",sampled(4),12,1,0.5,222,0.56977,0.84685
adapt,1,"w=4, k=3",sampled(4),12,1,0.6,222,0.55814,0.84685
adapt,1,"w=4, k=3",sampled(4),12,1,0.7,222,0.48837,0.84685
adapt,1,"w=4, k=3",sampled(4),12,1,0.8,222,0.62791,0.84685
adapt,1,"w=4, k=3",sampled(4),12,1,0.9,222,0.44186,0.84685
adapt,1,"w=4, k=3",sampled(4),12,1,1.0,222,0.44186,0.84685
adapt,1,"w=4, k=3",sampled(4),13,0,0.0,225,0.52222,0.53333
adapt,1,"w=4, k=3",sampled(4),13,0,0.1,225,0.52222,0.53333
adapt,1,"w=4, k=3",sampled(4),13,0,0.2,225,0.52222,0.53333
adapt,1,"w=4, k=3",sampled(4),13,0,0.3,225,0.52222,0.53333
adapt,1,"w=4, k=3",sampled(4),13,0,0.4,225,0.52222,0.53333
adapt,1,"w=4, k=3",sampled(4),13,0,0.5,225,0.52222,0.53333
adapt,1,"w=4, k=3",sampled(4),13,0,0.6,225,0.52222,0.53333
adapt,1,"w=4, k=3",sampled(4),13,0,0.7,225,0.52222,0.53333
adapt,1,"w=4, k=3",sampled(4),13,0,0.8,225,0.52222,0.53333
adapt,1,"w=4, k=3",sampled(4),13,0,0.9,225,0.52222,0.53333
adapt,1,"w=4, k=3",sampled(4),13,0,1.0,225,0.52222,0.53333
adapt,1,"w=4, k=3",sampled(4),10,1,0.0,202,0.35,0.88119
adapt,1,"w=4, k=3",sampled(4),10,1,0.1,202,0.35,0.88119
adapt,1,"w=4, k=3",sampled(4),10,1,0.2,202,0.525,0.88119
adapt,1,"w=4, k=3",sampled(4),10,1,0.3,202,0.5,0.88119
adapt,1,"w=4, k=3",sampled(4),10,1,0.4,202,0.575,0.88119
adapt,1,"w=4, k=3",sampled(4),10,1,0.5,202,0.5125,0.88119
adapt,1,"w=4, k=3",sampled(4),10,1,0.6,202,0.5375,0.88119
adapt,1,"w=4, k=3",sampled(4),10,1,0.7,202,0.5,0.88119
adapt,1,"w=4, k=3",sampled(4),10,1,0.8,202,0.525,0.88119
adapt,1,"w=4, k=3",sampled(4),10,1,0.9,202,0.6,0.88119
adapt,1,"w=4, k=3",sampled(4),10,1,1.0,202,0.65,0.88119
adapt,1,"w=4, k=3",sampled(4),12,0,0.0,222,0.47674,0.5
adapt,1,"w=4, k=3",sampled(4),12,0,0.1,222,0.47674,0.5
adapt,1,"w=4, k=3",sampled(4),12,0,0.2,222,0.47674,0.5
adapt,1,"w=4, k=3",sampled(4),12,0,0.3,222,0.47674,0.5
adapt,1,"w=4, k=3",sampled(4),12,0,0.4,222,0.47674,0.5
adapt,1,"w=4, k=3",sampled(4),12,0,0.5,222,0.47674,0.5
adapt,1,"w=4, k=3",sampled(4),12,0,0.6,222,0.47674,0.5
adapt,1,"w=4, k=3",sampled(4),12,0,0.7,222,0.47674,0.5
adapt,1,"w=4, k=3",sampled(4),12,0,0.8,222,0.47674,0.5
adapt,1,"w=4, k=3",sampled(4),12,0,0.9,222,0.47674,0.5
adapt,1,"w=4, k=3",sampled(4),12,0,1.0,222,0.47674,0.5
adapt,1,"w=4, k=3",sampled(4),13,1,0.0,225,0.52222,0.88889
adapt,1,"w=4, k=3",sampled(4),13,1,0.1,225,0.52222,0.88889
adapt,1,"w=4, k=3",sampled(4),13,1,0.2,225,0.51111,0.88889
adapt,1,"w=4, k=3",sampled(4),13,1,0.3,225,0.55556,0.88889
adapt,1,"w=4, k=3",sampled(4),13,1,0.4,225,0.56667,0.88889
adapt,1,"w=4, k=3",sampled(4),13,1,0.5,225,0.54444,0.88889
adapt,1,"w=4, k=3",sampled(4),13,1,0.6,225,0.54444,0.88889
adapt,1,"w=4, k=3",sampled(4),13,1,0.7,225,0.55556,0.88889
adapt,1,"w=4, k=3",sampled(4),13,1,0.8,225,0.67778,0.88889
adapt,1,"w=4, k=3",sampled(4),13,1,0.9,225,0.51111,0.88889
adapt,1,"w=4, k=3",sampled(4),13,1,1.0,225,0.56667,0.88889
adapt,1,"w=4, k=3",sampled(4),18,0,0.0,252,0.45,0.38095
adapt,1,"w=4, k=3",sampled(4),18,0,0.1,252,0.45,0.38095
adapt,1,"w=4, k=3",sampled(4),18,0,0.2,252,0.45,0.38095
adapt,1,"w=4, k=3",sampled(4),18,0,0.3,252,0.45,0.38095
adapt,1,"w=4, k=3",sampled(4),18,0,0.4,252,0.45,0.38095
adapt,1,"w=4, k=3",sampled(4),18,0,0.5,252,0.45,0.38095
adapt,1,"w=4, k=3",sampled(4),18,0,0.6,252,0.45,0.38095
adapt,1,"w=4, k=3",sampled(4),18,0,0.7,252,0.45,0.38095
adapt,1,"w=4, k=3",sampled(4),18,0,0.8,252,0.45,0.38095
adapt,1,"w=4, k=3",sampled(4),18,0,0.9,252,0.45,0.38095
adapt,1,"w=4, k=3",sampled(4),18,0,1.0,252,0.45,0.38095
adapt,1,"w=4, k=3",sampled(4),20,1,0.0,245,0.40206,0.85306
adapt,1,"w=4, k=3",sampled(4),20,1,0.1,245,0.40206,0.85306
adapt,1,"w=4, k=3",sampled(4),20,1,0.2,245,0.59794,0.85306
adapt,1,"w=4, k=3",sampled(4),20,1,0.3,245,0.42268,0.85306
adapt,1,"w=4, k=3",sampled(4),20,1,0.4,245,0.54639,0.85306
adapt,1,"w=4, k=3",sampled(4),20,1,0.5,245,0.46392,0.85306
adapt,1,"w=4, k=3",sampled(4),20,1,0.6,245,0.42268,0.85306
adapt,1,"w=4, k=3",sampled(4),20,1,0.7,245,0.48454,0.85306
adapt,1,"w=4, k=3",sampled(4),20,1,0.8,245,0.62887,0.85306
adapt,1,"w=4, k=3",sampled(4),20,1,0.9,245,0.65979,0.85306
adapt,1,"w=4, k=3",sampled(4),20,1,1.0,245,0.68041,0.85306
adapt,1,"w=4, k=3",sampled(4),24,0,0.0,264,0.64762,0.53409
adapt,1,"w=4, k=3",sampled(4),24,0,0.1,264,0.64762,0.53409
adapt,1,"w=4, k=3",sampled(4),24,0,0.2,264,0.64762,0.53409
adapt,1,"w=4, k=3",sampled(4),24,0,0.3,264,0.64762,0.53409
adapt,1,"w=4, k=3",sampled(4),24,0,0.4,264,0.64762,0.53409
adapt,1,"w=4, k=3",sampled(4),24,0,0.5,264,0.64762,0.53409
adapt,1,"w=4, k=3",sampled(4),24,0,0.6,264,0.64762,0.53409
adapt,1,"w=4, k=3",sampled(4),24,0,0.7,264,0.64762,0.53409
adapt,1,"w=4, k=3",sampled(4),24,0,0.8,264,0.64762,0.53409
adapt,1,"w=4, k=3",sampled(4),24,0,0.9,264,0.64762,0.53409
adapt,1,"w=4, k=3",sampled(4),24,0,1.0,264,0.64762,0.53409
adapt,1,"w=4, k=3",sampled(4),18,1,0.0,252,0.45,0.84127
adapt,1,"w=4, k=3",sampled(4),18,1,0.1,252,0.45,0.84127
adapt,1,"w=4, k=3",sampled(4),18,1,0.2,252,0.59,0.84127
adapt,1,"w=4, k=3",sampled(4),18,1,0.3,252,0.5,0.84127
adapt,1,"w=4, k=3",sampled(4),18,1,0.4,252,0.5,0.84127
adapt,1,"w=4, k=3",sampled(4),18,1,0.5,252,0.54,0.84127
adapt,1,"w=4, k=3",sampled(4),18,1,0.6,252,0.54,0.84127
adapt,1,"w=4, k=3",sampled(4),18,1,0.7,252,0.42,0.84127
adapt,1,"w=4, k=3",sampled(4),18,1,0.8,252,0.68,0.84127
adapt,1,"w=4, k=3",sampled(4),18,1,0.9,252,0.63,0.84127
adapt,1,"w=4, k=3",sampled(4),18,1,1.0,252,0.69,0.84127
adapt,1,"w=4, k=3",sampled(4),20,0,0.0,245,0.40206,0.49796
adapt,1,"w=4, k=3",sampled(4),20,0,0.1,245,0.40206,0.49796
adapt,1,"w=4, k=3",sampled(4),20,0,0.2,245,0.40206,0.49796
adapt,1,"w=4, k=3",sampled(4),20,0,0.3,245,0.40206,0.49796
adapt,1,"w=4, k=3",sampled(4),20,0,0.4,245,0.40206,0.49796
adapt,1,"w=4, k=3",sampled(4),20,0,0.5,245,0.40206,0.49796
adapt,1,"w=4, k=3",sampled(4),20,0,0.6,245,0.40206,0.49796
adapt,1,"w=4, k=3",sampled(4),20,0,0.7,245,0.40206,0.49796
adapt,1,"w=4, k=3",sampled(4),20,0,0.8,245,0.40206,0.49796
adapt,1,"w=4, k=3",sampled(4),20,0,0.9,245,0.40206,0.49796
adapt,1,"w=4, k=3",sampled(4),20,0,1.0,245,0.40206,0.49796
adapt,1,"w=4, k=3",sampled(4),24,1,0.0,264,0.64762,0.90152
adapt,1,"w=4, k=3",sampled(4),24,1,0.1,264,0.64762,0.90152
adapt,1,"w=4, k=3",sampled(4),24,1,0.2,264,0.78095,0.90152
adapt,1,"w=4, k=3",sampled(4),24,1,0.3,264,0.78095,0.90152
adapt,1,"w=4, k=3",sampled(4),24,1,0.4,264,0.72381,0.90152
adapt,1,"w=4, k=3",sampled(4),24,1,0.5,264,0.68571,0.90152
adapt,1,"w=4, k=3",sampled(4),24,1,0.6,264,0.71429,0.90152
adapt,1,"w=4, k=3",sampled(4),24,1,0.7,264,0.66667,0.90152
adapt,1,"w=4, k=3",sampled(4),24,1,0.8,264,0.8,0.90152
adapt,1,"w=4, k=3",sampled(4),24,1,0.9,264,0.82857,0.90152
adapt,1,"w=4, k=3",sampled(4),24,1,1.0,264,0.8,0.90152
adapt,2,w=8,exact,2,0,0.0,208,0.89024,0.85577
adapt,2,w=8,exact,2,0,0.1,208,0.89024,0.85577
adapt,2,w=8,exact,2,0,0.2,208,0.89024,0.85577
adapt,2,w=8,exact,2,0,0.3,208,0.89024,0.85577
adapt,2,w=8,exact,2,0,0.4,208,0.89024,0.85577
adapt,2,w=8,exact,2,0,0.5,208,0.89024,0.85577
adapt,2,w=8,exact,2,0,0.6,208,0.89024,0.85577
adapt,2,w=8,exact,2,0,0.7,208,0.89024,0.85577
adapt,2,w=8,exact,2,0,0.8,208,0.89024,0.85577
adapt,2,w=8,exact,2,0,0.9,208,0.89024,0.85577
adapt,2,w=8,exact,2,0,1.0,208,0.89024,0.85577
adapt,2,w=8,exact,2,1,0.0,208,0.89024,0.93269
adapt,2,w=8,exact,2,1,0.1,208,0.86585,0.93269
adapt,2,w=8,exact,2,1,0.2,208,0.79268,0.93269
adapt,2,w=8,exact,2,1,0.3,208,0.79268,0.93269
adapt,2,w=8,exact,2,1,0.4,208,0.79268,0.93269
adapt,2,w=8,exact,2,1,0.5,208,0.79268,0.93269
adapt,2,w=8,exact,2,1,0.6,208,0.80488,0.93269
adapt,2,w=8,exact,2,1,0.7,208,0.84146,0.93269
adapt,2,w=8,exact,2,1,0.8,208,0.86585,0.93269
adapt,2,w=8,exact,2,1,0.9,208,0.86585,0.93269
adapt,2,w=8,exact,2,1,1.0,208,0.93902,0.93269
adapt,2,w=8,exact,4,0,0.0,220,0.65882,0.76364
adapt,2,w=8,exact,4,0,0.1,220,0.65882,0.76364
adapt,2,w=8,exact,4,0,0.2,220,0.65882,0.76364
adapt,2,w=8,exact,4,0,0.3,220,0.65882,0.76364
adapt,2,w=8,exact,4,0,0.4,220,0.65882,0.76364
adapt,2,w=8,exact,4,0,0.5,220,0.65882,0.76364
adapt,2,w=8,exact,4,0,0.6,220,0.65882,0.76364
adapt,2,w=8,exact,4,0,0.7,220,0.65882,0.76364
adapt,2,w=8,exact,4,0,0.8,220,0.65882,0.76364
adapt,2,w=8,exact,4,0,0.9,220,0.65882,0.76364
adapt,2,w=8,exact,4,0,1.0,220,0.65882,0.76364
adapt,2,w=8,exact,4,1,0.0,220,0.65882,0.88182
adapt,2,w=8,exact,4,1,0.1,220,0.69412,0.88182
adapt,2,w=8,exact,4,1,0.2,220,0.71765,0.88182
adapt,2,w=8,exact,4,1,0.3,220,0.69412,0.88182
adapt,2,w=8,exact,4,1,0.4,220,0.69412,0.88182
adapt,2,w=8,exact,4,1,0.5,220,0.69412,0.88182
adapt,2,w=8,exact,4,1,0.6,220,0.71765,0.88182
adapt,2,w=8,exact,4,1,0.7,220,0.76471,0.88182
adapt,2,w=8,exact,4,1,0.8,220,0.75294,0.88182
adapt,2,w=8,exact,4,1,0.9,220,0.75294,0.88182
adapt,2,w=8,exact,4,1,1.0,220,0.75294,0.88182
adapt,2,w=8,exact,9,0,0.0,200,0.81579,0.745
adapt,2,w=8,exact,9,0,0.1,200,0.81579,0.745
adapt,2,w=8,exact,9,0,0.2,200,0.81579,0.745
adapt,2,w=8,exact,9,0,0.3,200,0.81579,0.745
adapt,2,w=8,exact,9,0,0.4,200,0.81579,0.745
adapt,2,w=8,exact,9,0,0.5,200,0.81579,0.745
adapt,2,w=8,exact,9,0,0.6,200,0.81579,0.745
adapt,2,w=8,exact,9,0,0.7,200,0.81579,0.745
adapt,2,w=8,exact,9,0,0.8,200,0.81579,0.745
adapt,2,w=8,exact,9,0,0.9,200,0.81579,0.745
adapt,2,w=8,exact,9,0,1.0,200,0.81579,0.745
adapt,2,w=8,exact,9,1,0.0,200,0.81579,0.855
adapt,2,w=8,exact,9,1,0.1,200,0.81579,0.855
adapt,2,w=8,exact,9,1,0.2,200,0.84211,0.855
adapt,2,w=8,exact,9,1,0.3,200,0.84211,0.855
adapt,2,w=8,exact,9,1,0.4,200,0.82895,0.855
adapt,2,w=8,exact,9,1,0.5,200,0.78947,0.855
adapt,2,w=8,exact,9,1,0.6,200,0.84211,0.855
adapt,2,w=8,exact,9,1,0.7,200,0.84211,0.855
adapt,2,w=8,exact,9,1,0.8,200,0.78947,0.855
adapt,2,w=8,exact,9,1,0.9,200,0.81579,0.855
adapt,2,w=8,exact,9,1,1.0,200,0.85526,0.855
adapt,2,w=8,exact,10,0,0.0,202,0.425,0.80693
adapt,2,w=8,exact,10,0,0.1,202,0.425,0.80693
adapt,2,w=8,exact,10,0,0.2,202,0.425,0.80693
adapt,2,w=8,exact,10,0,0.3,202,0.425,0.80693
adapt,2,w=8,exact,10,0,0.4,202,0.425,0.80693
adapt,2,w=8,exact,10,0,0.5,202,0.425,0.80693
adapt,2,w=8,exact,10,0,0.6,202,0.425,0.80693
adapt,2,w=8,exact,10,0,0.7,202,0.425,0.80693
adapt,2,w=8,exact,10,0,0.8,202,0.425,0.80693
adapt,2,w=8,exact,10,0,0.9,202,0.425,0.80693
adapt,2,w=8,exact,10,0,1.0,202,0.425,0.80693
adapt,2,w=8,exact,10,1,0.0,202,0.425,0.89604
adapt,2,w=8,exact,10,1,0.1,202,0.425,0.89604
adapt,2,w=8,exact,10,1,0.2,202,0.425,0.89604
adapt,2,w=8,exact,10,1,0.3,202,0.425,0.89604
adapt,2,w=8,exact,10,1,0.4,202,0.475,0.89604
adapt,2,w=8,exact,10,1,0.5,202,0.4375,0.89604
adapt,2,w=8,exact,10,1,0.6,202,0.4625,0.89604
adapt,2,w=8,exact,10,1,0.7,202,0.55,0.89604
adapt,2,w=8,exact,10,1,0.8,202,0.6625,0.89604
adapt,2,w=8,exact,10,1,0.9,202,0.7125,0.89604
adapt,2,w=8,exact,10,1,1.0,202,0.725,0.89604
adapt,2,w=8,exact,12,0,0.0,222,0.7093,0.83784
adapt,2,w=8,exact,12,0,0.1,222,0.7093,0.83784
adapt,2,w=8,exact,12,0,0.2,222,0.7093,0.83784
adapt,2,w=8,exact,12,0,0.3,222,0.7093,0.83784
adapt,2,w=8,exact,12,0,0.4,222,0.7093,0.83784
adapt,2,w=8,exact,12,0,0.5,222,0.7093,0.83784
adapt,2,w=8,exact,12,0,0.6,222,0.7093,0.83784
adapt,2,w=8,exact,12,0,0.7,222,0.7093,0.83784
adapt,2,w=8,exact,12,0,0.8,222,0.7093,0.83784
adapt,2,w=8,exact,12,0,0.9,222,0.7093,0.83784
adapt,2,w=8,exact,12,0,1.0,222,0.7093,0.83784
adapt,2,w=8,exact,12,1,0.0,222,0.7093,0.91441
adapt,2,w=8,exact,12,1,0.1,222,0.7093,0.91441
adapt,2,w=8,exact,12,1,0.2,222,0.74419,0.91441
adapt,2,w=8,exact,12,1,0.3,222,0.73256,0.91441
adapt,2,w=8,exact,12,1,0.4,222,0.77907,0.91441
adapt,2,w=8,exact,12,1,0.5,222,0.77907,0.91441
adapt,2,w=8,exact,12,1,0.6,222,0.75581,0.91441
adapt,2,w=8,exact,12,1,0.7,222,0.84884,0.91441
adapt,2,w=8,exact,12,1,0.8,222,0.80233,0.91441
adapt,2,w=8,exact,12,1,0.9,222,0.80233,0.91441
adapt,2,w=8,exact,12,1,1.0,222,0.77907,0.91441
adapt,2,w=8,exact,18,0,0.0,252,0.89,0.9127
adapt,2,w=8,exact,18,0,0.1,252,0.89,0.9127
adapt,2,w=8,exact,18,0,0.2,252,0.89,0.9127
adapt,2,w=8,exact,18,0,0.3,252,0.89,0.9127
adapt,2,w=8,exact,18,0,0.4,252,0.89,0.9127
adapt,2,w=8,exact,18,0,0.5,252,0.89,0.9127
adapt,2,w=8,exact,18,0,0.6,252,0.89,0.9127
adapt,2,w=8,exact,18,0,0.7,252,0.89,0.9127
adapt,2,w=8,exact,18,0,0.8,252,0.89,0.9127
adapt,2,w=8,exact,18,0,0.9,252,0.89,0.9127
adapt,2,w=8,exact,18,0,1.0,252,0.89,0.9127
adapt,2,w=8,exact,18,1,0.0,252,0.89,0.93651
adapt,2,w=8,exact,18,1,0.1,252,0.87,0.93651
adapt,2,w=8,exact,18,1,0.2,252,0.87,0.93651
adapt,2,w=8,exact,18,1,0.3,252,0.87,0.93651
adapt,2,w=8,exact,18,1,0.4,252,0.87,0.93651
adapt,2,w=8,exact,18,1,0.5,252,0.88,0.93651
adapt,2,w=8,exact,18,1,0.6,252,0.85,0.93651
adapt,2,w=8,exact,18,1,0.7,252,0.85,0.93651
adapt,2,w=8,exact,18,1,0.8,252,0.83,0.93651
adapt,2,w=8,exact,18,1,0.9,252,0.89,0.93651
adapt,2,w=8,exact,18,1,1.0,252,0.92,0.93651
adapt,2,w=8,exact,13,0,0.0,225,0.83333,0.90222
adapt,2,w=8,exact,13,0,0.1,225,0.83333,0.90222
adapt,2,w=8,exact,13,0,0.2,225,0.83333,0.90222
adapt,2,w=8,exact,13,0,0.3,225,0.83333,0.90222
adapt,2,w=8,exact,13,0,0.4,225,0.83333,0.90222
adapt,2,w=8,exact,13,0,0.5,225,0.83333,0.90222
adapt,2,w=8,exact,13,0,0.6,225,0.83333,0.90222
adapt,2,w=8,exact,13,0,0.7,225,0.83333,0.90222
adapt,2,w=8,exact,13,0,0.8,225,0.83333,0.90222
adapt,2,w=8,exact,13,0,0.9,225,0.83333,0.90222
adapt,2,w=8,exact,13,0,1.0,225,0.83333,0.90222
adapt,2,w=8,exact,13,1,0.0,225,0.83333,0.93778
adapt,2,w=8,exact,13,1,0.1,225,0.86667,0.93778
adapt,2,w=8,exact,13,1,0.2,225,0.84444,0.93778
adapt,2,w=8,exact,13,1,0.3,225,0.81111,0.93778
adapt,2,w=8,exact,13,1,0.4,225,0.81111,0.93778
adapt,2,w=8,exact,13,1,0.5,225,0.81111,0.93778
adapt,2,w=8,exact,13,1,0.6,225,0.78889,0.93778
adapt,2,w=8,exact,13,1,0.7,225,0.78889,0.93778
adapt,2,w=8,exact,13,1,0.8,225,0.78889,0.93778
adapt,2,w=8,exact,13,1,0.9,225,0.78889,0.93778
adapt,2,w=8,exact,13,1,1.0,225,0.81111,0.93778
adapt,2,w=8,exact,20,0,0.0,245,0.73196,0.9102
adapt,2,w=8,exact,20,0,0.1,245,0.73196,0.9102
adapt,2,w=8,exact,20,0,0.2,245,0.73196,0.9102
adapt,2,w=8,exact,20,0,0.3,245,0.73196,0.9102
adapt,2,w=8,exact,20,0,0.4,245,0.73196,0.9102
adapt,2,w=8,exact,20,0,0.5,245,0.73196,0.9102
adapt,2,w=8,exact,20,0,0.6,245,0.73196,0.9102
adapt,2,w=8,exact,20,0,0.7,245,0.73196,0.9102
adapt,2,w=8,exact,20,0,0.8,245,0.73196,0.9102
adapt,2,w=8,exact,20,0,0.9,245,0.73196,0.9102
adapt,2,w=8,exact,20,0,1.0,245,0.73196,0.9102
adapt,2,w=8,exact,20,1,0.0,245,0.73196,0.93878
adapt,2,w=8,exact,20,1,0.1,245,0.65979,0.93878
adapt,2,w=8,exact,20,1,0.2,245,0.65979,0.93878
adapt,2,w=8,exact,20,1,0.3,245,0.73196,0.93878
adapt,2,w=8,exact,20,1,0.4,245,0.73196,0.93878
adapt,2,w=8,exact,20,1,0.5,245,0.7732,0.93878
adapt,2,w=8,exact,20,1,0.6,245,0.78351,0.93878
adapt,2,w=8,exact,20,1,0.7,245,0.76289,0.93878
adapt,2,w=8,exact,20,1,0.8,245,0.76289,0.93878
adapt,2,w=8,exact,20,1,0.9,245,0.86598,0.93878
adapt,2,w=8,exact,20,1,1.0,245,0.86598,0.93878
adapt,2,w=8,trunc(1),2,0,0.0,208,0.63415,0.72115
adapt,2,w=8,trunc(1),2,0,0.1,208,0.63415,0.72115
adapt,2,w=8,trunc(1),2,0,0.2,208,0.63415,0.72115
adapt,2,w=8,trunc(1),2,0,0.3,208,0.63415,0.72115
adapt,2,w=8,trunc(1),2,0,0.4,208,0.63415,0.72115
adapt,2,w=8,trunc(1),2,0,0.5,208,0.63415,0.72115
adapt,2,w=8,trunc(1),2,0,0.6,208,0.63415,0.72115
adapt,2,w=8,trunc(1),2,0,0.7,208,0.63415,0.72115
adapt,2,w=8,trunc(1),2,0,0.8,208,0.63415,0.72115
adapt,2,w=8,trunc(1),2,0,0.9,208,0.63415,0.72115
adapt,2,w=8,trunc(1),2,0,1.0,208,0.63415,0.72115
adapt,2,w=8,trunc(1),2,1,0.0,208,0.63415,0.79808
adapt,2,w=8,trunc(1),2,1,0.1,208,0.62195,0.79808
adapt,2,w=8,trunc(1),2,1,0.2,208,0.67073,0.79808
adapt,2,w=8,trunc(1),2,1,0.3,208,0.63415,0.79808
adapt,2,w=8,trunc(1),2,1,0.4,208,0.63415,0.79808
adapt,2,w=8,trunc(1),2,1,0.5,208,0.64634,0.79808
adapt,2,w=8,trunc(1),2,1,0.6,208,0.67073,0.79808
adapt,2,w=8,trunc(1),2,1,0.7,208,0.68293,0.79808
adapt,2,w=8,trunc(1),2,1,0.8,208,0.69512,0.79808
adapt,2,w=8,trunc(1),2,1,0.9,208,0.69512,0.79808
adapt,2,w=8,trunc(1),2,1,1.0,208,0.65854,0.79808
adapt,2,w=8,exact,24,0,0.0,264,0.8381,0.78788
adapt,2,w=8,exact,24,0,0.1,264,0.8381,0.78788
adapt,2,w=8,exact,24,0,0.2,264,0.8381,0.78788
adapt,2,w=8,exact,24,0,0.3,264,0.8381,0.78788
adapt,2,w=8,exact,24,0,0.4,264,0.8381,0.78788
adapt,2,w=8,exact,24,0,0.5,264,0.8381,0.78788
adapt,2,w=8,exact,24,0,0.6,264,0.8381,0.78788
adapt,2,w=8,exact,24,0,0.7,264,0.8381,0.78788
adapt,2,w=8,exact,24,0,0.8,264,0.8381,0.78788
adapt,2,w=8,exact,24,0,0.9,264,0.8381,0.78788
adapt,2,w=8,exact,24,0,1.0,264,0.8381,0.78788
adapt,2,w=8,exact,24,1,0.0,264,0.8381,0.93939
adapt,2,w=8,exact,24,1,0.1,264,0.81905,0.93939
adapt,2,w=8,exact,24,1,0.2,264,0.81905,0.93939
adapt,2,w=8,exact,24,1,0.3,264,0.81905,0.93939
adapt,2,w=8,exact,24,1,0.4,264,0.82857,0.93939
adapt,2,w=8,exact,24,1,0.5,264,0.84762,0.93939
adapt,2,w=8,exact,24,1,0.6,264,0.86667,0.93939
adapt,2,w=8,exact,24,1,0.7,264,0.89524,0.93939
adapt,2,w=8,exact,24,1,0.8,264,0.89524,0.93939
adapt,2,w=8,exact,24,1,0.9,264,0.89524,0.93939
adapt,2,w=8,exact,24,1,1.0,264,0.91429,0.93939
adapt,2,w=8,trunc(1),4,0,0.0,220,0.58824,0.6
adapt,2,w=8,trunc(1),4,0,0.1,220,0.58824,0.6
adapt,2,w=8,trunc(1),4,0,0.2,220,0.58824,0.6
adapt,2,w=8,trunc(1),4,0,0.3,220,0.58824,0.6
adapt,2,w=8,trunc(1),4,0,0.4,220,0.58824,0.6
adapt,2,w=8,trunc(1),4,0,0.5,220,0.58824,0.6
adapt,2,w=8,trunc(1),4,0,0.6,220,0.58824,0.6
adapt,2,w=8,trunc(1),4,0,0.7,220,0.58824,0.6
adapt,2,w=8,trunc(1),4,0,0.8,220,0.58824,0.6
adapt,2,w=8,trunc(1),4,0,0.9,220,0.58824,0.6
adapt,2,w=8,trunc(1),4,0,1.0,220,0.58824,0.6
adapt,2,w=8,trunc(1),4,1,0.0,220,0.58824,0.71364
adapt,2,w=8,trunc(1),4,1,0.1,220,0.64706,0.71364
adapt,2,w=8,trunc(1),4,1,0.2,220,0.64706,0.71364
adapt,2,w=8,trunc(1),4,1,0.3,220,0.64706,0.71364
adapt,2,w=8,trunc(1),4,1,0.4,220,0.64706,0.71364
adapt,2,w=8,trunc(1),4,1,0.5,220,0.64706,0.71364
adapt,2,w=8,trunc(1),4,1,0.6,220,0.64706,0.71364
adapt,2,w=8,trunc(1),4,1,0.7,220,0.72941,0.71364
adapt,2,w=8,trunc(1),4,1,0.8,220,0.74118,0.71364
adapt,2,w=8,trunc(1),4,1,0.9,220,0.74118,0.71364
adapt,2,w=8,trunc(1),4,1,1.0,220,0.74118,0.71364
adapt,2,w=8,trunc(1),9,0,0.0,200,0.67105,0.57
adapt,2,w=8,trunc(1),9,0,0.1,200,0.67105,0.57
adapt,2,w=8,trunc(1),9,0,0.2,200,0.67105,0.57
adapt,2,w=8,trunc(1),9,0,0.3,200,0.67105,0.57
adapt,2,w=8,trunc(1),9,0,0.4,200,0.67105,0.57
adapt,2,w=8,trunc(1),9,0,0.5,200,0.67105,0.57
adapt,2,w=8,trunc(1),9,0,0.6,200,0.67105,0.57
adapt,2,w=8,trunc(1),9,0,0.7,200,0.67105,0.57
adapt,2,w=8,trunc(1),9,0,0.8,200,0.67105,0.57
adapt,2,w=8,trunc(1),9,0,0.9,200,0.67105,0.57
adapt,2,w=8,trunc(1),9,0,1.0,200,0.67105,0.57
adapt,2,w=8,trunc(1),9,1,0.0,200,0.67105,0.705
adapt,2,w=8,trunc(1),9,1,0.1,200,0.68421,0.705
adapt,2,w=8,trunc(1),9,1,0.2,200,0.71053,0.705
adapt,2,w=8,trunc(1),9,1,0.3,200,0.69737,0.705
adapt,2,w=8,trunc(1),9,1,0.4,200,0.65789,0.705
adapt,2,w=8,trunc(1),9,1,0.5,200,0.68421,0.705
adapt,2,w=8,trunc(1),9,1,0.6,200,0.68421,0.705
adapt,2,w=8,trunc(1),9,1,0.7,200,0.71053,0.705
adapt,2,w=8,trunc(1),9,1,0.8,200,0.67105,0.705
adapt,2,w=8,trunc(1),9,1,0.9,200,0.68421,0.705
adapt,2,w=8,trunc(1),9,1,1.0,200,0.75,0.705
adapt,2,w=8,trunc(1),10,0,0.0,202,0.5625,0.71782
adapt,2,w=8,trunc(1),10,0,0.1,202,0.5625,0.71782
adapt,2,w=8,trunc(1),10,0,0.2,202,0.5625,0.71782
adapt,2,w=8,trunc(1),10,0,0.3,202,0.5625,0.71782
adapt,2,w=8,trunc(1),10,0,0.4,202,0.5625,0.71782
adapt,2,w=8,trunc(1),10,0,0.5,202,0.5625,0.71782
adapt,2,w=8,trunc(1),10,0,0.6,202,0.5625,0.71782
adapt,2,w=8,trunc(1),10,0,0.7,202,0.5625,0.71782
adapt,2,w=8,trunc(1),10,0,0.8,202,0.5625,0.71782
adapt,2,w=8,trunc(1),10,0,0.9,202,0.5625,0.71782
adapt,2,w=8,trunc(1),10,0,1.0,202,0.5625,0.71782
adapt,2,w=8,trunc(1),10,1,0.0,202,0.5625,0.74257
adapt,2,w=8,trunc(1),10,1,0.1,202,0.6,0.74257
adapt,2,w=8,trunc(1),10,1,0.2,202,0.6,0.74257
adapt,2,w=8,trunc(1),10,1,0.3,202,0.6,0.74257
adapt,2,w=8,trunc(1),10,1,0.4,202,0.575,0.74257
adapt,2,w=8,trunc(1),10,1,0.5,202,0.6,0.74257
adapt,2,w=8,trunc(1),10,1,0.6,202,0.5375,0.74257
adapt,2,w=8,trunc(1),10,1,0.7,202,0.6125,0.74257
adapt,2,w=8,trunc(1),10,1,0.8,202,0.6625,0.74257
adapt,2,w=8,trunc(1),10,1,0.9,202,0.75,0.74257
adapt,2,w=8,trunc(1),10,1,1.0,202,0.7375,0.74257
adapt,2,w=8,trunc(1),12,0,0.0,222,0.65116,0.67117
adapt,2,w=8,trunc(1),12,0,0.1,222,0.65116,0.67117
adapt,2,w=8,trunc(1),12,0,0.2,222,0.65116,0.67117
adapt,2,w=8,trunc(1),12,0,0.3,222,0.65116,0.67117
adapt,2,w=8,trunc(1),12,0,0.4,222,0.65116,0.67117
adapt,2,w=8,trunc(1),12,0,0.5,222,0.65116,0.67117
adapt,2,w=8,trunc(1),12,0,0.6,222,0.65116,0.67117
adapt,2,w=8,trunc(1),12,0,0.7,222,0.65116,0.67117
adapt,2,w=8,trunc(1),12,0,0.8,222,0.65116,0.67117
adapt,2,w=8,trunc(1),12,0,0.9,222,0.65116,0.67117
adapt,2,w=8,trunc(1),12,0,1.0,222,0.65116,0.67117
adapt,2,w=8,trunc(1),12,1,0.0,222,0.65116,0.77477
adapt,2,w=8,trunc(1),12,1,0.1,222,0.5814,0.77477
adapt,2,w=8,trunc(1),12,1,0.2,222,0.5814,0.77477
adapt,2,w=8,trunc(1),12,1,0.3,222,0.5814,0.77477
adapt,2,w=8,trunc(1),12,1,0.4,222,0.56977,0.77477
adapt,2,w=8,trunc(1),12,1,0.5,222,0.56977,0.77477
adapt,2,w=8,trunc(1),12,1,0.6,222,0.5814,0.77477
adapt,2,w=8,trunc(1),12,1,0.7,222,0.63953,0.77477
adapt,2,w=8,trunc(1),12,1,0.8,222,0.61628,0.77477
adapt,2,w=8,trunc(1),12,1,0.9,222,0.62791,0.77477
adapt,2,w=8,trunc(1),12,1,1.0,222,0.69767,0.77477
adapt,2,w=8,trunc(1),13,0,0.0,225,0.64444,0.74667
adapt,2,w=8,trunc(1),13,0,0.1,225,0.64444,0.74667
adapt,2,w=8,trunc(1),13,0,0.2,225,0.64444,0.74667
adapt,2,w=8,trunc(1),13,0,0.3,225,0.64444,0.74667
adapt,2,w=8,trunc(1),13,0,0.4,225,0.64444,0.74667
adapt,2,w=8,trunc(1),13,0,0.5,225,0.64444,0.74667
adapt,2,w=8,trunc(1),13,0,0.6,225,0.64444,0.74667
adapt,2,w=8,trunc(1),13,0,0.7,225,0.64444,0.74667
adapt,2,w=8,trunc(1),13,0,0.8,225,0.64444,0.74667
adapt,2,w=8,trunc(1),13,0,0.9,225,0.64444,0.74667
adapt,2,w=8,trunc(1),13,0,1.0,225,0.64444,0.74667
adapt,2,w=8,trunc(1),13,1,0.0,225,0.64444,0.77333
adapt,2,w=8,trunc(1),13,1,0.1,225,0.54444,0.77333
adapt,2,w=8,trunc(1),13,1,0.2,225,0.54444,0.77333
adapt,2,w=8,trunc(1),13,1,0.3,225,0.54444,0.77333
adapt,2,w=8,trunc(1),13,1,0.4,225,0.6,0.77333
adapt,2,w=8,trunc(1),13,1,0.5,225,0.54444,0.77333
adapt,2,w=8,trunc(1),13,1,0.6,225,0.56667,0.77333
adapt,2,w=8,trunc(1),13,1,0.7,225,0.56667,0.77333
adapt,2,w=8,trunc(1),13,1,0.8,225,0.56667,0.77333
adapt,2,w=8,trunc(1),13,1,0.9,225,0.61111,0.77333
adapt,2,w=8,trunc(1),13,1,1.0,225,0.64444,0.77333
adapt,2,w=8,trunc(1),20,0,0.0,245,0.60825,0.73469
adapt,2,w=8,trunc(1),20,0,0.1,245,0.60825,0.73469
adapt,2,w=8,trunc(1),20,0,0.2,245,0.60825,0.73469
adapt,2,w=8,trunc(1),20,0,0.3,245,0.60825,0.73469
adapt,2,w=8,trunc(1),20,0,0.4,245,0.60825,0.73469
adapt,2,w=8,trunc(1),20,0,0.5,245,0.60825,0.73469
adapt,2,w=8,trunc(1),20,0,0.6,245,0.60825,0.73469
adapt,2,w=8,trunc(1),20,0,0.7,245,0.60825,0.73469
adapt,2,w=8,trunc(1),20,0,0.8,245,0.60825,0.73469
adapt,2,w=8,trunc(1),20,0,0.9,245,0.60825,0.73469
adapt,2,w=8,trunc(1),20,0,1.0,245,0.60825,0.73469
adapt,2,w=8,trunc(1),20,1,0.0,245,0.60825,0.80408
adapt,2,w=8,trunc(1),20,1,0.1,245,0.64948,0.80408
adapt,2,w=8,trunc(1),20,1,0.2,245,0.6701,0.80408
adapt,2,w=8,trunc(1),20,1,0.3,245,0.65979,0.80408
adapt,2,w=8,trunc(1),20,1,0.4,245,0.65979,0.80408
adapt,2,w=8,trunc(1),20,1,0.5,245,0.71134,0.80408
adapt,2,w=8,trunc(1),20,1,0.6,245,0.69072,0.80408
adapt,2,w=8,trunc(1),20,1,0.7,245,0.68041,0.80408
adapt,2,w=8,trunc(1),20,1,0.8,245,0.68041,0.80408
adapt,2,w=8,trunc(1),20,1,0.9,245,0.72165,0.80408
adapt,2,w=8,trunc(1),20,1,1.0,245,0.74227,0.80408
adapt,2,w=8,trunc(1),24,0,0.0,264,0.58095,0.62879
adapt,2,w=8,trunc(1),24,0,0.1,264,0.58095,0.62879
adapt,2,w=8,trunc(1),24,0,0.2,264,0.58095,0.62879
adapt,2,w=8,trunc(1),24,0,0.3,264,0.58095,0.62879
adapt,2,w=8,trunc(1),24,0,0.4,264,0.58095,0.62879
adapt,2,w=8,trunc(1),24,0,0.5,264,0.58095,0.62879
adapt,2,w=8,trunc(1),24,0,0.6,264,0.58095,0.62879
adapt,2,w=8,trunc(1),24,0,0.7,264,0.58095,0.62879
adapt,2,w=8,trunc(1),24,0,0.8,264,0.58095,0.62879
adapt,2,w=8,trunc(1),24,0,0.9,264,0.58095,0.62879
adapt,2,w=8,trunc(1),24,0,1.0,264,0.58095,0.62879
adapt,2,w=8,trunc(1),24,1,0.0,264,0.58095,0.74242
adapt,2,w=8,trunc(1),24,1,0.1,264,0.62857,0.74242
adapt,2,w=8,trunc(1),24,1,0.2,264,0.62857,0.74242
adapt,2,w=8,trunc(1),24,1,0.3,264,0.62857,0.74242
adapt,2,w=8,trunc(1),24,1,0.4,264,0.62857,0.74242
adapt,2,w=8,trunc(1),24,1,0.5,264,0.62857,0.74242
adapt,2,w=8,trunc(1),24,1,0.6,264,0.69524,0.74242
adapt,2,w=8,trunc(1),24,1,0.7,264,0.73333,0.74242
adapt,2,w=8,trunc(1),24,1,0.8,264,0.73333,0.74242
adapt,2,w=8,trunc(1),24,1,0.9,264,0.74286,0.74242
adapt,2,w=8,trunc(1),24,1,1.0,264,0.74286,0.74242
adapt,2,w=8,trunc(1),18,0,0.0,252,0.7,0.7381
adapt,2,w=8,trunc(1),18,0,0.1,252,0.7,0.7381
adapt,2,w=8,trunc(1),18,0,0.2,252,0.7,0.7381
adapt,2,w=8,trunc(1),18,0,0.3,252,0.7,0.7381
adapt,2,w=8,trunc(1),18,0,0.4,252,0.7,0.7381
adapt,2,w=8,trunc(1),18,0,0.5,252,0.7,0.7381
adapt,2,w=8,trunc(1),18,0,0.6,252,0.7,0.7381
adapt,2,w=8,trunc(1),18,0,0.7,252,0.7,0.7381
adapt,2,w=8,trunc(1),18,0,0.8,252,0.7,0.7381
adapt,2,w=8,trunc(1),18,0,0.9,252,0.7,0.7381
adapt,2,w=8,trunc(1),18,0,1.0,252,0.7,0.7381
adapt,2,w=8,trunc(1),18,1,0.0,252,0.7,0.76587
adapt,2,w=8,trunc(1),18,1,0.1,252,0.7,0.76587
adapt,2,w=8,trunc(1),18,1,0.2,252,0.73,0.76587
adapt,2,w=8,trunc(1),18,1,0.3,252,0.73,0.76587
adapt,2,w=8,trunc(1),18,1,0.4,252,0.71,0.76587
adapt,2,w=8,trunc(1),18,1,0.5,252,0.73,0.76587
adapt,2,w=8,trunc(1),18,1,0.6,252,0.74,0.76587
adapt,2,w=8,trunc(1),18,1,0.7,252,0.68,0.76587
adapt,2,w=8,trunc(1),18,1,0.8,252,0.67,0.76587
adapt,2,w=8,trunc(1),18,1,0.9,252,0.76,0.76587
adapt,2,w=8,trunc(1),18,1,1.0,252,0.76,0.76587
adapt,2,w=8,satcomp(2),2,0,0.0,208,0.90244,0.85577
adapt,2,w=8,satcomp(2),2,0,0.1,208,0.90244,0.85577
adapt,2,w=8,satcomp(2),2,0,0.2,208,0.90244,0.85577
adapt,2,w=8,satcomp(2),2,0,0.3,208,0.90244,0.85577
adapt,2,w=8,satcomp(2),2,0,0.4,208,0.90244,0.85577
adapt,2,w=8,satcomp(2),2,0,0.5,208,0.90244,0.85577
adapt,2,w=8,satcomp(2),2,0,0.6,208,0.90244,0.85577
adapt,2,w=8,satcomp(2),2,0,0.7,208,0.90244,0.85577
adapt,2,w=8,satcomp(2),2,0,0.8,208,0.90244,0.85577
adapt,2,w=8,satcomp(2),2,0,0.9,208,0.90244,0.85577
adapt,2,w=8,satcomp(2),2,0,1.0,208,0.90244,0.85577
adapt,2,w=8,satcomp(2),2,1,0.0,208,0.90244,0.94231
adapt,2,w=8,satcomp(2),2,1,0.1,208,0.87805,0.94231
adapt,2,w=8,satcomp(2),2,1,0.2,208,0.80488,0.94231
adapt,2,w=8,satcomp(2),2,1,0.3,208,0.80488,0.94231
adapt,2,w=8,satcomp(2),2,1,0.4,208,0.80488,0.94231
adapt,2,w=8,satcomp(2),2,1,0.5,208,0.80488,0.94231
adapt,2,w=8,satcomp(2),2,1,0.6,208,0.81707,0.94231
adapt,2,w=8,satcomp(2),2,1,0.7,208,0.80488,0.94231
adapt,2,w=8,satcomp(2),2,1,0.8,208,0.86585,0.94231
adapt,2,w=8,satcomp(2),2,1,0.9,208,0.86585,0.94231
adapt,2,w=8,satcomp(2),2,1,1.0,208,0.85366,0.94231
adapt,2,w=8,satcomp(2),4,0,0.0,220,0.65882,0.76364
adapt,2,w=8,satcomp(2),4,0,0.1,220,0.65882,0.76364
adapt,2,w=8,satcomp(2),4,0,0.2,220,0.65882,0.76364
adapt,2,w=8,satcomp(2),4,0,0.3,220,0.65882,0.76364
adapt,2,w=8,satcomp(2),4,0,0.4,220,0.65882,0.76364
adapt,2,w=8,satcomp(2),4,0,0.5,220,0.65882,0.76364
adapt,2,w=8,satcomp(2),4,0,0.6,220,0.65882,0.76364
adapt,2,w=8,satcomp(2),4,0,0.7,220,0.65882,0.76364
adapt,2,w=8,satcomp(2),4,0,0.8,220,0.65882,0.76364
adapt,2,w=8,satcomp(2),4,0,0.9,220,0.65882,0.76364
adapt,2,w=8,satcomp(2),4,0,1.0,220,0.65882,0.76364
adapt,2,w=8,satcomp(2),4,1,0.0,220,0.65882,0.88182
adapt,2,w=8,satcomp(2),4,1,0.1,220,0.69412,0.88182
adapt,2,w=8,satcomp(2),4,1,0.2,220,0.71765,0.88182
adapt,2,w=8,satcomp(2),4,1,0.3,220,0.69412,0.88182
adapt,2,w=8,satcomp(2),4,1,0.4,220,0.69412,0.88182
adapt,2,w=8,satcomp(2),4,1,0.5,220,0.69412,0.88182
adapt,2,w=8,satcomp(2),4,1,0.6,220,0.71765,0.88182
adapt,2,w=8,satcomp(2),4,1,0.7,220,0.76471,0.88182
adapt,2,w=8,satcomp(2),4,1,0.8,220,0.75294,0.88182
adapt,2,w=8,satcomp(2),4,1,0.9,220,0.75294,0.88182
adapt,2,w=8,satcomp(2),4,1,1.0,220,0.75294,0.88182
adapt,2,w=8,satcomp(2),10,0,0.0,202,0.425,0.80693
adapt,2,w=8,satcomp(2),10,0,0.1,202,0.425,0.80693
adapt,2,w=8,satcomp(2),10,0,0.2,202,0.425,0.80693
adapt,2,w=8,satcomp(2),10,0,0.3,202,0.425,0.80693
adapt,2,w=8,satcomp(2),10,0,0.4,202,0.425,0.80693
adapt,2,w=8,satcomp(2),10,0,0.5,202,0.425,0.80693
adapt,2,w=8,satcomp(2),10,0,0.6,202,0.425,0.80693
adapt,2,w=8,satcomp(2),10,0,0.7,202,0.425,0.80693
adapt,2,w=8,satcomp(2),10,0,0.8,202,0.425,0.80693
adapt,2,w=8,satcomp(2),10,0,0.9,202,0.425,0.80693
adapt,2,w=8,satcomp(2),10,0,1.0,202,0.425,0.80693
adapt,2,w=8,satcomp(2),10,1,0.0,202,0.425,0.89604
adapt,2,w=8,satcomp(2),10,1,0.1,202,0.425,0.89604
adapt,2,w=8,satcomp(2),10,1,0.2,202,0.425,0.89604
adapt,2,w=8,satcomp(2),10,1,0.3,202,0.425,0.89604
adapt,2,w=8,satcomp(2),10,1,0.4,202,0.4625,0.89604
adapt,2,w=8,satcomp(2),10,1,0.5,202,0.4375,0.89604
adapt,2,w=8,satcomp(2),10,1,0.6,202,0.45,0.89604
adapt,2,w=8,satcomp(2),10,1,0.7,202,0.55,0.89604
adapt,2,w=8,satcomp(2),10,1,0.8,202,0.675,0.89604
adapt,2,w=8,satcomp(2),10,1,0.9,202,0.7125,0.89604
adapt,2,w=8,satcomp(2),10,1,1.0,202,0.725,0.89604
adapt,2,w=8,satcomp(2),9,0,0.0,200,0.81579,0.745
adapt,2,w=8,satcomp(2),9,0,0.1,200,0.81579,0.745
adapt,2,w=8,satcomp(2),9,0,0.2,200,0.81579,0.745
adapt,2,w=8,satcomp(2),9,0,0.3,200,0.81579,0.745
adapt,2,w=8,satcomp(2),9,0,0.4,200,0.81579,0.745
adapt,2,w=8,satcomp(2),9,0,0.5,200,0.81579,0.745
adapt,2,w=8,satcomp(2),9,0,0.6,200,0.81579,0.745
adapt,2,w=8,satcomp(2),9,0,0.7,200,0.81579,0.745
adapt,2,w=8,satcomp(2),9,0,0.8,200,0.81579,0.745
adapt,2,w=8,satcomp(2),9,0,0.9,200,0.81579,0.745
adapt,2,w=8,satcomp(2),9,0,1.0,200,0.81579,0.745
adapt,2,w=8,satcomp(2),9,1,0.0,200,0.81579,0.855
adapt,2,w=8,satcomp(2),9,1,0.1,200,0.81579,0.855
adapt,2,w=8,satcomp(2),9,1,0.2,200,0.84211,0.855
adapt,2,w=8,satcomp(2),9,1,0.3,200,0.84211,0.855
adapt,2,w=8,satcomp(2),9,1,0.4,200,0.82895,0.855
adapt,2,w=8,satcomp(2),9,1,0.5,200,0.78947,0.855
adapt,2,w=8,satcomp(2),9,1,0.6,200,0.82895,0.855
adapt,2,w=8,satcomp(2),9,1,0.7,200,0.81579,0.855
adapt,2,w=8,satcomp(2),9,1,0.8,200,0.78947,0.855
adapt,2,w=8,satcomp(2),9,1,0.9,200,0.81579,0.855
adapt,2,w=8,satcomp(2),9,1,1.0,200,0.85526,0.855
adapt,2,w=8,satcomp(2),12,0,0.0,222,0.7093,0.83784
adapt,2,w=8,satcomp(2),12,0,0.1,222,0.7093,0.83784
adapt,2,w=8,satcomp(2),12,0,0.2,222,0.7093,0.83784
adapt,2,w=8,satcomp(2),12,0,0.3,222,0.7093,0.83784
adapt,2,w=8,satcomp(2),12,0,0.4,222,0.7093,0.83784
adapt,2,w=8,satcomp(2),12,0,0.5,222,0.7093,0.83784
adapt,2,w=8,satcomp(2),12,0,0.6,222,0.7093,0.83784
adapt,2,w=8,satcomp(2),12,0,0.7,222,0.7093,0.83784
adapt,2,w=8,satcomp(2),12,0,0.8,222,0.7093,0.83784
adapt,2,w=8,satcomp(2),12,0,0.9,222,0.7093,0.83784
adapt,2,w=8,satcomp(2),12,0,1.0,222,0.7093,0.83784
adapt,2,w=8,satcomp(2),12,1,0.0,222,0.7093,0.91441
adapt,2,w=8,satcomp(2),12,1,0.1,222,0.7093,0.91441
adapt,2,w=8,satcomp(2),12,1,0.2,222,0.74419,0.91441
adapt,2,w=8,satcomp(2),12,1,0.3,222,0.73256,0.91441
adapt,2,w=8,satcomp(2),12,1,0.4,222,0.77907,0.91441
adapt,2,w=8,satcomp(2),12,1,0.5,222,0.77907,0.91441
adapt,2,w=8,satcomp(2),12,1,0.6,222,0.75581,0.91441
adapt,2,w=8,satcomp(2),12,1,0.7,222,0.84884,0.91441
adapt,2,w=8,satcomp(2),12,1,0.8,222,0.80233,0.91441
adapt,2,w=8,satcomp(2),12,1,0.9,222,0.80233,0.91441
adapt,2,w=8,satcomp(2),12,1,1.0,222,0.77907,0.91441
adapt,2,w=8,satcomp(2),13,0,0.0,225,0.83333,0.90222
adapt,2,w=8,satcomp(2),13,0,0.1,225,0.83333,0.90222
adapt,2,w=8,satcomp(2),13,0,0.2,225,0.83333,0.90222
adapt,2,w=8,satcomp(2),13,0,0.3,225,0.83333,0.90222
adapt,2,w=8,satcomp(2),13,0,0.4,225,0.83333,0.90222
adapt,2,w=8,satcomp(2),13,0,0.5,225,0.83333,0.90222
adapt,2,w=8,satcomp(2),13,0,0.6,225,0.83333,0.90222
adapt,2,w=8,satcomp(2),13,0,0.7,225,0.83333,0.90222
adapt,2,w=8,satcomp(2),13,0,0.8,225,0.83333,0.90222
adapt,2,w=8,satcomp(2),13,0,0.9,225,0.83333,0.90222
adapt,2,w=8,satcomp(2),13,0,1.0,225,0.83333,0.90222
adapt,2,w=8,satcomp(2),13,1,0.0,225,0.83333,0.93778
adapt,2,w=8,satcomp(2),13,1,0.1,225,0.86667,0.93778
adapt,2,w=8,satcomp(2),13,1,0.2,225,0.84444,0.93778
adapt,2,w=8,satcomp(2),13,1,0.3,225,0.81111,0.93778
adapt,2,w=8,satcomp(2),13,1,0.4,225,0.81111,0.93778
adapt,2,w=8,satcomp(2),13,1,0.5,225,0.81111,0.93778
adapt,2,w=8,satcomp(2),13,1,0.6,225,0.78889,0.93778
adapt,2,w=8,satcomp(2),13,1,0.7,225,0.78889,0.93778
adapt,2,w=8,satcomp(2),13,1,0.8,225,0.78889,0.93778
adapt,2,w=8,satcomp(2),13,1,0.9,225,0.78889,0.93778
adapt,2,w=8,satcomp(2),13,1,1.0,225,0.81111,0.93778
adapt,2,w=8,satcomp(2),20,0,0.0,245,0.73196,0.9102
adapt,2,w=8,satcomp(2),20,0,0.1,245,0.73196,0.9102
adapt,2,w=8,satcomp(2),20,0,0.2,245,0.73196,0.9102
adapt,2,w=8,satcomp(2),20,0,0.3,245,0.73196,0.9102
adapt,2,w=8,satcomp(2),20,0,0.4,245,0.73196,0.9102
adapt,2,w=8,satcomp(2),20,0,0.5,245,0.73196,0.9102
adapt,2,w=8,satcomp(2),20,0,0.6,245,0.73196,0.9102
adapt,2,w=8,satcomp(2),20,0,0.7,245,0.73196,0.9102
adapt,2,w=8,satcomp(2),20,0,0.8,245,0.73196,0.9102
adapt,2,w=8,satcomp(2),20,0,0.9,245,0.73196,0.9102
adapt,2,w=8,satcomp(2),20,0,1.0,245,0.73196,0.9102
adapt,2,w=8,satcomp(2),20,1,0.0,245,0.73196,0.93878
adapt,2,w=8,satcomp(2),20,1,0.1,245,0.65979,0.93878
adapt,2,w=8,satcomp(2),20,1,0.2,245,0.65979,0.93878
adapt,2,w=8,satcomp(2),20,1,0.3,245,0.73196,0.93878
adapt,2,w=8,satcomp(2),20,1,0.4,245,0.73196,0.93878
adapt,2,w=8,satcomp(2),20,1,0.5,245,0.78351,0.93878
adapt,2,w=8,satcomp(2),20,1,0.6,245,0.78351,0.93878
adapt,2,w=8,satcomp(2),20,1,0.7,245,0.7732,0.93878
adapt,2,w=8,satcomp(2),20,1,0.8,245,0.7732,0.93878
adapt,2,w=8,satcomp(2),20,1,0.9,245,0.86598,0.93878
adapt,2,w=8,satcomp(2),20,1,1.0,245,0.86598,0.93878
adapt,2,w=8,satcomp(2),18,0,0.0,252,0.89,0.9127
adapt,2,w=8,satcomp(2),18,0,0.1,252,0.89,0.9127
adapt,2,w=8,satcomp(2),18,0,0.2,252,0.89,0.9127
adapt,2,w=8,satcomp(2),18,0,0.3,252,0.89,0.9127
adapt,2,w=8,satcomp(2),18,0,0.4,252,0.89,0.9127
adapt,2,w=8,satcomp(2),18,0,0.5,252,0.89,0.9127
adapt,2,w=8,satcomp(2),18,0,0.6,252,0.89,0.9127
adapt,2,w=8,satcomp(2),18,0,0.7,252,0.89,0.9127
adapt,2,w=8,satcomp(2),18,0,0.8,252,0.89,0.9127
adapt,2,w=8,satcomp(2),18,0,0.9,252,0.89,0.9127
adapt,2,w=8,satcomp(2),18,0,1.0,252,0.89,0.9127
adapt,2,w=8,satcomp(2),18,1,0.0,252,0.89,0.93651
adapt,2,w=8,satcomp(2),18,1,0.1,252,0.87,0.93651
adapt,2,w=8,satcomp(2),18,1,0.2,252,0.87,0.93651
adapt,2,w=8,satcomp(2),18,1,0.3,252,0.87,0.93651
adapt,2,w=8,satcomp(2),18,1,0.4,252,0.87,0.93651
adapt,2,w=8,satcomp(2),18,1,0.5,252,0.88,0.93651
adapt,2,w=8,satcomp(2),18,1,0.6,252,0.85,0.93651
adapt,2,w=8,satcomp(2),18,1,0.7,252,0.85,0.93651
adapt,2,w=8,satcomp(2),18,1,0.8,252,0.83,0.93651
adapt,2,w=8,satcomp(2),18,1,0.9,252,0.89,0.93651
adapt,2,w=8,satcomp(2),18,1,1.0,252,0.92,0.93651
adapt,2,w=8,satcomp(2),24,0,0.0,264,0.8381,0.78788
adapt,2,w=8,satcomp(2),24,0,0.1,264,0.8381,0.78788
adapt,2,w=8,satcomp(2),24,0,0.2,264,0.8381,0.78788
adapt,2,w=8,satcomp(2),24,0,0.3,264,0.8381,0.78788
adapt,2,w=8,satcomp(2),24,0,0.4,264,0.8381,0.78788
adapt,2,w=8,satcomp(2),24,0,0.5,264,0.8381,0.78788
adapt,2,w=8,satcomp(2),24,0,0.6,264,0.8381,0.78788
adapt,2,w=8,satcomp(2),24,0,0.7,264,0.8381,0.78788
adapt,2,w=8,satcomp(2),24,0,0.8,264,0.8381,0.78788
adapt,2,w=8,satcomp(2),24,0,0.9,264,0.8381,0.78788
adapt,2,w=8,satcomp(2),24,0,1.0,264,0.8381,0.78788
adapt,2,w=8,satcomp(2),24,1,0.0,264,0.8381,0.93939
adapt,2,w=8,satcomp(2),24,1,0.1,264,0.81905,0.93939
adapt,2,w=8,satcomp(2),24,1,0.2,264,0.81905,0.93939
adapt,2,w=8,satcomp(2),24,1,0.3,264,0.81905,0.93939
adapt,2,w=8,satcomp(2),24,1,0.4,264,0.82857,0.93939
adapt,2,w=8,satcomp(2),24,1,0.5,264,0.84762,0.93939
adapt,2,w=8,satcomp(2),24,1,0.6,264,0.86667,0.93939
adapt,2,w=8,satcomp(2),24,1,0.7,264,0.89524,0.93939
adapt,2,w=8,satcomp(2),24,1,0.8,264,0.89524,0.93939
adapt,2,w=8,satcomp(2),24,1,0.9,264,0.89524,0.93939
adapt,2,w=8,satcomp(2),24,1,1.0,264,0.91429,0.93939
adapt,2,w=8,sampled(4),2,0,0.0,208,0.76829,0.72596
adapt,2,w=8,sampled(4),2,0,0.1,208,0.76829,0.72596
adapt,2,w=8,sampled(4),2,0,0.2,208,0.76829,0.72596
adapt,2,w=8,sampled(4),2,0,0.3,208,0.76829,0.72596
adapt,2,w=8,sampled(4),2,0,0.4,208,0.76829,0.72596
adapt,2,w=8,sampled(4),2,0,0.5,208,0.76829,0.72596
adapt,2,w=8,sampled(4),2,0,0.6,208,0.76829,0.72596
adapt,2,w=8,sampled(4),2,0,0.7,208,0.76829,0.72596
adapt,2,w=8,sampled(4),2,0,0.8,208,0.76829,0.72596
adapt,2,w=8,sampled(4),2,0,0.9,208,0.76829,0.72596
adapt,2,w=8,sampled(4),2,0,1.0,208,0.76829,0.72596
adapt,2,w=8,sampled(4),2,1,0.0,208,0.76829,0.89423
adapt,2,w=8,sampled(4),2,1,0.1,208,0.76829,0.89423
adapt,2,w=8,sampled(4),2,1,0.2,208,0.64634,0.89423
adapt,2,w=8,sampled(4),2,1,0.3,208,0.64634,0.89423
adapt,2,w=8,sampled(4),2,1,0.4,208,0.65854,0.89423
adapt,2,w=8,sampled(4),2,1,0.5,208,0.65854,0.89423
adapt,2,w=8,sampled(4),2,1,0.6,208,0.68293,0.89423
adapt,2,w=8,sampled(4),2,1,0.7,208,0.68293,0.89423
adapt,2,w=8,sampled(4),2,1,0.8,208,0.73171,0.89423
adapt,2,w=8,sampled(4),2,1,0.9,208,0.76829,0.89423
adapt,2,w=8,sampled(4),2,1,1.0,208,0.69512,0.89423
adapt,2,w=8,sampled(4),9,0,0.0,200,0.72368,0.625
adapt,2,w=8,sampled(4),9,0,0.1,200,0.72368,0.625
adapt,2,w=8,sampled(4),9,0,0.2,200,0.72368,0.625
adapt,2,w=8,sampled(4),9,0,0.3,200,0.72368,0.625
adapt,2,w=8,sampled(4),9,0,0.4,200,0.72368,0.625
adapt,2,w=8,sampled(4),9,0,0.5,200,0.72368,0.625
adapt,2,w=8,sampled(4),9,0,0.6,200,0.72368,0.625
adapt,2,w=8,sampled(4),9,0,0.7,200,0.72368,0.625
adapt,2,w=8,sampled(4),9,0,0.8,200,0.72368,0.625
adapt,2,w=8,sampled(4),9,0,0.9,200,0.72368,0.625
adapt,2,w=8,sampled(4),9,0,1.0,200,0.72368,0.625
adapt,2,w=8,sampled(4),9,1,0.0,200,0.72368,0.77
adapt,2,w=8,sampled(4),9,1,0.1,200,0.68421,0.77
adapt,2,w=8,sampled(4),9,1,0.2,200,0.71053,0.77
adapt,2,w=8,sampled(4),9,1,0.3,200,0.68421,0.77
adapt,2,w=8,sampled(4),9,1,0.4,200,0.61842,0.77
adapt,2,w=8,sampled(4),9,1,0.5,200,0.65789,0.77
adapt,2,w=8,sampled(4),9,1,0.6,200,0.67105,0.77
adapt,2,w=8,sampled(4),9,1,0.7,200,0.61842,0.77
adapt,2,w=8,sampled(4),9,1,0.8,200,0.53947,0.77
adapt,2,w=8,sampled(4),9,1,0.9,200,0.63158,0.77
adapt,2,w=8,sampled(4),9,1,1.0,200,0.61842,0.77
adapt,2,w=8,sampled(4),4,0,0.0,220,0.71765,0.71364
adapt,2,w=8,sampled(4),4,0,0.1,220,0.71765,0.71364
adapt,2,w=8,sampled(4),4,0,0.2,220,0.71765,0.71364
adapt,2,w=8,sampled(4),4,0,0.3,220,0.71765,0.71364
adapt,2,w=8,sampled(4),4,0,0.4,220,0.71765,0.71364
adapt,2,w=8,sampled(4),4,0,0.5,220,0.71765,0.71364
adapt,2,w=8,sampled(4),4,0,0.6,220,0.71765,0.71364
adapt,2,w=8,sampled(4),4,0,0.7,220,0.71765,0.71364
adapt,2,w=8,sampled(4),4,0,0.8,220,0.71765,0.71364
adapt,2,w=8,sampled(4),4,0,0.9,220,0.71765,0.71364
adapt,2,w=8,sampled(4),4,0,1.0,220,0.71765,0.71364
adapt,2,w=8,sampled(4),4,1,0.0,220,0.71765,0.78636
adapt,2,w=8,sampled(4),4,1,0.1,220,0.72941,0.78636
adapt,2,w=8,sampled(4),4,1,0.2,220,0.74118,0.78636
adapt,2,w=8,sampled(4),4,1,0.3,220,0.74118,0.78636
adapt,2,w=8,sampled(4),4,1,0.4,220,0.74118,0.78636
adapt,2,w=8,sampled(4),4,1,0.5,220,0.74118,0.78636
adapt,2,w=8,sampled(4),4,1,0.6,220,0.72941,0.78636
adapt,2,w=8,sampled(4),4,1,0.7,220,0.84706,0.78636
adapt,2,w=8,sampled(4),4,1,0.8,220,0.83529,0.78636
adapt,2,w=8,sampled(4),4,1,0.9,220,0.88235,0.78636
adapt,2,w=8,sampled(4),4,1,1.0,220,0.90588,0.78636
adapt,2,w=8,sampled(4),10,0,0.0,202,0.3375,0.64851
adapt,2,w=8,sampled(4),10,0,0.1,202,0.3375,0.64851
adapt,2,w=8,sampled(4),10,0,0.2,202,0.3375,0.64851
adapt,2,w=8,sampled(4),10,0,0.3,202,0.3375,0.64851
adapt,2,w=8,sampled(4),10,0,0.4,202,0.3375,0.64851
adapt,2,w=8,sampled(4),10,0,0.5,202,0.3375,0.64851
adapt,2,w=8,sampled(4),10,0,0.6,202,0.3375,0.64851
adapt,2,w=8,sampled(4),10,0,0.7,202,0.3375,0.64851
adapt,2,w=8,sampled(4),10,0,0.8,202,0.3375,0.64851
adapt,2,w=8,sampled(4),10,0,0.9,202,0.3375,0.64851
adapt,2,w=8,sampled(4),10,0,1.0,202,0.3375,0.64851
adapt,2,w=8,sampled(4),10,1,0.0,202,0.3375,0.83663
adapt,2,w=8,sampled(4),10,1,0.1,202,0.35,0.83663
adapt,2,w=8,sampled(4),10,1,0.2,202,0.3375,0.83663
adapt,2,w=8,sampled(4),10,1,0.3,202,0.3375,0.83663
adapt,2,w=8,sampled(4),10,1,0.4,202,0.4,0.83663
adapt,2,w=8,sampled(4),10,1,0.5,202,0.3875,0.83663
adapt,2,w=8,sampled(4),10,1,0.6,202,0.375,0.83663
adapt,2,w=8,sampled(4),10,1,0.7,202,0.4125,0.83663
adapt,2,w=8,sampled(4),10,1,0.8,202,0.4625,0.83663
adapt,2,w=8,sampled(4),10,1,0.9,202,0.55,0.83663
adapt,2,w=8,sampled(4),10,1,1.0,202,0.6,0.83663
adapt,2,w=8,sampled(4),12,0,0.0,222,0.67442,0.77928
adapt,2,w=8,sampled(4),12,0,0.1,222,0.67442,0.77928
adapt,2,w=8,sampled(4),12,0,0.2,222,0.67442,0.77928
adapt,2,w=8,sampled(4),12,0,0.3,222,0.67442,0.77928
adapt,2,w=8,sampled(4),12,0,0.4,222,0.67442,0.77928
adapt,2,w=8,sampled(4),12,0,0.5,222,0.67442,0.77928
adapt,2,w=8,sampled(4),12,0,0.6,222,0.67442,0.77928
adapt,2,w=8,sampled(4),12,0,0.7,222,0.67442,0.77928
adapt,2,w=8,sampled(4),12,0,0.8,222,0.67442,0.77928
adapt,2,w=8,sampled(4),12,0,0.9,222,0.67442,0.77928
adapt,2,w=8,sampled(4),12,0,1.0,222,0.67442,0.77928
adapt,2,w=8,sampled(4),12,1,0.0,222,0.67442,0.88739
adapt,2,w=8,sampled(4),12,1,0.1,222,0.67442,0.88739
adapt,2,w=8,sampled(4),12,1,0.2,222,0.68605,0.88739
adapt,2,w=8,sampled(4),12,1,0.3,222,0.68605,0.88739
adapt,2,w=8,sampled(4),12,1,0.4,222,0.72093,0.88739
adapt,2,w=8,sampled(4),12,1,0.5,222,0.69767,0.88739
adapt,2,w=8,sampled(4),12,1,0.6,222,0.65116,0.88739
adapt,2,w=8,sampled(4),12,1,0.7,222,0.74419,0.88739
adapt,2,w=8,sampled(4),12,1,0.8,222,0.74419,0.88739
adapt,2,w=8,sampled(4),12,1,0.9,222,0.77907,0.88739
adapt,2,w=8,sampled(4),12,1,1.0,222,0.77907,0.88739
adapt,2,w=8,sampled(4),13,0,0.0,225,0.85556,0.88444
adapt,2,w=8,sampled(4),13,0,0.1,225,0.85556,0.88444
adapt,2,w=8,sampled(4),13,0,0.2,225,0.85556,0.88444
adapt,2,w=8,sampled(4),13,0,0.3,225,0.85556,0.88444
adapt,2,w=8,sampled(4),13,0,0.4,225,0.85556,0.88444
adapt,2,w=8,sampled(4),13,0,0.5,225,0.85556,0.88444
adapt,2,w=8,sampled(4),13,0,0.6,225,0.85556,0.88444
adapt,2,w=8,sampled(4),13,0,0.7,225,0.85556,0.88444
adapt,2,w=8,sampled(4),13,0,0.8,225,0.85556,0.88444
adapt,2,w=8,sampled(4),13,0,0.9,225,0.85556,0.88444
adapt,2,w=8,sampled(4),13,0,1.0,225,0.85556,0.88444
adapt,2,w=8,sampled(4),13,1,0.0,225,0.85556,0.88889
adapt,2,w=8,sampled(4),13,1,0.1,225,0.91111,0.88889
adapt,2,w=8,sampled(4),13,1,0.2,225,0.91111,0.88889
adapt,2,w=8,sampled(4),13,1,0.3,225,0.83333,0.88889
adapt,2,w=8,sampled(4),13,1,0.4,225,0.83333,0.88889
adapt,2,w=8,sampled(4),13,1,0.5,225,0.82222,0.88889
adapt,2,w=8,sampled(4),13,1,0.6,225,0.83333,0.88889
adapt,2,w=8,sampled(4),13,1,0.7,225,0.83333,0.88889
adapt,2,w=8,sampled(4),13,1,0.8,225,0.91111,0.88889
adapt,2,w=8,sampled(4),13,1,0.9,225,0.91111,0.88889
adapt,2,w=8,sampled(4),13,1,1.0,225,0.9,0.88889
adapt,2,w=8,sampled(4),18,0,0.0,252,0.82,0.84921
adapt,2,w=8,sampled(4),18,0,0.1,252,0.82,0.84921
adapt,2,w=8,sampled(4),18,0,0.2,252,0.82,0.84921
adapt,2,w=8,sampled(4),18,0,0.3,252,0.82,0.84921
adapt,2,w=8,sampled(4),18,0,0.4,252,0.82,0.84921
adapt,2,w=8,sampled(4),18,0,0.5,252,0.82,0.84921
adapt,2,w=8,sampled(4),18,0,0.6,252,0.82,0.84921
adapt,2,w=8,sampled(4),18,0,0.7,252,0.82,0.84921
adapt,2,w=8,sampled(4),18,0,0.8,252,0.82,0.84921
adapt,2,w=8,sampled(4),18,0,0.9,252,0.82,0.84921
adapt,2,w=8,sampled(4),18,0,1.0,252,0.82,0.84921
adapt,2,w=8,sampled(4),18,1,0.0,252,0.82,0.91667
adapt,2,w=8,sampled(4),18,1,0.1,252,0.81,0.91667
adapt,2,w=8,sampled(4),18,1,0.2,252,0.87,0.91667
adapt,2,w=8,sampled(4),18,1,0.3,252,0.87,0.91667
adapt,2,w=8,sampled(4),18,1,0.4,252,0.87,0.91667
adapt,2,w=8,sampled(4),18,1,0.5,252,0.9,0.91667
adapt,2,w=8,sampled(4),18,1,0.6,252,0.92,0.91667
adapt,2,w=8,sampled(4),18,1,0.7,252,0.87,0.91667
adapt,2,w=8,sampled(4),18,1,0.8,252,0.87,0.91667
adapt,2,w=8,sampled(4),18,1,0.9,252,0.9,0.91667
adapt,2,w=8,sampled(4),18,1,1.0,252,0.89,0.91667
adapt,2,w=8,sampled(4),20,0,0.0,245,0.68041,0.83265
adapt,2,w=8,sampled(4),20,0,0.1,245,0.68041,0.83265
adapt,2,w=8,sampled(4),20,0,0.2,245,0.68041,0.83265
adapt,2,w=8,sampled(4),20,0,0.3,245,0.68041,0.83265
adapt,2,w=8,sampled(4),20,0,0.4,245,0.68041,0.83265
adapt,2,w=8,sampled(4),20,0,0.5,245,0.68041,0.83265
adapt,2,w=8,sampled(4),20,0,0.6,245,0.68041,0.83265
adapt,2,w=8,sampled(4),20,0,0.7,245,0.68041,0.83265
adapt,2,w=8,sampled(4),20,0,0.8,245,0.68041,0.83265
adapt,2,w=8,sampled(4),20,0,0.9,245,0.68041,0.83265
adapt,2,w=8,sampled(4),20,0,1.0,245,0.68041,0.83265
adapt,2,w=8,sampled(4),20,1,0.0,245,0.68041,0.9102
adapt,2,w=8,sampled(4),20,1,0.1,245,0.69072,0.9102
adapt,2,w=8,sampled(4),20,1,0.2,245,0.69072,0.9102
adapt,2,w=8,sampled(4),20,1,0.3,245,0.70103,0.9102
adapt,2,w=8,sampled(4),20,1,0.4,245,0.70103,0.9102
adapt,2,w=8,sampled(4),20,1,0.5,245,0.75258,0.9102
adapt,2,w=8,sampled(4),20,1,0.6,245,0.72165,0.9102
adapt,2,w=8,sampled(4),20,1,0.7,245,0.71134,0.9102
adapt,2,w=8,sampled(4),20,1,0.8,245,0.71134,0.9102
adapt,2,w=8,sampled(4),20,1,0.9,245,0.71134,0.9102
adapt,2,w=8,sampled(4),20,1,1.0,245,0.75258,0.9102
adapt,2,w=8,sampled(4),24,0,0.0,264,0.78095,0.74242
adapt,2,w=8,sampled(4),24,0,0.1,264,0.78095,0.74242
adapt,2,w=8,sampled(4),24,0,0.2,264,0.78095,0.74242
adapt,2,w=8,sampled(4),24,0,0.3,264,0.78095,0.74242
adapt,2,w=8,sampled(4),24,0,0.4,264,0.78095,0.74242
adapt,2,w=8,sampled(4),24,0,0.5,264,0.78095,0.74242
adapt,2,w=8,sampled(4),24,0,0.6,264,0.78095,0.74242
adapt,2,w=8,sampled(4),24,0,0.7,264,0.78095,0.74242
adapt,2,w=8,sampled(4),24,0,0.8,264,0.78095,0.74242
adapt,2,w=8,sampled(4),24,0,0.9,264,0.78095,0.74242
adapt,2,w=8,sampled(4),24,0,1.0,264,0.78095,0.74242
adapt,2,w=8,sampled(4),24,1,0.0,264,0.78095,0.87879
adapt,2,w=8,sampled(4),24,1,0.1,264,0.7619,0.87879
adapt,2,w=8,sampled(4),24,1,0.2,264,0.7619,0.87879
adapt,2,w=8,sampled(4),24,1,0.3,264,0.7619,0.87879
adapt,2,w=8,sampled(4),24,1,0.4,264,0.79048,0.87879
adapt,2,w=8,sampled(4),24,1,0.5,264,0.78095,0.87879
adapt,2,w=8,sampled(4),24,1,0.6,264,0.78095,0.87879
adapt,2,w=8,sampled(4),24,1,0.7,264,0.82857,0.87879
adapt,2,w=8,sampled(4),24,1,0.8,264,0.86667,0.87879
adapt,2,w=8,sampled(4),24,1,0.9,264,0.86667,0.87879
adapt,2,w=8,sampled(4),24,1,1.0,264,0.86667,0.87879
adapt,2,"w=4, k=3",exact,2,0,0.0,208,0.68293,0.70673
adapt,2,"w=4, k=3",exact,2,0,0.1,208,0.68293,0.70673
adapt,2,"w=4, k=3",exact,2,0,0.2,208,0.68293,0.70673
adapt,2,"w=4, k=3",exact,2,0,0.3,208,0.68293,0.70673
adapt,2,"w=4, k=3",exact,2,0,0.4,208,0.68293,0.70673
adapt,2,"w=4, k=3",exact,2,0,0.5,208,0.68293,0.70673
adapt,2,"w=4, k=3",exact,2,0,0.6,208,0.68293,0.70673
adapt,2,"w=4, k=3",exact,2,0,0.7,208,0.68293,0.70673
adapt,2,"w=4, k=3",exact,2,0,0.8,208,0.68293,0.70673
adapt,2,"w=4, k=3",exact,2,0,0.9,208,0.68293,0.70673
adapt,2,"w=4, k=3",exact,2,0,1.0,208,0.68293,0.70673
adapt,2,"w=4, k=3",exact,2,1,0.0,208,0.68293,0.90865
adapt,2,"w=4, k=3",exact,2,1,0.1,208,0.73171,0.90865
adapt,2,"w=4, k=3",exact,2,1,0.2,208,0.78049,0.90865
adapt,2,"w=4, k=3",exact,2,1,0.3,208,0.78049,0.90865
adapt,2,"w=4, k=3",exact,2,1,0.4,208,0.78049,0.90865
adapt,2,"w=4, k=3",exact,2,1,0.5,208,0.7561,0.90865
adapt,2,"w=4, k=3",exact,2,1,0.6,208,0.67073,0.90865
adapt,2,"w=4, k=3",exact,2,1,0.7,208,0.62195,0.90865
adapt,2,"w=4, k=3",exact,2,1,0.8,208,0.67073,0.90865
adapt,2,"w=4, k=3",exact,2,1,0.9,208,0.71951,0.90865
adapt,2,"w=4, k=3",exact,2,1,1.0,208,0.73171,0.90865
adapt,2,"w=4, k=3",exact,10,0,0.0,202,0.6375,0.72772
adapt,2,"w=4, k=3",exact,10,0,0.1,202,0.6375,0.72772
adapt,2,"w=4, k=3",exact,10,0,0.2,202,0.6375,0.72772
adapt,2,"w=4, k=3",exact,10,0,0.3,202,0.6375,0.72772
adapt,2,"w=4, k=3",exact,10,0,0.4,202,0.6375,0.72772
adapt,2,"w=4, k=3",exact,10,0,0.5,202,0.6375,0.72772
adapt,2,"w=4, k=3",exact,10,0,0.6,202,0.6375,0.72772
adapt,2,"w=4, k=3",exact,10,0,0.7,202,0.6375,0.72772
adapt,2,"w=4, k=3",exact,10,0,0.8,202,0.6375,0.72772
adapt,2,"w=4, k=3",exact,10,0,0.9,202,0.6375,0.72772
adapt,2,"w=4, k=3",exact,10,0,1.0,202,0.6375,0.72772
adapt,2,"w=4, k=3",exact,10,1,0.0,202,0.6375,0.91089
adapt,2,"w=4, k=3",exact,10,1,0.1,202,0.5875,0.91089
adapt,2,"w=4, k=3",exact,10,1,0.2,202,0.625,0.91089
adapt,2,"w=4, k=3",exact,10,1,0.3,202,0.6,0.91089
adapt,2,"w=4, k=3",exact,10,1,0.4,202,0.55,0.91089
adapt,2,"w=4, k=3",exact,10,1,0.5,202,0.55,0.91089
adapt,2,"w=4, k=3",exact,10,1,0.6,202,0.5625,0.91089
adapt,2,"w=4, k=3",exact,10,1,0.7,202,0.6,0.91089
adapt,2,"w=4, k=3",exact,10,1,0.8,202,0.6,0.91089
adapt,2,"w=4, k=3",exact,10,1,0.9,202,0.6375,0.91089
adapt,2,"w=4, k=3",exact,10,1,1.0,202,0.625,0.91089
adapt,2,"w=4, k=3",exact,9,0,0.0,200,0.69737,0.63
adapt,2,"w=4, k=3",exact,9,0,0.1,200,0.69737,0.63
adapt,2,"w=4, k=3",exact,9,0,0.2,200,0.69737,0.63
adapt,2,"w=4, k=3",exact,9,0,0.3,200,0.69737,0.63
adapt,2,"w=4, k=3",exact,9,0,0.4,200,0.69737,0.63
adapt,2,"w=4, k=3",exact,9,0,0.5,200,0.69737,0.63
adapt,2,"w=4, k=3",exact,9,0,0.6,200,0.69737,0.63
adapt,2,"w=4, k=3",exact,9,0,0.7,200,0.69737,0.63
adapt,2,"w=4, k=3",exact,9,0,0.8,200,0.69737,0.63
adapt,2,"w=4, k=3",exact,9,0,0.9,200,0.69737,0.63
adapt,2,"w=4, k=3",exact,9,0,1.0,200,0.69737,0.63
adapt,2,"w=4, k=3",exact,9,1,0.0,200,0.69737,0.88
adapt,2,"w=4, k=3",exact,9,1,0.1,200,0.72368,0.88
adapt,2,"w=4, k=3",exact,9,1,0.2,200,0.69737,0.88
adapt,2,"w=4, k=3",exact,9,1,0.3,200,0.69737,0.88
adapt,2,"w=4, k=3",exact,9,1,0.4,200,0.76316,0.88
adapt,2,"w=4, k=3",exact,9,1,0.5,200,0.76316,0.88
adapt,2,"w=4, k=3",exact,9,1,0.6,200,0.69737,0.88
adapt,2,"w=4, k=3",exact,9,1,0.7,200,0.67105,0.88
adapt,2,"w=4, k=3",exact,9,1,0.8,200,0.43421,0.88
adapt,2,"w=4, k=3",exact,9,1,0.9,200,0.59211,0.88
adapt,2,"w=4, k=3",exact,9,1,1.0,200,0.65789,0.88
adapt,2,"w=4, k=3",exact,12,0,0.0,222,0.63953,0.69369
adapt,2,"w=4, k=3",exact,12,0,0.1,222,0.63953,0.69369
adapt,2,"w=4, k=3",exact,12,0,0.2,222,0.63953,0.69369
adapt,2,"w=4, k=3",exact,12,0,0.3,222,0.63953,0.69369
adapt,2,"w=4, k=3",exact,12,0,0.4,222,0.63953,0.69369
adapt,2,"w=4, k=3",exact,12,0,0.5,222,0.63953,0.69369
adapt,2,"w=4, k=3",exact,12,0,0.6,222,0.63953,0.69369
adapt,2,"w=4, k=3",exact,12,0,0.7,222,0.63953,0.69369
adapt,2,"w=4, k=3",exact,12,0,0.8,222,0.63953,0.69369
adapt,2,"w=4, k=3",exact,12,0,0.9,222,0.63953,0.69369
adapt,2,"w=4, k=3",exact,12,0,1.0,222,0.63953,0.69369
adapt,2,"w=4, k=3",exact,12,1,0.0,222,0.63953,0.8964
adapt,2,"w=4, k=3",exact,12,1,0.1,222,0.65116,0.8964
adapt,2,"w=4, k=3",exact,12,1,0.2,222,0.62791,0.8964
adapt,2,"w=4, k=3",exact,12,1,0.3,222,0.59302,0.8964
adapt,2,"w=4, k=3",exact,12,1,0.4,222,0.59302,0.8964
adapt,2,"w=4, k=3",exact,12,1,0.5,222,0.59302,0.8964
adapt,2,"w=4, k=3",exact,12,1,0.6,222,0.55814,0.8964
adapt,2,"w=4, k=3",exact,12,1,0.7,222,0.61628,0.8964
adapt,2,"w=4, k=3",exact,12,1,0.8,222,0.75581,0.8964
adapt,2,"w=4, k=3",exact,12,1,0.9,222,0.7093,0.8964
adapt,2,"w=4, k=3",exact,12,1,1.0,222,0.76744,0.8964
adapt,2,"w=4, k=3",exact,4,0,0.0,220,0.6,0.57727
adapt,2,"w=4, k=3",exact,4,0,0.1,220,0.6,0.57727
adapt,2,"w=4, k=3",exact,4,0,0.2,220,0.6,0.57727
adapt,2,"w=4, k=3",exact,4,0,0.3,220,0.6,0.57727
adapt,2,"w=4, k=3",exact,4,0,0.4,220,0.6,0.57727
adapt,2,"w=4, k=3",exact,4,0,0.5,220,0.6,0.57727
adapt,2,"w=4, k=3",exact,4,0,0.6,220,0.6,0.57727
adapt,2,"w=4, k=3",exact,4,0,0.7,220,0.6,0.57727
adapt,2,"w=4, k=3",exact,4,0,0.8,220,0.6,0.57727
adapt,2,"w=4, k=3",exact,4,0,0.9,220,0.6,0.57727
adapt,2,"w=4, k=3",exact,4,0,1.0,220,0.6,0.57727
adapt,2,"w=4, k=3",exact,4,1,0.0,220,0.6,0.86364
adapt,2,"w=4, k=3",exact,4,1,0.1,220,0.58824,0.86364
adapt,2,"w=4, k=3",exact,4,1,0.2,220,0.42353,0.86364
adapt,2,"w=4, k=3",exact,4,1,0.3,220,0.6,0.86364
adapt,2,"w=4, k=3",exact,4,1,0.4,220,0.65882,0.86364
adapt,2,"w=4, k=3",exact,4,1,0.5,220,0.64706,0.86364
adapt,2,"w=4, k=3",exact,4,1,0.6,220,0.48235,0.86364
adapt,2,"w=4, k=3",exact,4,1,0.7,220,0.52941,0.86364
adapt,2,"w=4, k=3",exact,4,1,0.8,220,0.63529,0.86364
adapt,2,"w=4, k=3",exact,4,1,0.9,220,0.61176,0.86364
adapt,2,"w=4, k=3",exact,4,1,1.0,220,0.62353,0.86364
adapt,2,"w=4, k=3",exact,13,0,0.0,225,0.7,0.72889
adapt,2,"w=4, k=3",exact,13,0,0.1,225,0.7,0.72889
adapt,2,"w=4, k=3",exact,13,0,0.2,225,0.7,0.72889
adapt,2,"w=4, k=3",exact,13,0,0.3,225,0.7,0.72889
adapt,2,"w=4, k=3",exact,13,0,0.4,225,0.7,0.72889
adapt,2,"w=4, k=3",exact,13,0,0.5,225,0.7,0.72889
adapt,2,"w=4, k=3",exact,13,0,0.6,225,0.7,0.72889
adapt,2,"w=4, k=3",exact,13,0,0.7,225,0.7,0.72889
adapt,2,"w=4, k=3",exact,13,0,0.8,225,0.7,0.72889
adapt,2,"w=4, k=3",exact,13,0,0.9,225,0.7,0.72889
adapt,2,"w=4, k=3",exact,13,0,1.0,225,0.7,0.72889
adapt,2,"w=4, k=3",exact,13,1,0.0,225,0.7,0.92444
adapt,2,"w=4, k=3",exact,13,1,0.1,225,0.7,0.92444
adapt,2,"w=4, k=3",exact,13,1,0.2,225,0.71111,0.92444
adapt,2,"w=4, k=3",exact,13,1,0.3,225,0.71111,0.92444
adapt,2,"w=4, k=3",exact,13,1,0.4,225,0.8,0.92444
adapt,2,"w=4, k=3",exact,13,1,0.5,225,0.74444,0.92444
adapt,2,"w=4, k=3",exact,13,1,0.6,225,0.73333,0.92444
adapt,2,"w=4, k=3",exact,13,1,0.7,225,0.73333,0.92444
adapt,2,"w=4, k=3",exact,13,1,0.8,225,0.82222,0.92444
adapt,2,"w=4, k=3",exact,13,1,0.9,225,0.82222,0.92444
adapt,2,"w=4, k=3",exact,13,1,1.0,225,0.87778,0.92444
adapt,2,"w=4, k=3",exact,18,0,0.0,252,0.61,0.55952
adapt,2,"w=4, k=3",exact,18,0,0.1,252,0.61,0.55952
adapt,2,"w=4, k=3",exact,18,0,0.2,252,0.61,0.55952
adapt,2,"w=4, k=3",exact,18,0,0.3,252,0.61,0.55952
adapt,2,"w=4, k=3",exact,18,0,0.4,252,0.61,0.55952
adapt,2,"w=4, k=3",exact,18,0,0.5,252,0.61,0.55952
adapt,2,"w=4, k=3",exact,18,0,0.6,252,0.61,0.55952
adapt,2,"w=4, k=3",exact,18,0,0.7,252,0.61,0.55952
adapt,2,"w=4, k=3",exact,18,0,0.8,252,0.61,0.55952
adapt,2,"w=4, k=3",exact,18,0,0.9,252,0.61,0.55952
adapt,2,"w=4, k=3",exact,18,0,1.0,252,0.61,0.55952
adapt,2,"w=4, k=3",exact,18,1,0.0,252,0.61,0.9127
adapt,2,"w=4, k=3",exact,18,1,0.1,252,0.64,0.9127
adapt,2,"w=4, k=3",exact,18,1,0.2,252,0.72,0.9127
adapt,2,"w=4, k=3",exact,18,1,0.3,252,0.72,0.9127
adapt,2,"w=4, k=3",exact,18,1,0.4,252,0.72,0.9127
adapt,2,"w=4, k=3",exact,18,1,0.5,252,0.63,0.9127
adapt,2,"w=4, k=3",exact,18,1,0.6,252,0.8,0.9127
adapt,2,"w=4, k=3",exact,18,1,0.7,252,0.74,0.9127
adapt,2,"w=4, k=3",exact,18,1,0.8,252,0.71,0.9127
adapt,2,"w=4, k=3",exact,18,1,0.9,252,0.76,0.9127
adapt,2,"w=4, k=3",exact,18,1,1.0,252,0.84,0.9127
adapt,2,"w=4, k=3",exact,20,0,0.0,245,0.65979,0.69388
adapt,2,"w=4, k=3",exact,20,0,0.1,245,0.65979,0.69388
adapt,2,"w=4, k=3",exact,20,0,0.2,245,0.65979,0.69388
adapt,2,"w=4, k=3",exact,20,0,0.3,245,0.65979,0.69388
adapt,2,"w=4, k=3",exact,20,0,0.4,245,0.65979,0.69388
adapt,2,"w=4, k=3",exact,20,0,0.5,245,0.65979,0.69388
adapt,2,"w=4, k=3",exact,20,0,0.6,245,0.65979,0.69388
adapt,2,"w=4, k=3",exact,20,0,0.7,245,0.65979,0.69388
adapt,2,"w=4, k=3",exact,20,0,0.8,245,0.65979,0.69388
adapt,2,"w=4, k=3",exact,20,0,0.9,245,0.65979,0.69388
adapt,2,"w=4, k=3",exact,20,0,1.0,245,0.65979,0.69388
adapt,2,"w=4, k=3",exact,20,1,0.0,245,0.65979,0.90204
adapt,2,"w=4, k=3",exact,20,1,0.1,245,0.65979,0.90204
adapt,2,"w=4, k=3",exact,20,1,0.2,245,0.70103,0.90204
adapt,2,"w=4, k=3",exact,20,1,0.3,245,0.60825,0.90204
adapt,2,"w=4, k=3",exact,20,1,0.4,245,0.60825,0.90204
adapt,2,"w=4, k=3",exact,20,1,0.5,245,0.6701,0.90204
adapt,2,"w=4, k=3",exact,20,1,0.6,245,0.54639,0.90204
adapt,2,"w=4, k=3",exact,20,1,0.7,245,0.60825,0.90204
adapt,2,"w=4, k=3",exact,20,1,0.8,245,0.65979,0.90204
adapt,2,"w=4, k=3",exact,20,1,0.9,245,0.69072,0.90204
adapt,2,"w=4, k=3",exact,20,1,1.0,245,0.72165,0.90204
adapt,2,"w=4, k=3",exact,24,0,0.0,264,0.71429,0.69697
adapt,2,"w=4, k=3",exact,24,0,0.1,264,0.71429,0.69697
adapt,2,"w=4, k=3",exact,24,0,0.2,264,0.71429,0.69697
adapt,2,"w=4, k=3",exact,24,0,0.3,264,0.71429,0.69697
adapt,2,"w=4, k=3",exact,24,0,0.4,264,0.71429,0.69697
adapt,2,"w=4, k=3",exact,24,0,0.5,264,0.71429,0.69697
adapt,2,"w=4, k=3",exact,24,0,0.6,264,0.71429,0.69697
adapt,2,"w=4, k=3",exact,24,0,0.7,264,0.71429,0.69697
adapt,2,"w=4, k=3",exact,24,0,0.8,264,0.71429,0.69697
adapt,2,"w=4, k=3",exact,24,0,0.9,264,0.71429,0.69697
adapt,2,"w=4, k=3",exact,24,0,1.0,264,0.71429,0.69697
adapt,2,"w=4, k=3",exact,24,1,0.0,264,0.71429,0.93561
adapt,2,"w=4, k=3",exact,24,1,0.1,264,0.70476,0.93561
adapt,2,"w=4, k=3",exact,24,1,0.2,264,0.80952,0.93561
adapt,2,"w=4, k=3",exact,24,1,0.3,264,0.80952,0.93561
adapt,2,"w=4, k=3",exact,24,1,0.4,264,0.6381,0.93561
adapt,2,"w=4, k=3",exact,24,1,0.5,264,0.6381,0.93561
adapt,2,"w=4, k=3",exact,24,1,0.6,264,0.78095,0.93561
adapt,2,"w=4, k=3",exact,24,1,0.7,264,0.77143,0.93561
adapt,2,"w=4, k=3",exact,24,1,0.8,264,0.78095,0.93561
adapt,2,"w=4, k=3",exact,24,1,0.9,264,0.62857,0.93561
adapt,2,"w=4, k=3",exact,24,1,1.0,264,0.80952,0.93561
adapt,2,"w=4, k=3",trunc(1),2,0,0.0,208,0.73171,0.65865
adapt,2,"w=4, k=3",trunc(1),2,0,0.1,208,0.73171,0.65865
adapt,2,"w=4, k=3",trunc(1),2,0,0.2,208,0.73171,0.65865
adapt,2,"w=4, k=3",trunc(1),2,0,0.3,208,0.73171,0.65865
adapt,2,"w=4, k=3",trunc(1),2,0,0.4,208,0.73171,0.65865
adapt,2,"w=4, k=3",trunc(1),2,0,0.5,208,0.73171,0.65865
adapt,2,"w=4, k=3",trunc(1),2,0,0.6,208,0.73171,0.65865
adapt,2,"w=4, k=3",trunc(1),2,0,0.7,208,0.73171,0.65865
adapt,2,"w=4, k=3",trunc(1),2,0,0.8,208,0.73171,0.65865
adapt,2,"w=4, k=3",trunc(1),2,0,0.9,208,0.73171,0.65865
adapt,2,"w=4, k=3",trunc(1),2,0,1.0,208,0.73171,0.65865
adapt,2,"w=4, k=3",trunc(1),2,1,0.0,208,0.73171,0.875
adapt,2,"w=4, k=3",trunc(1),2,1,0.1,208,0.7561,0.875
adapt,2,"w=4, k=3",trunc(1),2,1,0.2,208,0.7561,0.875
adapt,2,"w=4, k=3",trunc(1),2,1,0.3,208,0.73171,0.875
adapt,2,"w=4, k=3",trunc(1),2,1,0.4,208,0.7561,0.875
adapt,2,"w=4, k=3",trunc(1),2,1,0.5,208,0.71951,0.875
adapt,2,"w=4, k=3",trunc(1),2,1,0.6,208,0.7439,0.875
adapt,2,"w=4, k=3",trunc(1),2,1,0.7,208,0.46341,0.875
adapt,2,"w=4, k=3",trunc(1),2,1,0.8,208,0.69512,0.875
adapt,2,"w=4, k=3",trunc(1),2,1,0.9,208,0.78049,0.875
adapt,2,"w=4, k=3",trunc(1),2,1,1.0,208,0.59756,0.875
adapt,2,"w=4, k=3",trunc(1),4,0,0.0,220,0.48235,0.55
adapt,2,"w=4, k=3",trunc(1),4,0,0.1,220,0.48235,0.55
adapt,2,"w=4, k=3",trunc(1),4,0,0.2,220,0.48235,0.55
adapt,2,"w=4, k=3",trunc(1),4,0,0.3,220,0.48235,0.55
adapt,2,"w=4, k=3",trunc(1),4,0,0.4,220,0.48235,0.55
adapt,2,"w=4, k=3",trunc(1),4,0,0.5,220,0.48235,0.55
adapt,2,"w=4, k=3",trunc(1),4,0,0.6,220,0.48235,0.55
adapt,2,"w=4, k=3",trunc(1),4,0,0.7,220,0.48235,0.55
adapt,2,"w=4, k=3",trunc(1),4,0,0.8,220,0.48235,0.55
adapt,2,"w=4, k=3",trunc(1),4,0,0.9,220,0.48235,0.55
adapt,2,"w=4, k=3",trunc(1),4,0,1.0,220,0.48235,0.55
adapt,2,"w=4, k=3",trunc(1),4,1,0.0,220,0.48235,0.87727
adapt,2,"w=4, k=3",trunc(1),4,1,0.1,220,0.51765,0.87727
adapt,2,"w=4, k=3",trunc(1),4,1,0.2,220,0.4,0.87727
adapt,2,"w=4, k=3",trunc(1),4,1,0.3,220,0.57647,0.87727
adapt,2,"w=4, k=3",trunc(1),4,1,0.4,220,0.57647,0.87727
adapt,2,"w=4, k=3",trunc(1),4,1,0.5,220,0.45882,0.87727
adapt,2,"w=4, k=3",trunc(1),4,1,0.6,220,0.52941,0.87727
adapt,2,"w=4, k=3",trunc(1),4,1,0.7,220,0.42353,0.87727
adapt,2,"w=4, k=3",trunc(1),4,1,0.8,220,0.58824,0.87727
adapt,2,"w=4, k=3",trunc(1),4,1,0.9,220,0.50588,0.87727
adapt,2,"w=4, k=3",trunc(1),4,1,1.0,220,0.50588,0.87727
adapt,2,"w=4, k=3",trunc(1),9,0,0.0,200,0.71053,0.585
adapt,2,"w=4, k=3",trunc(1),9,0,0.1,200,0.71053,0.585
adapt,2,"w=4, k=3",trunc(1),9,0,0.2,200,0.71053,0.585
adapt,2,"w=4, k=3",trunc(1),9,0,0.3,200,0.71053,0.585
adapt,2,"w=4, k=3",trunc(1),9,0,0.4,200,0.71053,0.585
adapt,2,"w=4, k=3",trunc(1),9,0,0.5,200,0.71053,0.585
adapt,2,"w=4, k=3",trunc(1),9,0,0.6,200,0.71053,0.585
adapt,2,"w=4, k=3",trunc(1),9,0,0.7,200,0.71053,0.585
adapt,2,"w=4, k=3",trunc(1),9,0,0.8,200,0.71053,0.585
adapt,2,"w=4, k=3",trunc(1),9,0,0.9,200,0.71053,0.585
adapt,2,"w=4, k=3",trunc(1),9,0,1.0,200,0.71053,0.585
adapt,2,"w=4, k=3",trunc(1),9,1,0.0,200,0.71053,0.835
adapt,2,"w=4, k=3",trunc(1),9,1,0.1,200,0.67105,0.835
adapt,2,"w=4, k=3",trunc(1),9,1,0.2,200,0.63158,0.835
adapt,2,"w=4, k=3",trunc(1),9,1,0.3,200,0.69737,0.835
adapt,2,"w=4, k=3",trunc(1),9,1,0.4,200,0.73684,0.835
adapt,2,"w=4, k=3",trunc(1),9,1,0.5,200,0.67105,0.835
adapt,2,"w=4, k=3",trunc(1),9,1,0.6,200,0.63158,0.835
adapt,2,"w=4, k=3",trunc(1),9,1,0.7,200,0.63158,0.835
adapt,2,"w=4, k=3",trunc(1),9,1,0.8,200,0.34211,0.835
adapt,2,"w=4, k=3",trunc(1),9,1,0.9,200,0.67105,0.835
adapt,2,"w=4, k=3",trunc(1),9,1,1.0,200,0.64474,0.835
adapt,2,"w=4, k=3",trunc(1),10,0,0.0,202,0.625,0.62871
adapt,2,"w=4, k=3",trunc(1),10,0,0.1,202,0.625,0.62871
adapt,2,"w=4, k=3",trunc(1),10,0,0.2,202,0.625,0.62871
adapt,2,"w=4, k=3",trunc(1),10,0,0.3,202,0.625,0.62871
adapt,2,"w=4, k=3",trunc(1),10,0,0.4,202,0.625,0.62871
adapt,2,"w=4, k=3",trunc(1),10,0,0.5,202,0.625,0.62871
adapt,2,"w=4, k=3",trunc(1),10,0,0.6,202,0.625,0.62871
adapt,2,"w=4, k=3",trunc(1),10,0,0.7,202,0.625,0.62871
adapt,2,"w=4, k=3",trunc(1),10,0,0.8,202,0.625,0.62871
adapt,2,"w=4, k=3",trunc(1),10,0,0.9,202,0.625,0.62871
adapt,2,"w=4, k=3",trunc(1),10,0,1.0,202,0.625,0.62871
adapt,2,"w=4, k=3",trunc(1),10,1,0.0,202,0.625,0.88119
adapt,2,"w=4, k=3",trunc(1),10,1,0.1,202,0.5875,0.88119
adapt,2,"w=4, k=3",trunc(1),10,1,0.2,202,0.575,0.88119
adapt,2,"w=4, k=3",trunc(1),10,1,0.3,202,0.5,0.88119
adapt,2,"w=4, k=3",trunc(1),10,1,0.4,202,0.4,0.88119
adapt,2,"w=4, k=3",trunc(1),10,1,0.5,202,0.4,0.88119
adapt,2,"w=4, k=3",trunc(1),10,1,0.6,202,0.3625,0.88119
adapt,2,"w=4, k=3",trunc(1),10,1,0.7,202,0.4625,0.88119
adapt,2,"w=4, k=3",trunc(1),10,1,0.8,202,0.5,0.88119
adapt,2,"w=4, k=3",trunc(1),10,1,0.9,202,0.55,0.88119
adapt,2,"w=4, k=3",trunc(1),10,1,1.0,202,0.575,0.88119
adapt,2,"w=4, k=3",trunc(1),12,0,0.0,222,0.62791,0.63063
adapt,2,"w=4, k=3",trunc(1),12,0,0.1,222,0.62791,0.63063
adapt,2,"w=4, k=3",trunc(1),12,0,0.2,222,0.62791,0.63063
adapt,2,"w=4, k=3",trunc(1),12,0,0.3,222,0.62791,0.63063
adapt,2,"w=4, k=3",trunc(1),12,0,0.4,222,0.62791,0.63063
adapt,2,"w=4, k=3",trunc(1),12,0,0.5,222,0.62791,0.63063
adapt,2,"w=4, k=3",trunc(1),12,0,0.6,222,0.62791,0.63063
adapt,2,"w=4, k=3",trunc(1),12,0,0.7,222,0.62791,0.63063
adapt,2,"w=4, k=3",trunc(1),12,0,0.8,222,0.62791,0.63063
adapt,2,"w=4, k=3",trunc(1),12,0,0.9,222,0.62791,0.63063
adapt,2,"w=4, k=3",trunc(1),12,0,1.0,222,0.62791,0.63063
adapt,2,"w=4, k=3",trunc(1),12,1,0.0,222,0.62791,0.86486
adapt,2,"w=4, k=3",trunc(1),12,1,0.1,222,0.68605,0.86486
adapt,2,"w=4, k=3",trunc(1),12,1,0.2,222,0.55814,0.86486
adapt,2,"w=4, k=3",trunc(1),12,1,0.3,222,0.63953,0.86486
adapt,2,"w=4, k=3",trunc(1),12,1,0.4,222,0.62791,0.86486
adapt,2,"w=4, k=3",trunc(1),12,1,0.5,222,0.54651,0.86486
adapt,2,"w=4, k=3",trunc(1),12,1,0.6,222,0.52326,0.86486
adapt,2,"w=4, k=3",trunc(1),12,1,0.7,222,0.52326,0.86486
adapt,2,"w=4, k=3",trunc(1),12,1,0.8,222,0.62791,0.86486
adapt,2,"w=4, k=3",trunc(1),12,1,0.9,222,0.61628,0.86486
adapt,2,"w=4, k=3",trunc(1),12,1,1.0,222,0.52326,0.86486
adapt,2,"w=4, k=3",trunc(1),18,0,0.0,252,0.61,0.52778
adapt,2,"w=4, k=3",trunc(1),18,0,0.1,252,0.61,0.52778
adapt,2,"w=4, k=3",trunc(1),18,0,0.2,252,0.61,0.52778
adapt,2,"w=4, k=3",trunc(1),18,0,0.3,252,0.61,0.52778
adapt,2,"w=4, k=3",trunc(1),18,0,0.4,252,0.61,0.52778
adapt,2,"w=4, k=3",trunc(1),18,0,0.5,252,0.61,0.52778
adapt,2,"w=4, k=3",trunc(1),18,0,0.6,252,0.61,0.52778
adapt,2,"w=4, k=3",trunc(1),18,0,0.7,252,0.61,0.52778
adapt,2,"w=4, k=3",trunc(1),18,0,0.8,252,0.61,0.52778
adapt,2,"w=4, k=3",trunc(1),18,0,0.9,252,0.61,0.52778
adapt,2,"w=4, k=3",trunc(1),18,0,1.0,252,0.61,0.52778
adapt,2,"w=4, k=3",trunc(1),18,1,0.0,252,0.61,0.88492
adapt,2,"w=4, k=3",trunc(1),18,1,0.1,252,0.65,0.88492
adapt,2,"w=4, k=3",trunc(1),18,1,0.2,252,0.64,0.88492
adapt,2,"w=4, k=3",trunc(1),18,1,0.3,252,0.7,0.88492
adapt,2,"w=4, k=3",trunc(1),18,1,0.4,252,0.7,0.88492
adapt,2,"w=4, k=3",trunc(1),18,1,0.5,252,0.38,0.88492
adapt,2,"w=4, k=3",trunc(1),18,1,0.6,252,0.63,0.88492
adapt,2,"w=4, k=3",trunc(1),18,1,0.7,252,0.59,0.88492
adapt,2,"w=4, k=3",trunc(1),18,1,0.8,252,0.68,0.88492
adapt,2,"w=4, k=3",trunc(1),18,1,0.9,252,0.77,0.88492
adapt,2,"w=4, k=3",trunc(1),18,1,1.0,252,0.65,0.88492
adapt,2,"w=4, k=3",trunc(1),13,0,0.0,225,0.61111,0.67111
adapt,2,"w=4, k=3",trunc(1),13,0,0.1,225,0.61111,0.67111
adapt,2,"w=4, k=3",trunc(1),13,0,0.2,225,0.61111,0.67111
adapt,2,"w=4, k=3",trunc(1),13,0,0.3,225,0.61111,0.67111
adapt,2,"w=4, k=3",trunc(1),13,0,0.4,225,0.61111,0.67111
adapt,2,"w=4, k=3",trunc(1),13,0,0.5,225,0.61111,0.67111
adapt,2,"w=4, k=3",trunc(1),13,0,0.6,225,0.61111,0.67111
adapt,2,"w=4, k=3",trunc(1),13,0,0.7,225,0.61111,0.67111
adapt,2,"w=4, k=3",trunc(1),13,0,0.8,225,0.61111,0.67111
adapt,2,"w=4, k=3",trunc(1),13,0,0.9,225,0.61111,0.67111
adapt,2,"w=4, k=3",trunc(1),13,0,1.0,225,0.61111,0.67111
adapt,2,"w=4, k=3",trunc(1),13,1,0.0,225,0.61111,0.91111
adapt,2,"w=4, k=3",trunc(1),13,1,0.1,225,0.74444,0.91111
adapt,2,"w=4, k=3",trunc(1),13,1,0.2,225,0.44444,0.91111
adapt,2,"w=4, k=3",trunc(1),13,1,0.3,225,0.58889,0.91111
adapt,2,"w=4, k=3",trunc(1),13,1,0.4,225,0.65556,0.91111
adapt,2,"w=4, k=3",trunc(1),13,1,0.5,225,0.54444,0.91111
adapt,2,"w=4, k=3",trunc(1),13,1,0.6,225,0.68889,0.91111
adapt,2,"w=4, k=3",trunc(1),13,1,0.7,225,0.72222,0.91111
adapt,2,"w=4, k=3",trunc(1),13,1,0.8,225,0.73333,0.91111
adapt,2,"w=4, k=3",trunc(1),13,1,0.9,225,0.8,0.91111
adapt,2,"w=4, k=3",trunc(1),13,1,1.0,225,0.71111,0.91111
adapt,2,"w=4, k=3",trunc(1),24,0,0.0,264,0.67619,0.71212
adapt,2,"w=4, k=3",trunc(1),24,0,0.1,264,0.67619,0.71212
adapt,2,"w=4, k=3",trunc(1),24,0,0.2,264,0.67619,0.71212
adapt,2,"w=4, k=3",trunc(1),24,0,0.3,264,0.67619,0.71212
adapt,2,"w=4, k=3",trunc(1),24,0,0.4,264,0.67619,0.71212
adapt,2,"w=4, k=3",trunc(1),24,0,0.5,264,0.67619,0.71212
adapt,2,"w=4, k=3",trunc(1),24,0,0.6,264,0.67619,0.71212
adapt,2,"w=4, k=3",trunc(1),24,0,0.7,264,0.67619,0.71212
adapt,2,"w=4, k=3",trunc(1),24,0,0.8,264,0.67619,0.71212
adapt,2,"w=4, k=3",trunc(1),24,0,0.9,264,0.67619,0.71212
adapt,2,"w=4, k=3",trunc(1),24,0,1.0,264,0.67619,0.71212
adapt,2,"w=4, k=3",trunc(1),24,1,0.0,264,0.67619,0.91288
adapt,2,"w=4, k=3",trunc(1),24,1,0.1,264,0.68571,0.91288
adapt,2,"w=4, k=3",trunc(1),24,1,0.2,264,0.58095,0.91288
adapt,2,"w=4, k=3",trunc(1),24,1,0.3,264,0.65714,0.91288
adapt,2,"w=4, k=3",trunc(1),24,1,0.4,264,0.57143,0.91288
adapt,2,"w=4, k=3",trunc(1),24,1,0.5,264,0.57143,0.91288
adapt,2,"w=4, k=3",trunc(1),24,1,0.6,264,0.66667,0.91288
adapt,2,"w=4, k=3",trunc(1),24,1,0.7,264,0.5619,0.91288
adapt,2,"w=4, k=3",trunc(1),24,1,0.8,264,0.68571,0.91288
adapt,2,"w=4, k=3",trunc(1),24,1,0.9,264,0.6381,0.91288
adapt,2,"w=4, k=3",trunc(1),24,1,1.0,264,0.68571,0.91288
adapt,2,"w=4, k=3",trunc(1),20,0,0.0,245,0.54639,0.66122
adapt,2,"w=4, k=3",trunc(1),20,0,0.1,245,0.54639,0.66122
adapt,2,"w=4, k=3",trunc(1),20,0,0.2,245,0.54639,0.66122
adapt,2,"w=4, k=3",trunc(1),20,0,0.3,245,0.54639,0.66122
adapt,2,"w=4, k=3",trunc(1),20,0,0.4,245,0.54639,0.66122
adapt,2,"w=4, k=3",trunc(1),20,0,0.5,245,0.54639,0.66122
adapt,2,"w=4, k=3",trunc(1),20,0,0.6,245,0.54639,0.66122
adapt,2,"w=4, k=3",trunc(1),20,0,0.7,245,0.54639,0.66122
adapt,2,"w=4, k=3",trunc(1),20,0,0.8,245,0.54639,0.66122
adapt,2,"w=4, k=3",trunc(1),20,0,0.9,245,0.54639,0.66122
adapt,2,"w=4, k=3",trunc(1),20,0,1.0,245,0.54639,0.66122
adapt,2,"w=4, k=3",trunc(1),20,1,0.0,245,0.54639,0.86939
adapt,2,"w=4, k=3",trunc(1),20,1,0.1,245,0.53608,0.86939
adapt,2,"w=4, k=3",trunc(1),20,1,0.2,245,0.47423,0.86939
adapt,2,"w=4, k=3",trunc(1),20,1,0.3,245,0.37113,0.86939
adapt,2,"w=4, k=3",trunc(1),20,1,0.4,245,0.56701,0.86939
adapt,2,"w=4, k=3",trunc(1),20,1,0.5,245,0.60825,0.86939
adapt,2,"w=4, k=3",trunc(1),20,1,0.6,245,0.52577,0.86939
adapt,2,"w=4, k=3",trunc(1),20,1,0.7,245,0.5567,0.86939
adapt,2,"w=4, k=3",trunc(1),20,1,0.8,245,0.57732,0.86939
adapt,2,"w=4, k=3",trunc(1),20,1,0.9,245,0.57732,0.86939
adapt,2,"w=4, k=3",trunc(1),20,1,1.0,245,0.73196,0.86939
adapt,2,"w=4, k=3",satcomp(2),4,0,0.0,220,0.54118,0.59091
adapt,2,"w=4, k=3",satcomp(2),4,0,0.1,220,0.54118,0.59091
adapt,2,"w=4, k=3",satcomp(2),4,0,0.2,220,0.54118,0.59091
adapt,2,"w=4, k=3",satcomp(2),4,0,0.3,220,0.54118,0.59091
adapt,2,"w=4, k=3",satcomp(2),4,0,0.4,220,0.54118,0.59091
adapt,2,"w=4, k=3",satcomp(2),4,0,0.5,220,0.54118,0.59091
adapt,2,"w=4, k=3",satcomp(2),4,0,0.6,220,0.54118,0.59091
adapt,2,"w=4, k=3",satcomp(2),4,0,0.7,220,0.54118,0.59091
adapt,2,"w=4, k=3",satcomp(2),4,0,0.8,220,0.54118,0.59091
adapt,2,"w=4, k=3",satcomp(2),4,0,0.9,220,0.54118,0.59091
adapt,2,"w=4, k=3",satcomp(2),4,0,1.0,220,0.54118,0.59091
adapt,2,"w=4, k=3",satcomp(2),4,1,0.0,220,0.54118,0.86364
adapt,2,"w=4, k=3",satcomp(2),4,1,0.1,220,0.54118,0.86364
adapt,2,"w=4, k=3",satcomp(2),4,1,0.2,220,0.32941,0.86364
adapt,2,"w=4, k=3",satcomp(2),4,1,0.3,220,0.55294,0.86364
adapt,2,"w=4, k=3",satcomp(2),4,1,0.4,220,0.57647,0.86364
adapt,2,"w=4, k=3",satcomp(2),4,1,0.5,220,0.52941,0.86364
adapt,2,"w=4, k=3",satcomp(2),4,1,0.6,220,0.49412,0.86364
adapt,2,"w=4, k=3",satcomp(2),4,1,0.7,220,0.63529,0.86364
adapt,2,"w=4, k=3",satcomp(2),4,1,0.8,220,0.67059,0.86364
adapt,2,"w=4, k=3",satcomp(2),4,1,0.9,220,0.62353,0.86364
adapt,2,"w=4, k=3",satcomp(2),4,1,1.0,220,0.65882,0.86364
adapt,2,"w=4, k=3",satcomp(2),9,0,0.0,200,0.65789,0.565
adapt,2,"w=4, k=3",satcomp(2),9,0,0.1,200,0.65789,0.565
adapt,2,"w=4, k=3",satcomp(2),9,0,0.2,200,0.65789,0.565
adapt,2,"w=4, k=3",satcomp(2),9,0,0.3,200,0.65789,0.565
adapt,2,"w=4, k=3",satcomp(2),9,0,0.4,200,0.65789,0.565
adapt,2,"w=4, k=3",satcomp(2),9,0,0.5,200,0.65789,0.565
adapt,2,"w=4, k=3",satcomp(2),9,0,0.6,200,0.65789,0.565
adapt,2,"w=4, k=3",satcomp(2),9,0,0.7,200,0.65789,0.565
adapt,2,"w=4, k=3",satcomp(2),9,0,0.8,200,0.65789,0.565
adapt,2,"w=4, k=3",satcomp(2),9,0,0.9,200,0.65789,0.565
adapt,2,"w=4, k=3",satcomp(2),9,0,1.0,200,0.65789,0.565
adapt,2,"w=4, k=3",satcomp(2),9,1,0.0,200,0.65789,0.835
adapt,2,"w=4, k=3",satcomp(2),9,1,0.1,200,0.64474,0.835
adapt,2,"w=4, k=3",satcomp(2),9,1,0.2,200,0.5,0.835
adapt,2,"w=4, k=3",satcomp(2),9,1,0.3,200,0.64474,0.835
adapt,2,"w=4, k=3",satcomp(2),9,1,0.4,200,0.75,0.835
adapt,2,"w=4, k=3",satcomp(2),9,1,0.5,200,0.72368,0.835
adapt,2,"w=4, k=3",satcomp(2),9,1,0.6,200,0.64474,0.835
adapt,2,"w=4, k=3",satcomp(2),9,1,0.7,200,0.63158,0.835
adapt,2,"w=4, k=3",satcomp(2),9,1,0.8,200,0.44737,0.835
adapt,2,"w=4, k=3",satcomp(2),9,1,0.9,200,0.56579,0.835
adapt,2,"w=4, k=3",satcomp(2),9,1,1.0,200,0.71053,0.835
adapt,2,"w=4, k=3",satcomp(2),2,0,0.0,208,0.64634,0.58173
adapt,2,"w=4, k=3",satcomp(2),2,0,0.1,208,0.64634,0.58173
adapt,2,"w=4, k=3",satcomp(2),2,0,0.2,208,0.64634,0.58173
adapt,2,"w=4, k=3",satcomp(2),2,0,0.3,208,0.64634,0.58173
adapt,2,"w=4, k=3",satcomp(2),2,0,0.4,208,0.64634,0.58173
adapt,2,"w=4, k=3",satcomp(2),2,0,0.5,208,0.64634,0.58173
adapt,2,"w=4, k=3",satcomp(2),2,0,0.6,208,0.64634,0.58173
adapt,2,"w=4, k=3",satcomp(2),2,0,0.7,208,0.64634,0.58173
adapt,2,"w=4, k=3",satcomp(2),2,0,0.8,208,0.64634,0.58173
adapt,2,"w=4, k=3",satcomp(2),2,0,0.9,208,0.64634,0.58173
adapt,2,"w=4, k=3",satcomp(2),2,0,1.0,208,0.64634,0.58173
adapt,2,"w=4, k=3",satcomp(2),2,1,0.0,208,0.64634,0.85577
adapt,2,"w=4, k=3",satcomp(2),2,1,0.1,208,0.64634,0.85577
adapt,2,"w=4, k=3",satcomp(2),2,1,0.2,208,0.39024,0.85577
adapt,2,"w=4, k=3",satcomp(2),2,1,0.3,208,0.57317,0.85577
adapt,2,"w=4, k=3",satcomp(2),2,1,0.4,208,0.58537,0.85577
adapt,2,"w=4, k=3",satcomp(2),2,1,0.5,208,0.57317,0.85577
adapt,2,"w=4, k=3",satcomp(2),2,1,0.6,208,0.52439,0.85577
adapt,2,"w=4, k=3",satcomp(2),2,1,0.7,208,0.56098,0.85577
adapt,2,"w=4, k=3",satcomp(2),2,1,0.8,208,0.5122,0.85577
adapt,2,"w=4, k=3",satcomp(2),2,1,0.9,208,0.56098,0.85577
adapt,2,"w=4, k=3",satcomp(2),2,1,1.0,208,0.4878,0.85577
adapt,2,"w=4, k=3",satcomp(2),10,0,0.0,202,0.35,0.74752
adapt,2,"w=4, k=3",satcomp(2),10,0,0.1,202,0.35,0.74752
adapt,2,"w=4, k=3",satcomp(2),10,0,0.2,202,0.35,0.74752
adapt,2,"w=4, k=3",satcomp(2),10,0,0.3,202,0.35,0.74752
adapt,2,"w=4, k=3",satcomp(2),10,0,0.4,202,0.35,0.74752
adapt,2,"w=4, k=3",satcomp(2),10,0,0.5,202,0.35,0.74752
adapt,2,"w=4, k=3",satcomp(2),10,0,0.6,202,0.35,0.74752
adapt,2,"w=4, k=3",satcomp(2),10,0,0.7,202,0.35,0.74752
adapt,2,"w=4, k=3",satcomp(2),10,0,0.8,202,0.35,0.74752
adapt,2,"w=4, k=3",satcomp(2),10,0,0.9,202,0.35,0.74752
adapt,2,"w=4, k=3",satcomp(2),10,0,1.0,202,0.35,0.74752
adapt,2,"w=4, k=3",satcomp(2),10,1,0.0,202,0.35,0.87624
adapt,2,"w=4, k=3",satcomp(2),10,1,0.1,202,0.325,0.87624
adapt,2,"w=4, k=3",satcomp(2),10,1,0.2,202,0.275,0.87624
adapt,2,"w=4, k=3",satcomp(2),10,1,0.3,202,0.45,0.87624
adapt,2,"w=4, k=3",satcomp(2),10,1,0.4,202,0.45,0.87624
adapt,2,"w=4, k=3",satcomp(2),10,1,0.5,202,0.45,0.87624
adapt,2,"w=4, k=3",satcomp(2),10,1,0.6,202,0.5375,0.87624
adapt,2,"w=4, k=3",satcomp(2),10,1,0.7,202,0.5,0.87624
adapt,2,"w=4, k=3",satcomp(2),10,1,0.8,202,0.3375,0.87624
adapt,2,"w=4, k=3",satcomp(2),10,1,0.9,202,0.5875,0.87624
adapt,2,"w=4, k=3",satcomp(2),10,1,1.0,202,0.525,0.87624
adapt,2,"w=4, k=3",satcomp(2),13,0,0.0,225,0.58889,0.66667
adapt,2,"w=4, k=3",satcomp(2),13,0,0.1,225,0.58889,0.66667
adapt,2,"w=4, k=3",satcomp(2),13,0,0.2,225,0.58889,0.66667
adapt,2,"w=4, k=3",satcomp(2),13,0,0.3,225,0.58889,0.66667
adapt,2,"w=4, k=3",satcomp(2),13,0,0.4,225,0.58889,0.66667
adapt,2,"w=4, k=3",satcomp(2),13,0,0.5,225,0.58889,0.66667
adapt,2,"w=4, k=3",satcomp(2),13,0,0.6,225,0.58889,0.66667
adapt,2,"w=4, k=3",satcomp(2),13,0,0.7,225,0.58889,0.66667
adapt,2,"w=4, k=3",satcomp(2),13,0,0.8,225,0.58889,0.66667
adapt,2,"w=4, k=3",satcomp(2),13,0,0.9,225,0.58889,0.66667
adapt,2,"w=4, k=3",satcomp(2),13,0,1.0,225,0.58889,0.66667
adapt,2,"w=4, k=3",satcomp(2),13,1,0.0,225,0.58889,0.89778
adapt,2,"w=4, k=3",satcomp(2),13,1,0.1,225,0.58889,0.89778
adapt,2,"w=4, k=3",satcomp(2),13,1,0.2,225,0.54444,0.89778
adapt,2,"w=4, k=3",satcomp(2),13,1,0.3,225,0.71111,0.89778
adapt,2,"w=4, k=3",satcomp(2),13,1,0.4,225,0.71111,0.89778
adapt,2,"w=4, k=3",satcomp(2),13,1,0.5,225,0.7,0.89778
adapt,2,"w=4, k=3",satcomp(2),13,1,0.6,225,0.61111,0.89778
adapt,2,"w=4, k=3",satcomp(2),13,1,0.7,225,0.71111,0.89778
adapt,2,"w=4, k=3",satcomp(2),13,1,0.8,225,0.7,0.89778
adapt,2,"w=4, k=3",satcomp(2),13,1,0.9,225,0.66667,0.89778
adapt,2,"w=4, k=3",satcomp(2),13,1,1.0,225,0.76667,0.89778
adapt,2,"w=4, k=3",satcomp(2),18,0,0.0,252,0.67,0.53571
adapt,2,"w=4, k=3",satcomp(2),18,0,0.1,252,0.67,0.53571
adapt,2,"w=4, k=3",satcomp(2),18,0,0.2,252,0.67,0.53571
adapt,2,"w=4, k=3",satcomp(2),18,0,0.3,252,0.67,0.53571
adapt,2,"w=4, k=3",satcomp(2),18,0,0.4,252,0.67,0.53571
adapt,2,"w=4, k=3",satcomp(2),18,0,0.5,252,0.67,0.53571
adapt,2,"w=4, k=3",satcomp(2),18,0,0.6,252,0.67,0.53571
adapt,2,"w=4, k=3",satcomp(2),18,0,0.7,252,0.67,0.53571
adapt,2,"w=4, k=3",satcomp(2),18,0,0.8,252,0.67,0.53571
adapt,2,"w=4, k=3",satcomp(2),18,0,0.9,252,0.67,0.53571
adapt,2,"w=4, k=3",satcomp(2),18,0,1.0,252,0.67,0.53571
adapt,2,"w=4, k=3",satcomp(2),18,1,0.0,252,0.67,0.87698
adapt,2,"w=4, k=3",satcomp(2),18,1,0.1,252,0.67,0.87698
adapt,2,"w=4, k=3",satcomp(2),18,1,0.2,252,0.67,0.87698
adapt,2,"w=4, k=3",satcomp(2),18,1,0.3,252,0.71,0.87698
adapt,2,"w=4, k=3",satcomp(2),18,1,0.4,252,0.71,0.87698
adapt,2,"w=4, k=3",satcomp(2),18,1,0.5,252,0.6,0.87698
adapt,2,"w=4, k=3",satcomp(2),18,1,0.6,252,0.66,0.87698
adapt,2,"w=4, k=3",satcomp(2),18,1,0.7,252,0.56,0.87698
adapt,2,"w=4, k=3",satcomp(2),18,1,0.8,252,0.67,0.87698
adapt,2,"w=4, k=3",satcomp(2),18,1,0.9,252,0.77,0.87698
adapt,2,"w=4, k=3",satcomp(2),18,1,1.0,252,0.58,0.87698
adapt,2,"w=4, k=3",satcomp(2),12,0,0.0,222,0.59302,0.62162
adapt,2,"w=4, k=3",satcomp(2),12,0,0.1,222,0.59302,0.62162
adapt,2,"w=4, k=3",satcomp(2),12,0,0.2,222,0.59302,0.62162
adapt,2,"w=4, k=3",satcomp(2),12,0,0.3,222,0.59302,0.62162
adapt,2,"w=4, k=3",satcomp(2),12,0,0.4,222,0.59302,0.62162
adapt,2,"w=4, k=3",satcomp(2),12,0,0.5,222,0.59302,0.62162
adapt,2,"w=4, k=3",satcomp(2),12,0,0.6,222,0.59302,0.62162
adapt,2,"w=4, k=3",satcomp(2),12,0,0.7,222,0.59302,0.62162
adapt,2,"w=4, k=3",satcomp(2),12,0,0.8,222,0.59302,0.62162
adapt,2,"w=4, k=3",satcomp(2),12,0,0.9,222,0.59302,0.62162
adapt,2,"w=4, k=3",satcomp(2),12,0,1.0,222,0.59302,0.62162
adapt,2,"w=4, k=3",satcomp(2),12,1,0.0,222,0.59302,0.87387
adapt,2,"w=4, k=3",satcomp(2),12,1,0.1,222,0.59302,0.87387
adapt,2,"w=4, k=3",satcomp(2),12,1,0.2,222,0.5814,0.87387
adapt,2,"w=4, k=3",satcomp(2),12,1,0.3,222,0.52326,0.87387
adapt,2,"w=4, k=3",satcomp(2),12,1,0.4,222,0.73256,0.87387
adapt,2,"w=4, k=3",satcomp(2),12,1,0.5,222,0.73256,0.87387
adapt,2,"w=4, k=3",satcomp(2),12,1,0.6,222,0.62791,0.87387
adapt,2,"w=4, k=3",satcomp(2),12,1,0.7,222,0.5814,0.87387
adapt,2,"w=4, k=3",satcomp(2),12,1,0.8,222,0.66279,0.87387
adapt,2,"w=4, k=3",satcomp(2),12,1,0.9,222,0.67442,0.87387
adapt,2,"w=4, k=3",satcomp(2),12,1,1.0,222,0.75581,0.87387
adapt,2,"w=4, k=3",satcomp(2),20,0,0.0,245,0.52577,0.65306
adapt,2,"w=4, k=3",satcomp(2),20,0,0.1,245,0.52577,0.65306
adapt,2,"w=4, k=3",satcomp(2),20,0,0.2,245,0.52577,0.65306
adapt,2,"w=4, k=3",satcomp(2),20,0,0.3,245,0.52577,0.65306
adapt,2,"w=4, k=3",satcomp(2),20,0,0.4,245,0.52577,0.65306
adapt,2,"w=4, k=3",satcomp(2),20,0,0.5,245,0.52577,0.65306
adapt,2,"w=4, k=3",satcomp(2),20,0,0.6,245,0.52577,0.65306
adapt,2,"w=4, k=3",satcomp(2),20,0,0.7,245,0.52577,0.65306
adapt,2,"w=4, k=3",satcomp(2),20,0,0.8,245,0.52577,0.65306
adapt,2,"w=4, k=3",satcomp(2),20,0,0.9,245,0.52577,0.65306
adapt,2,"w=4, k=3",satcomp(2),20,0,1.0,245,0.52577,0.65306
adapt,2,"w=4, k=3",satcomp(2),20,1,0.0,245,0.52577,0.88163
adapt,2,"w=4, k=3",satcomp(2),20,1,0.1,245,0.51546,0.88163
adapt,2,"w=4, k=3",satcomp(2),20,1,0.2,245,0.42268,0.88163
adapt,2,"w=4, k=3",satcomp(2),20,1,0.3,245,0.36082,0.88163
adapt,2,"w=4, k=3",satcomp(2),20,1,0.4,245,0.58763,0.88163
adapt,2,"w=4, k=3",satcomp(2),20,1,0.5,245,0.58763,0.88163
adapt,2,"w=4, k=3",satcomp(2),20,1,0.6,245,0.60825,0.88163
adapt,2,"w=4, k=3",satcomp(2),20,1,0.7,245,0.59794,0.88163
adapt,2,"w=4, k=3",satcomp(2),20,1,0.8,245,0.65979,0.88163
adapt,2,"w=4, k=3",satcomp(2),20,1,0.9,245,0.6701,0.88163
adapt,2,"w=4, k=3",satcomp(2),20,1,1.0,245,0.70103,0.88163
adapt,2,"w=4, k=3",sampled(4),2,0,0.0,208,0.36585,0.36058
adapt,2,"w=4, k=3",sampled(4),2,0,0.1,208,0.36585,0.36058
adapt,2,"w=4, k=3",sampled(4),2,0,0.2,208,0.36585,0.36058
adapt,2,"w=4, k=3",sampled(4),2,0,0.3,208,0.36585,0.36058
adapt,2,"w=4, k=3",sampled(4),2,0,0.4,208,0.36585,0.36058
adapt,2,"w=4, k=3",sampled(4),2,0,0.5,208,0.36585,0.36058
adapt,2,"w=4, k=3",sampled(4),2,0,0.6,208,0.36585,0.36058
adapt,2,"w=4, k=3",sampled(4),2,0,0.7,208,0.36585,0.36058
adapt,2,"w=4, k=3",sampled(4),2,0,0.8,208,0.36585,0.36058
adapt,2,"w=4, k=3",sampled(4),2,0,0.9,208,0.36585,0.36058
adapt,2,"w=4, k=3",sampled(4),2,0,1.0,208,0.36585,0.36058
adapt,2,"w=4, k=3",sampled(4),2,1,0.0,208,0.36585,0.86058
adapt,2,"w=4, k=3",sampled(4),2,1,0.1,208,0.58537,0.86058
adapt,2,"w=4, k=3",sampled(4),2,1,0.2,208,0.46341,0.86058
adapt,2,"w=4, k=3",sampled(4),2,1,0.3,208,0.56098,0.86058
adapt,2,"w=4, k=3",sampled(4),2,1,0.4,208,0.65854,0.86058
adapt,2,"w=4, k=3",sampled(4),2,1,0.5,208,0.58537,0.86058
adapt,2,"w=4, k=3",sampled(4),2,1,0.6,208,0.58537,0.86058
adapt,2,"w=4, k=3",sampled(4),2,1,0.7,208,0.59756,0.86058
adapt,2,"w=4, k=3",sampled(4),2,1,0.8,208,0.65854,0.86058
adapt,2,"w=4, k=3",sampled(4),2,1,0.9,208,0.76829,0.86058
adapt,2,"w=4, k=3",sampled(4),2,1,1.0,208,0.81707,0.86058
adapt,2,"w=4, k=3",satcomp(2),24,0,0.0,264,0.62857,0.7197
adapt,2,"w=4, k=3",satcomp(2),24,0,0.1,264,0.62857,0.7197
adapt,2,"w=4, k=3",satcomp(2),24,0,0.2,264,0.62857,0.7197
adapt,2,"w=4, k=3",satcomp(2),24,0,0.3,264,0.62857,0.7197
adapt,2,"w=4, k=3",satcomp(2),24,0,0.4,264,0.62857,0.7197
adapt,2,"w=4, k=3",satcomp(2),24,0,0.5,264,0.62857,0.7197
adapt,2,"w=4, k=3",satcomp(2),24,0,0.6,264,0.62857,0.7197
adapt,2,"w=4, k=3",satcomp(2),24,0,0.7,264,0.62857,0.7197
adapt,2,"w=4, k=3",satcomp(2),24,0,0.8,264,0.62857,0.7197
adapt,2,"w=4, k=3",satcomp(2),24,0,0.9,264,0.62857,0.7197
adapt,2,"w=4, k=3",satcomp(2),24,0,1.0,264,0.62857,0.7197
adapt,2,"w=4, k=3",satcomp(2),24,1,0.0,264,0.62857,0.88636
adapt,2,"w=4, k=3",satcomp(2),24,1,0.1,264,0.62857,0.88636
adapt,2,"w=4, k=3",satcomp(2),24,1,0.2,264,0.59048,0.88636
adapt,2,"w=4, k=3",satcomp(2),24,1,0.3,264,0.70476,0.88636
adapt,2,"w=4, k=3",satcomp(2),24,1,0.4,264,0.61905,0.88636
adapt,2,"w=4, k=3",satcomp(2),24,1,0.5,264,0.62857,0.88636
adapt,2,"w=4, k=3",satcomp(2),24,1,0.6,264,0.68571,0.88636
adapt,2,"w=4, k=3",satcomp(2),24,1,0.7,264,0.58095,0.88636
adapt,2,"w=4, k=3",satcomp(2),24,1,0.8,264,0.6381,0.88636
adapt,2,"w=4, k=3",satcomp(2),24,1,0.9,264,0.72381,0.88636
adapt,2,"w=4, k=3",satcomp(2),24,1,1.0,264,0.81905,0.88636
adapt,2,"w=4, k=3",sampled(4),10,0,0.0,202,0.325,0.35644
adapt,2,"w=4, k=3",sampled(4),10,0,0.1,202,0.325,0.35644
adapt,2,"w=4, k=3",sampled(4),10,0,0.2,202,0.325,0.35644
adapt,2,"w=4, k=3",sampled(4),10,0,0.3,202,0.325,0.35644
adapt,2,"w=4, k=3",sampled(4),10,0,0.4,202,0.325,0.35644
adapt,2,"w=4, k=3",sampled(4),10,0,0.5,202,0.325,0.35644
adapt,2,"w=4, k=3",sampled(4),10,0,0.6,202,0.325,0.35644
adapt,2,"w=4, k=3",sampled(4),10,0,0.7,202,0.325,0.35644
adapt,2,"w=4, k=3",sampled(4),10,0,0.8,202,0.325,0.35644
adapt,2,"w=4, k=3",sampled(4),10,0,0.9,202,0.325,0.35644
adapt,2,"w=4, k=3",sampled(4),10,0,1.0,202,0.325,0.35644
adapt,2,"w=4, k=3",sampled(4),10,1,0.0,202,0.325,0.82673
adapt,2,"w=4, k=3",sampled(4),10,1,0.1,202,0.3625,0.82673
adapt,2,"w=4, k=3",sampled(4),10,1,0.2,202,0.4375,0.82673
adapt,2,"w=4, k=3",sampled(4),10,1,0.3,202,0.55,0.82673
adapt,2,"w=4, k=3",sampled(4),10,1,0.4,202,0.5625,0.82673
adapt,2,"w=4, k=3",sampled(4),10,1,0.5,202,0.5125,0.82673
adapt,2,"w=4, k=3",sampled(4),10,1,0.6,202,0.55,0.82673
adapt,2,"w=4, k=3",sampled(4),10,1,0.7,202,0.575,0.82673
adapt,2,"w=4, k=3",sampled(4),10,1,0.8,202,0.3875,0.82673
adapt,2,"w=4, k=3",sampled(4),10,1,0.9,202,0.5125,0.82673
adapt,2,"w=4, k=3",sampled(4),10,1,1.0,202,0.55,0.82673
adapt,2,"w=4, k=3",sampled(4),4,0,0.0,220,0.44706,0.38636
adapt,2,"w=4, k=3",sampled(4),4,0,0.1,220,0.44706,0.38636
adapt,2,"w=4, k=3",sampled(4),4,0,0.2,220,0.44706,0.38636
adapt,2,"w=4, k=3",sampled(4),4,0,0.3,220,0.44706,0.38636
adapt,2,"w=4, k=3",sampled(4),4,0,0.4,220,0.44706,0.38636
adapt,2,"w=4, k=3",sampled(4),4,0,0.5,220,0.44706,0.38636
adapt,2,"w=4, k=3",sampled(4),4,0,0.6,220,0.44706,0.38636
adapt,2,"w=4, k=3",sampled(4),4,0,0.7,220,0.44706,0.38636
adapt,2,"w=4, k=3",sampled(4),4,0,0.8,220,0.44706,0.38636
adapt,2,"w=4, k=3",sampled(4),4,0,0.9,220,0.44706,0.38636
adapt,2,"w=4, k=3",sampled(4),4,0,1.0,220,0.44706,0.38636
adapt,2,"w=4, k=3",sampled(4),4,1,0.0,220,0.44706,0.80909
adapt,2,"w=4, k=3",sampled(4),4,1,0.1,220,0.36471,0.80909
adapt,2,"w=4, k=3",sampled(4),4,1,0.2,220,0.31765,0.80909
adapt,2,"w=4, k=3",sampled(4),4,1,0.3,220,0.43529,0.80909
adapt,2,"w=4, k=3",sampled(4),4,1,0.4,220,0.55294,0.80909
adapt,2,"w=4, k=3",sampled(4),4,1,0.5,220,0.50588,0.80909
adapt,2,"w=4, k=3",sampled(4),4,1,0.6,220,0.47059,0.80909
adapt,2,"w=4, k=3",sampled(4),4,1,0.7,220,0.62353,0.80909
adapt,2,"w=4, k=3",sampled(4),4,1,0.8,220,0.50588,0.80909
adapt,2,"w=4, k=3",sampled(4),4,1,0.9,220,0.63529,0.80909
adapt,2,"w=4, k=3",sampled(4),4,1,1.0,220,0.6,0.80909
adapt,2,"w=4, k=3",sampled(4),9,0,0.0,200,0.36842,0.31
adapt,2,"w=4, k=3",sampled(4),9,0,0.1,200,0.36842,0.31
adapt,2,"w=4, k=3",sampled(4),9,0,0.2,200,0.36842,0.31
adapt,2,"w=4, k=3",sampled(4),9,0,0.3,200,0.36842,0.31
adapt,2,"w=4, k=3",sampled(4),9,0,0.4,200,0.36842,0.31
adapt,2,"w=4, k=3",sampled(4),9,0,0.5,200,0.36842,0.31
adapt,2,"w=4, k=3",sampled(4),9,0,0.6,200,0.36842,0.31
adapt,2,"w=4, k=3",sampled(4),9,0,0.7,200,0.36842,0.31
adapt,2,"w=4, k=3",sampled(4),9,0,0.8,200,0.36842,0.31
adapt,2,"w=4, k=3",sampled(4),9,0,0.9,200,0.36842,0.31
adapt,2,"w=4, k=3",sampled(4),9,0,1.0,200,0.36842,0.31
adapt,2,"w=4, k=3",sampled(4),9,1,0.0,200,0.36842,0.795
adapt,2,"w=4, k=3",sampled(4),9,1,0.1,200,0.52632,0.795
adapt,2,"w=4, k=3",sampled(4),9,1,0.2,200,0.52632,0.795
adapt,2,"w=4, k=3",sampled(4),9,1,0.3,200,0.64474,0.795
adapt,2,"w=4, k=3",sampled(4),9,1,0.4,200,0.67105,0.795
adapt,2,"w=4, k=3",sampled(4),9,1,0.5,200,0.65789,0.795
adapt,2,"w=4, k=3",sampled(4),9,1,0.6,200,0.64474,0.795
adapt,2,"w=4, k=3",sampled(4),9,1,0.7,200,0.64474,0.795
adapt,2,"w=4, k=3",sampled(4),9,1,0.8,200,0.43421,0.795
adapt,2,"w=4, k=3",sampled(4),9,1,0.9,200,0.75,0.795
adapt,2,"w=4, k=3",sampled(4),9,1,1.0,200,0.76316,0.795
adapt,2,"w=4, k=3",sampled(4),12,0,0.0,222,0.40698,0.43243
adapt,2,"w=4, k=3",sampled(4),12,0,0.1,222,0.40698,0.43243
adapt,2,"w=4, k=3",sampled(4),12,0,0.2,222,0.40698,0.43243
adapt,2,"w=4, k=3",sampled(4),12,0,0.3,222,0.40698,0.43243
adapt,2,"w=4, k=3",sampled(4),12,0,0.4,222,0.40698,0.43243
adapt,2,"w=4, k=3",sampled(4),12,0,0.5,222,0.40698,0.43243
adapt,2,"w=4, k=3",sampled(4),12,0,0.6,222,0.40698,0.43243
adapt,2,"w=4, k=3",sampled(4),12,0,0.7,222,0.40698,0.43243
adapt,2,"w=4, k=3",sampled(4),12,0,0.8,222,0.40698,0.43243
adapt,2,"w=4, k=3",sampled(4),12,0,0.9,222,0.40698,0.43243
adapt,2,"w=4, k=3",sampled(4),12,0,1.0,222,0.40698,0.43243
adapt,2,"w=4, k=3",sampled(4),12,1,0.0,222,0.40698,0.85586
adapt,2,"w=4, k=3",sampled(4),12,1,0.1,222,0.54651,0.85586
adapt,2,"w=4, k=3",sampled(4),12,1,0.2,222,0.5814,0.85586
adapt,2,"w=4, k=3",sampled(4),12,1,0.3,222,0.55814,0.85586
adapt,2,"w=4, k=3",sampled(4),12,1,0.4,222,0.55814,0.85586
adapt,2,"w=4, k=3",sampled(4),12,1,0.5,222,0.62791,0.85586
adapt,2,"w=4, k=3",sampled(4),12,1,0.6,222,0.61628,0.85586
adapt,2,"w=4, k=3",sampled(4),12,1,0.7,222,0.7093,0.85586
adapt,2,"w=4, k=3",sampled(4),12,1,0.8,222,0.68605,0.85586
adapt,2,"w=4, k=3",sampled(4),12,1,0.9,222,0.65116,0.85586
adapt,2,"w=4, k=3",sampled(4),12,1,1.0,222,0.68605,0.85586
adapt,2,"w=4, k=3",sampled(4),13,0,0.0,225,0.41111,0.48
adapt,2,"w=4, k=3",sampled(4),13,0,0.1,225,0.41111,0.48
adapt,2,"w=4, k=3",sampled(4),13,0,0.2,225,0.41111,0.48
adapt,2,"w=4, k=3",sampled(4),13,0,0.3,225,0.41111,0.48
adapt,2,"w=4, k=3",sampled(4),13,0,0.4,225,0.41111,0.48
adapt,2,"w=4, k=3",sampled(4),13,0,0.5,225,0.41111,0.48
adapt,2,"w=4, k=3",sampled(4),13,0,0.6,225,0.41111,0.48
adapt,2,"w=4, k=3",sampled(4),13,0,0.7,225,0.41111,0.48
adapt,2,"w=4, k=3",sampled(4),13,0,0.8,225,0.41111,0.48
adapt,2,"w=4, k=3",sampled(4),13,0,0.9,225,0.41111,0.48
adapt,2,"w=4, k=3",sampled(4),13,0,1.0,225,0.41111,0.48
adapt,2,"w=4, k=3",sampled(4),13,1,0.0,225,0.41111,0.89333
adapt,2,"w=4, k=3",sampled(4),13,1,0.1,225,0.6,0.89333
adapt,2,"w=4, k=3",sampled(4),13,1,0.2,225,0.4,0.89333
adapt,2,"w=4, k=3",sampled(4),13,1,0.3,225,0.53333,0.89333
adapt,2,"w=4, k=3",sampled(4),13,1,0.4,225,0.67778,0.89333
adapt,2,"w=4, k=3",sampled(4),13,1,0.5,225,0.56667,0.89333
adapt,2,"w=4, k=3",sampled(4),13,1,0.6,225,0.77778,0.89333
adapt,2,"w=4, k=3",sampled(4),13,1,0.7,225,0.82222,0.89333
adapt,2,"w=4, k=3",sampled(4),13,1,0.8,225,0.83333,0.89333
adapt,2,"w=4, k=3",sampled(4),13,1,0.9,225,0.88889,0.89333
adapt,2,"w=4, k=3",sampled(4),13,1,1.0,225,0.83333,0.89333
adapt,2,"w=4, k=3",sampled(4),18,0,0.0,252,0.39,0.43254
adapt,2,"w=4, k=3",sampled(4),18,0,0.1,252,0.39,0.43254
adapt,2,"w=4, k=3",sampled(4),18,0,0.2,252,0.39,0.43254
adapt,2,"w=4, k=3",sampled(4),18,0,0.3,252,0.39,0.43254
adapt,2,"w=4, k=3",sampled(4),18,0,0.4,252,0.39,0.43254
adapt,2,"w=4, k=3",sampled(4),18,0,0.5,252,0.39,0.43254
adapt,2,"w=4, k=3",sampled(4),18,0,0.6,252,0.39,0.43254
adapt,2,"w=4, k=3",sampled(4),18,0,0.7,252,0.39,0.43254
adapt,2,"w=4, k=3",sampled(4),18,0,0.8,252,0.39,0.43254
adapt,2,"w=4, k=3",sampled(4),18,0,0.9,252,0.39,0.43254
adapt,2,"w=4, k=3",sampled(4),18,0,1.0,252,0.39,0.43254
adapt,2,"w=4, k=3",sampled(4),18,1,0.0,252,0.39,0.87302
adapt,2,"w=4, k=3",sampled(4),18,1,0.1,252,0.6,0.87302
adapt,2,"w=4, k=3",sampled(4),18,1,0.2,252,0.6,0.87302
adapt,2,"w=4, k=3",sampled(4),18,1,0.3,252,0.66,0.87302
adapt,2,"w=4, k=3",sampled(4),18,1,0.4,252,0.66,0.87302
adapt,2,"w=4, k=3",sampled(4),18,1,0.5,252,0.61,0.87302
adapt,2,"w=4, k=3",sampled(4),18,1,0.6,252,0.75,0.87302
adapt,2,"w=4, k=3",sampled(4),18,1,0.7,252,0.66,0.87302
adapt,2,"w=4, k=3",sampled(4),18,1,0.8,252,0.76,0.87302
adapt,2,"w=4, k=3",sampled(4),18,1,0.9,252,0.86,0.87302
adapt,2,"w=4, k=3",sampled(4),18,1,1.0,252,0.77,0.87302
adapt,2,"w=4, k=3",sampled(4),20,0,0.0,245,0.39175,0.47755
adapt,2,"w=4, k=3",sampled(4),20,0,0.1,245,0.39175,0.47755
adapt,2,"w=4, k=3",sampled(4),20,0,0.2,245,0.39175,0.47755
adapt,2,"w=4, k=3",sampled(4),20,0,0.3,245,0.39175,0.47755
adapt,2,"w=4, k=3",sampled(4),20,0,0.4,245,0.39175,0.47755
adapt,2,"w=4, k=3",sampled(4),20,0,0.5,245,0.39175,0.47755
adapt,2,"w=4, k=3",sampled(4),20,0,0.6,245,0.39175,0.47755
adapt,2,"w=4, k=3",sampled(4),20,0,0.7,245,0.39175,0.47755
adapt,2,"w=4, k=3",sampled(4),20,0,0.8,245,0.39175,0.47755
adapt,2,"w=4, k=3",sampled(4),20,0,0.9,245,0.39175,0.47755
adapt,2,"w=4, k=3",sampled(4),20,0,1.0,245,0.39175,0.47755
adapt,2,"w=4, k=3",sampled(4),20,1,0.0,245,0.39175,0.86122
adapt,2,"w=4, k=3",sampled(4),20,1,0.1,245,0.49485,0.86122
adapt,2,"w=4, k=3",sampled(4),20,1,0.2,245,0.39175,0.86122
adapt,2,"w=4, k=3",sampled(4),20,1,0.3,245,0.3299,0.86122
adapt,2,"w=4, k=3",sampled(4),20,1,0.4,245,0.49485,0.86122
adapt,2,"w=4, k=3",sampled(4),20,1,0.5,245,0.5567,0.86122
adapt,2,"w=4, k=3",sampled(4),20,1,0.6,245,0.48454,0.86122
adapt,2,"w=4, k=3",sampled(4),20,1,0.7,245,0.57732,0.86122
adapt,2,"w=4, k=3",sampled(4),20,1,0.8,245,0.68041,0.86122
adapt,2,"w=4, k=3",sampled(4),20,1,0.9,245,0.6701,0.86122
adapt,2,"w=4, k=3",sampled(4),20,1,1.0,245,0.71134,0.86122
adapt,2,"w=4, k=3",sampled(4),24,0,0.0,264,0.51429,0.48106
adapt,2,"w=4, k=3",sampled(4),24,0,0.1,264,0.51429,0.48106
adapt,2,"w=4, k=3",sampled(4),24,0,0.2,264,0.51429,0.48106
adapt,2,"w=4, k=3",sampled(4),24,0,0.3,264,0.51429,0.48106
adapt,2,"w=4, k=3",sampled(4),24,0,0.4,264,0.51429,0.48106
adapt,2,"w=4, k=3",sampled(4),24,0,0.5,264,0.51429,0.48106
adapt,2,"w=4, k=3",sampled(4),24,0,0.6,264,0.51429,0.48106
adapt,2,"w=4, k=3",sampled(4),24,0,0.7,264,0.51429,0.48106
adapt,2,"w=4, k=3",sampled(4),24,0,0.8,264,0.51429,0.48106
adapt,2,"w=4, k=3",sampled(4),24,0,0.9,264,0.51429,0.48106
adapt,2,"w=4, k=3",sampled(4),24,0,1.0,264,0.51429,0.48106
adapt,2,"w=4, k=3",sampled(4),24,1,0.0,264,0.51429,0.89015
adapt,2,"w=4, k=3",sampled(4),24,1,0.1,264,0.59048,0.89015
adapt,2,"w=4, k=3",sampled(4),24,1,0.2,264,0.35238,0.89015
adapt,2,"w=4, k=3",sampled(4),24,1,0.3,264,0.54286,0.89015
adapt,2,"w=4, k=3",sampled(4),24,1,0.4,264,0.60952,0.89015
adapt,2,"w=4, k=3",sampled(4),24,1,0.5,264,0.60952,0.89015
adapt,2,"w=4, k=3",sampled(4),24,1,0.6,264,0.65714,0.89015
adapt,2,"w=4, k=3",sampled(4),24,1,0.7,264,0.70476,0.89015
adapt,2,"w=4, k=3",sampled(4),24,1,0.8,264,0.81905,0.89015
adapt,2,"w=4, k=3",sampled(4),24,1,0.9,264,0.71429,0.89015
adapt,2,"w=4, k=3",sampled(4),24,1,1.0,264,0.85714,0.89015
adapt,3,w=8,exact,2,1,0.0,208,0.86585,0.95192
adapt,3,w=8,exact,2,1,0.1,208,0.82927,0.95192
adapt,3,w=8,exact,2,1,0.2,208,0.81707,0.95192
adapt,3,w=8,exact,2,1,0.3,208,0.80488,0.95192
adapt,3,w=8,exact,2,1,0.4,208,0.80488,0.95192
adapt,3,w=8,exact,2,1,0.5,208,0.80488,0.95192
adapt,3,w=8,exact,2,1,0.6,208,0.81707,0.95192
adapt,3,w=8,exact,2,1,0.7,208,0.81707,0.95192
adapt,3,w=8,exact,2,1,0.8,208,0.80488,0.95192
adapt,3,w=8,exact,2,1,0.9,208,0.81707,0.95192
adapt,3,w=8,exact,2,1,1.0,208,0.80488,0.95192
adapt,3,w=8,exact,4,0,0.0,220,0.81176,0.72727
adapt,3,w=8,exact,4,0,0.1,220,0.81176,0.72727
adapt,3,w=8,exact,4,0,0.2,220,0.81176,0.72727
adapt,3,w=8,exact,4,0,0.3,220,0.81176,0.72727
adapt,3,w=8,exact,4,0,0.4,220,0.81176,0.72727
adapt,3,w=8,exact,4,0,0.5,220,0.81176,0.72727
adapt,3,w=8,exact,4,0,0.6,220,0.81176,0.72727
adapt,3,w=8,exact,4,0,0.7,220,0.81176,0.72727
adapt,3,w=8,exact,4,0,0.8,220,0.81176,0.72727
adapt,3,w=8,exact,4,0,0.9,220,0.81176,0.72727
adapt,3,w=8,exact,4,0,1.0,220,0.81176,0.72727
adapt,3,w=8,exact,4,1,0.0,220,0.81176,0.89091
adapt,3,w=8,exact,4,1,0.1,220,0.82353,0.89091
adapt,3,w=8,exact,4,1,0.2,220,0.84706,0.89091
adapt,3,w=8,exact,4,1,0.3,220,0.82353,0.89091
adapt,3,w=8,exact,4,1,0.4,220,0.82353,0.89091
adapt,3,w=8,exact,4,1,0.5,220,0.82353,0.89091
adapt,3,w=8,exact,4,1,0.6,220,0.78824,0.89091
adapt,3,w=8,exact,4,1,0.7,220,0.8,0.89091
adapt,3,w=8,exact,4,1,0.8,220,0.81176,0.89091
adapt,3,w=8,exact,4,1,0.9,220,0.83529,0.89091
adapt,3,w=8,exact,4,1,1.0,220,0.85882,0.89091
adapt,3,w=8,exact,9,0,0.0,200,0.73684,0.72
adapt,3,w=8,exact,9,0,0.1,200,0.73684,0.72
adapt,3,w=8,exact,9,0,0.2,200,0.73684,0.72
adapt,3,w=8,exact,9,0,0.3,200,0.73684,0.72
adapt,3,w=8,exact,9,0,0.4,200,0.73684,0.72
adapt,3,w=8,exact,9,0,0.5,200,0.73684,0.72
adapt,3,w=8,exact,9,0,0.6,200,0.73684,0.72
adapt,3,w=8,exact,9,0,0.7,200,0.73684,0.72
adapt,3,w=8,exact,9,0,0.8,200,0.73684,0.72
adapt,3,w=8,exact,9,0,0.9,200,0.73684,0.72
adapt,3,w=8,exact,9,0,1.0,200,0.73684,0.72
adapt,3,w=8,exact,9,1,0.0,200,0.73684,0.86
adapt,3,w=8,exact,9,1,0.1,200,0.69737,0.86
adapt,3,w=8,exact,9,1,0.2,200,0.72368,0.86
adapt,3,w=8,exact,9,1,0.3,200,0.72368,0.86
adapt,3,w=8,exact,9,1,0.4,200,0.76316,0.86
adapt,3,w=8,exact,9,1,0.5,200,0.76316,0.86
adapt,3,w=8,exact,9,1,0.6,200,0.75,0.86
adapt,3,w=8,exact,9,1,0.7,200,0.75,0.86
adapt,3,w=8,exact,9,1,0.8,200,0.69737,0.86
adapt,3,w=8,exact,9,1,0.9,200,0.72368,0.86
adapt,3,w=8,exact,9,1,1.0,200,0.75,0.86
adapt,3,w=8,exact,10,0,0.0,202,0.3625,0.75248
adapt,3,w=8,exact,10,0,0.1,202,0.3625,0.75248
adapt,3,w=8,exact,10,0,0.2,202,0.3625,0.75248
adapt,3,w=8,exact,10,0,0.3,202,0.3625,0.75248
adapt,3,w=8,exact,10,0,0.4,202,0.3625,0.75248
adapt,3,w=8,exact,10,0,0.5,202,0.3625,0.75248
adapt,3,w=8,exact,10,0,0.6,202,0.3625,0.75248
adapt,3,w=8,exact,10,0,0.7,202,0.3625,0.75248
adapt,3,w=8,exact,10,0,0.8,202,0.3625,0.75248
adapt,3,w=8,exact,10,0,0.9,202,0.3625,0.75248
adapt,3,w=8,exact,10,0,1.0,202,0.3625,0.75248
adapt,3,w=8,exact,10,1,0.0,202,0.3625,0.88614
adapt,3,w=8,exact,10,1,0.1,202,0.3875,0.88614
adapt,3,w=8,exact,10,1,0.2,202,0.375,0.88614
adapt,3,w=8,exact,10,1,0.3,202,0.375,0.88614
adapt,3,w=8,exact,10,1,0.4,202,0.375,0.88614
adapt,3,w=8,exact,10,1,0.5,202,0.375,0.88614
adapt,3,w=8,exact,10,1,0.6,202,0.375,0.88614
adapt,3,w=8,exact,10,1,0.7,202,0.375,0.88614
adapt,3,w=8,exact,10,1,0.8,202,0.3875,0.88614
adapt,3,w=8,exact,10,1,0.9,202,0.4,0.88614
adapt,3,w=8,exact,10,1,1.0,202,0.45,0.88614
adapt,3,w=8,exact,12,0,0.0,222,0.72093,0.84234
adapt,3,w=8,exact,12,0,0.1,222,0.72093,0.84234
adapt,3,w=8,exact,12,0,0.2,222,0.72093,0.84234
adapt,3,w=8,exact,12,0,0.3,222,0.72093,0.84234
adapt,3,w=8,exact,12,0,0.4,222,0.72093,0.84234
adapt,3,w=8,exact,12,0,0.5,222,0.72093,0.84234
adapt,3,w=8,exact,12,0,0.6,222,0.72093,0.84234
adapt,3,w=8,exact,12,0,0.7,222,0.72093,0.84234
adapt,3,w=8,exact,12,0,0.8,222,0.72093,0.84234
adapt,3,w=8,exact,12,0,0.9,222,0.72093,0.84234
adapt,3,w=8,exact,12,0,1.0,222,0.72093,0.84234
adapt,3,w=8,exact,13,1,0.0,225,0.86667,0.92444
adapt,3,w=8,exact,13,1,0.1,225,0.87778,0.92444
adapt,3,w=8,exact,13,1,0.2,225,0.91111,0.92444
adapt,3,w=8,exact,13,1,0.3,225,0.9,0.92444
adapt,3,w=8,exact,13,1,0.4,225,0.9,0.92444
adapt,3,w=8,exact,13,1,0.5,225,0.9,0.92444
adapt,3,w=8,exact,13,1,0.6,225,0.91111,0.92444
adapt,3,w=8,exact,13,1,0.7,225,0.91111,0.92444
adapt,3,w=8,exact,13,1,0.8,225,0.93333,0.92444
adapt,3,w=8,exact,13,1,0.9,225,0.93333,0.92444
adapt,3,w=8,exact,13,1,1.0,225,0.96667,0.92444
adapt,3,w=8,exact,18,0,0.0,252,0.9,0.80952
adapt,3,w=8,exact,18,0,0.1,252,0.9,0.80952
adapt,3,w=8,exact,18,0,0.2,252,0.9,0.80952
adapt,3,w=8,exact,18,0,0.3,252,0.9,0.80952
adapt,3,w=8,exact,18,0,0.4,252,0.9,0.80952
adapt,3,w=8,exact,18,0,0.5,252,0.9,0.80952
adapt,3,w=8,exact,18,0,0.6,252,0.9,0.80952
adapt,3,w=8,exact,18,0,0.7,252,0.9,0.80952
adapt,3,w=8,exact,18,0,0.8,252,0.9,0.80952
adapt,3,w=8,exact,18,0,0.9,252,0.9,0.80952
adapt,3,w=8,exact,18,0,1.0,252,0.9,0.80952
adapt,3,w=8,exact,12,1,0.0,222,0.72093,0.92793
adapt,3,w=8,exact,12,1,0.1,222,0.73256,0.92793
adapt,3,w=8,exact,12,1,0.2,222,0.74419,0.92793
adapt,3,w=8,exact,12,1,0.3,222,0.74419,0.92793
adapt,3,w=8,exact,12,1,0.4,222,0.74419,0.92793
adapt,3,w=8,exact,12,1,0.5,222,0.74419,0.92793
adapt,3,w=8,exact,12,1,0.6,222,0.7093,0.92793
adapt,3,w=8,exact,12,1,0.7,222,0.76744,0.92793
adapt,3,w=8,exact,12,1,0.8,222,0.74419,0.92793
adapt,3,w=8,exact,12,1,0.9,222,0.76744,0.92793
adapt,3,w=8,exact,12,1,1.0,222,0.77907,0.92793
adapt,3,w=8,exact,13,0,0.0,225,0.86667,0.89333
adapt,3,w=8,exact,13,0,0.1,225,0.86667,0.89333
adapt,3,w=8,exact,13,0,0.2,225,0.86667,0.89333
adapt,3,w=8,exact,13,0,0.3,225,0.86667,0.89333
adapt,3,w=8,exact,13,0,0.4,225,0.86667,0.89333
adapt,3,w=8,exact,13,0,0.5,225,0.86667,0.89333
adapt,3,w=8,exact,13,0,0.6,225,0.86667,0.89333
adapt,3,w=8,exact,13,0,0.7,225,0.86667,0.89333
adapt,3,w=8,exact,13,0,0.8,225,0.86667,0.89333
adapt,3,w=8,exact,13,0,0.9,225,0.86667,0.89333
adapt,3,w=8,exact,13,0,1.0,225,0.86667,0.89333
adapt,3,w=8,exact,18,1,0.0,252,0.9,0.90476
adapt,3,w=8,exact,18,1,0.1,252,0.9,0.90476
adapt,3,w=8,exact,18,1,0.2,252,0.83,0.90476
adapt,3,w=8,exact,18,1,0.3,252,0.91,0.90476
adapt,3,w=8,exact,18,1,0.4,252,0.91,0.90476
adapt,3,w=8,exact,18,1,0.5,252,0.88,0.90476
adapt,3,w=8,exact,18,1,0.6,252,0.92,0.90476
adapt,3,w=8,exact,18,1,0.7,252,0.91,0.90476
adapt,3,w=8,exact,18,1,0.8,252,0.89,0.90476
adapt,3,w=8,exact,18,1,0.9,252,0.88,0.90476
adapt,3,w=8,exact,18,1,1.0,252,0.88,0.90476
adapt,3,w=8,exact,20,0,0.0,245,0.79381,0.88571
adapt,3,w=8,exact,20,0,0.1,245,0.79381,0.88571
adapt,3,w=8,exact,20,0,0.2,245,0.79381,0.88571
adapt,3,w=8,exact,20,0,0.3,245,0.79381,0.88571
adapt,3,w=8,exact,20,0,0.4,245,0.79381,0.88571
adapt,3,w=8,exact,20,0,0.5,245,0.79381,0.88571
adapt,3,w=8,exact,20,0,0.6,245,0.79381,0.88571
adapt,3,w=8,exact,20,0,0.7,245,0.79381,0.88571
adapt,3,w=8,exact,20,0,0.8,245,0.79381,0.88571
adapt,3,w=8,exact,20,0,0.9,245,0.79381,0.88571
adapt,3,w=8,exact,20,0,1.0,245,0.79381,0.88571
adapt,3,w=8,exact,20,1,0.0,245,0.79381,0.91429
adapt,3,w=8,exact,20,1,0.1,245,0.78351,0.91429
adapt,3,w=8,exact,20,1,0.2,245,0.74227,0.91429
adapt,3,w=8,exact,20,1,0.3,245,0.75258,0.91429
adapt,3,w=8,exact,20,1,0.4,245,0.75258,0.91429
adapt,3,w=8,exact,20,1,0.5,245,0.7732,0.91429
adapt,3,w=8,exact,20,1,0.6,245,0.76289,0.91429
adapt,3,w=8,exact,20,1,0.7,245,0.78351,0.91429
adapt,3,w=8,exact,20,1,0.8,245,0.7732,0.91429
adapt,3,w=8,exact,20,1,0.9,245,0.79381,0.91429
adapt,3,w=8,exact,20,1,1.0,245,0.79381,0.91429
adapt,3,w=8,exact,24,0,0.0,264,0.84762,0.79167
adapt,3,w=8,exact,24,0,0.1,264,0.84762,0.79167
adapt,3,w=8,exact,24,0,0.2,264,0.84762,0.79167
adapt,3,w=8,exact,24,0,0.3,264,0.84762,0.79167
adapt,3,w=8,exact,24,0,0.4,264,0.84762,0.79167
adapt,3,w=8,exact,24,0,0.5,264,0.84762,0.79167
adapt,3,w=8,exact,24,0,0.6,264,0.84762,0.79167
adapt,3,w=8,exact,24,0,0.7,264,0.84762,0.79167
adapt,3,w=8,exact,24,0,0.8,264,0.84762,0.79167
adapt,3,w=8,exact,24,0,0.9,264,0.84762,0.79167
adapt,3,w=8,exact,24,0,1.0,264,0.84762,0.79167
adapt,3,w=8,exact,24,1,0.0,264,0.84762,0.93182
adapt,3,w=8,exact,24,1,0.1,264,0.78095,0.93182
adapt,3,w=8,exact,24,1,0.2,264,0.84762,0.93182
adapt,3,w=8,exact,24,1,0.3,264,0.84762,0.93182
adapt,3,w=8,exact,24,1,0.4,264,0.84762,0.93182
adapt,3,w=8,exact,24,1,0.5,264,0.84762,0.93182
adapt,3,w=8,exact,24,1,0.6,264,0.90476,0.93182
adapt,3,w=8,exact,24,1,0.7,264,0.92381,0.93182
adapt,3,w=8,exact,24,1,0.8,264,0.93333,0.93182
adapt,3,w=8,exact,24,1,0.9,264,0.93333,0.93182
adapt,3,w=8,exact,24,1,1.0,264,0.89524,0.93182
adapt,3,w=8,trunc(1),2,0,0.0,208,0.65854,0.72115
adapt,3,w=8,trunc(1),2,0,0.1,208,0.65854,0.72115
adapt,3,w=8,trunc(1),2,0,0.2,208,0.65854,0.72115
adapt,3,w=8,trunc(1),2,0,0.3,208,0.65854,0.72115
adapt,3,w=8,trunc(1),2,0,0.4,208,0.65854,0.72115
adapt,3,w=8,trunc(1),2,0,0.5,208,0.65854,0.72115
adapt,3,w=8,trunc(1),2,0,0.6,208,0.65854,0.72115
adapt,3,w=8,trunc(1),2,0,0.7,208,0.65854,0.72115
adapt,3,w=8,trunc(1),2,0,0.8,208,0.65854,0.72115
adapt,3,w=8,trunc(1),2,0,0.9,208,0.65854,0.72115
adapt,3,w=8,trunc(1),2,0,1.0,208,0.65854,0.72115
adapt,3,w=8,trunc(1),2,1,0.0,208,0.65854,0.81731
adapt,3,w=8,trunc(1),2,1,0.1,208,0.69512,0.81731
adapt,3,w=8,trunc(1),2,1,0.2,208,0.65854,0.81731
adapt,3,w=8,trunc(1),2,1,0.3,208,0.67073,0.81731
adapt,3,w=8,trunc(1),2,1,0.4,208,0.70732,0.81731
adapt,3,w=8,trunc(1),2,1,0.5,208,0.69512,0.81731
adapt,3,w=8,trunc(1),2,1,0.6,208,0.69512,0.81731
adapt,3,w=8,trunc(1),2,1,0.7,208,0.69512,0.81731
adapt,3,w=8,trunc(1),2,1,0.8,208,0.65854,0.81731
adapt,3,w=8,trunc(1),2,1,0.9,208,0.67073,0.81731
adapt,3,w=8,trunc(1),2,1,1.0,208,0.69512,0.81731
adapt,3,w=8,trunc(1),4,0,0.0,220,0.50588,0.63636
adapt,3,w=8,trunc(1),4,0,0.1,220,0.50588,0.63636
adapt,3,w=8,trunc(1),4,0,0.2,220,0.50588,0.63636
adapt,3,w=8,trunc(1),4,0,0.3,220,0.50588,0.63636
adapt,3,w=8,trunc(1),4,0,0.4,220,0.50588,0.63636
adapt,3,w=8,trunc(1),4,0,0.5,220,0.50588,0.63636
adapt,3,w=8,trunc(1),4,0,0.6,220,0.50588,0.63636
adapt,3,w=8,trunc(1),4,0,0.7,220,0.50588,0.63636
adapt,3,w=8,trunc(1),4,0,0.8,220,0.50588,0.63636
adapt,3,w=8,trunc(1),4,0,0.9,220,0.50588,0.63636
adapt,3,w=8,trunc(1),4,0,1.0,220,0.50588,0.63636
adapt,3,w=8,trunc(1),4,1,0.0,220,0.50588,0.73636
adapt,3,w=8,trunc(1),4,1,0.1,220,0.37647,0.73636
adapt,3,w=8,trunc(1),4,1,0.2,220,0.38824,0.73636
adapt,3,w=8,trunc(1),4,1,0.3,220,0.49412,0.73636
adapt,3,w=8,trunc(1),4,1,0.4,220,0.56471,0.73636
adapt,3,w=8,trunc(1),4,1,0.5,220,0.58824,0.73636
adapt,3,w=8,trunc(1),4,1,0.6,220,0.61176,0.73636
adapt,3,w=8,trunc(1),4,1,0.7,220,0.63529,0.73636
adapt,3,w=8,trunc(1),4,1,0.8,220,0.56471,0.73636
adapt,3,w=8,trunc(1),4,1,0.9,220,0.63529,0.73636
adapt,3,w=8,trunc(1),4,1,1.0,220,0.61176,0.73636
adapt,3,w=8,trunc(1),9,0,0.0,200,0.61842,0.71
adapt,3,w=8,trunc(1),9,0,0.1,200,0.61842,0.71
adapt,3,w=8,trunc(1),9,0,0.2,200,0.61842,0.71
adapt,3,w=8,trunc(1),9,0,0.3,200,0.61842,0.71
adapt,3,w=8,trunc(1),9,0,0.4,200,0.61842,0.71
adapt,3,w=8,trunc(1),9,0,0.5,200,0.61842,0.71
adapt,3,w=8,trunc(1),9,0,0.6,200,0.61842,0.71
adapt,3,w=8,trunc(1),9,0,0.7,200,0.61842,0.71
adapt,3,w=8,trunc(1),9,0,0.8,200,0.61842,0.71
adapt,3,w=8,trunc(1),9,0,0.9,200,0.61842,0.71
adapt,3,w=8,trunc(1),9,0,1.0,200,0.61842,0.71
adapt,3,w=8,trunc(1),9,1,0.0,200,0.61842,0.785
adapt,3,w=8,trunc(1),9,1,0.1,200,0.64474,0.785
adapt,3,w=8,trunc(1),9,1,0.2,200,0.59211,0.785
adapt,3,w=8,trunc(1),9,1,0.3,200,0.59211,0.785
adapt,3,w=8,trunc(1),9,1,0.4,200,0.68421,0.785
adapt,3,w=8,trunc(1),9,1,0.5,200,0.65789,0.785
adapt,3,w=8,trunc(1),9,1,0.6,200,0.64474,0.785
adapt,3,w=8,trunc(1),9,1,0.7,200,0.61842,0.785
adapt,3,w=8,trunc(1),9,1,0.8,200,0.61842,0.785
adapt,3,w=8,trunc(1),9,1,0.9,200,0.64474,0.785
adapt,3,w=8,trunc(1),9,1,1.0,200,0.67105,0.785
adapt,3,w=8,trunc(1),10,0,0.0,202,0.4625,0.61386
adapt,3,w=8,trunc(1),10,0,0.1,202,0.4625,0.61386
adapt,3,w=8,trunc(1),10,0,0.2,202,0.4625,0.61386
adapt,3,w=8,trunc(1),10,0,0.3,202,0.4625,0.61386
adapt,3,w=8,trunc(1),10,0,0.4,202,0.4625,0.61386
adapt,3,w=8,trunc(1),10,0,0.5,202,0.4625,0.61386
adapt,3,w=8,trunc(1),10,0,0.6,202,0.4625,0.61386
adapt,3,w=8,trunc(1),10,0,0.7,202,0.4625,0.61386
adapt,3,w=8,trunc(1),10,0,0.8,202,0.4625,0.61386
adapt,3,w=8,trunc(1),10,0,0.9,202,0.4625,0.61386
adapt,3,w=8,trunc(1),10,0,1.0,202,0.4625,0.61386
adapt,3,w=8,trunc(1),10,1,0.0,202,0.4625,0.74257
adapt,3,w=8,trunc(1),10,1,0.1,202,0.3875,0.74257
adapt,3,w=8,trunc(1),10,1,0.2,202,0.3625,0.74257
adapt,3,w=8,trunc(1),10,1,0.3,202,0.4625,0.74257
adapt,3,w=8,trunc(1),10,1,0.4,202,0.4625,0.74257
adapt,3,w=8,trunc(1),10,1,0.5,202,0.475,0.74257
adapt,3,w=8,trunc(1),10,1,0.6,202,0.4625,0.74257
adapt,3,w=8,trunc(1),10,1,0.7,202,0.4625,0.74257
adapt,3,w=8,trunc(1),10,1,0.8,202,0.4125,0.74257
adapt,3,w=8,trunc(1),10,1,0.9,202,0.4,0.74257
adapt,3,w=8,trunc(1),10,1,1.0,202,0.425,0.74257
adapt,3,w=8,trunc(1),12,0,0.0,222,0.54651,0.57658
adapt,3,w=8,trunc(1),12,0,0.1,222,0.54651,0.57658
adapt,3,w=8,trunc(1),12,0,0.2,222,0.54651,0.57658
adapt,3,w=8,trunc(1),12,0,0.3,222,0.54651,0.57658
adapt,3,w=8,trunc(1),12,0,0.4,222,0.54651,0.57658
adapt,3,w=8,trunc(1),12,0,0.5,222,0.54651,0.57658
adapt,3,w=8,trunc(1),12,0,0.6,222,0.54651,0.57658
adapt,3,w=8,trunc(1),12,0,0.7,222,0.54651,0.57658
adapt,3,w=8,trunc(1),12,0,0.8,222,0.54651,0.57658
adapt,3,w=8,trunc(1),12,0,0.9,222,0.54651,0.57658
adapt,3,w=8,trunc(1),12,0,1.0,222,0.54651,0.57658
adapt,3,w=8,trunc(1),13,1,0.0,225,0.67778,0.82222
adapt,3,w=8,trunc(1),13,1,0.1,225,0.72222,0.82222
adapt,3,w=8,trunc(1),13,1,0.2,225,0.65556,0.82222
adapt,3,w=8,trunc(1),13,1,0.3,225,0.65556,0.82222
adapt,3,w=8,trunc(1),13,1,0.4,225,0.66667,0.82222
adapt,3,w=8,trunc(1),13,1,0.5,225,0.66667,0.82222
adapt,3,w=8,trunc(1),13,1,0.6,225,0.64444,0.82222
adapt,3,w=8,trunc(1),13,1,0.7,225,0.62222,0.82222
adapt,3,w=8,trunc(1),13,1,0.8,225,0.61111,0.82222
adapt,3,w=8,trunc(1),13,1,0.9,225,0.71111,0.82222
adapt,3,w=8,trunc(1),13,1,1.0,225,0.78889,0.82222
adapt,3,w=8,trunc(1),18,0,0.0,252,0.62,0.6746
adapt,3,w=8,trunc(1),18,0,0.1,252,0.62,0.6746
adapt,3,w=8,trunc(1),18,0,0.2,252,0.62,0.6746
adapt,3,w=8,trunc(1),18,0,0.3,252,0.62,0.6746
adapt,3,w=8,trunc(1),18,0,0.4,252,0.62,0.6746
adapt,3,w=8,trunc(1),18,0,0.5,252,0.62,0.6746
adapt,3,w=8,trunc(1),18,0,0.6,252,0.62,0.6746
adapt,3,w=8,trunc(1),18,0,0.7,252,0.62,0.6746
adapt,3,w=8,trunc(1),18,0,0.8,252,0.62,0.6746
adapt,3,w=8,trunc(1),18,0,0.9,252,0.62,0.6746
adapt,3,w=8,trunc(1),18,0,1.0,252,0.62,0.6746
adapt,3,w=8,trunc(1),12,1,0.0,222,0.54651,0.73423
adapt,3,w=8,trunc(1),12,1,0.1,222,0.5,0.73423
adapt,3,w=8,trunc(1),12,1,0.2,222,0.53488,0.73423
adapt,3,w=8,trunc(1),12,1,0.3,222,0.5814,0.73423
adapt,3,w=8,trunc(1),12,1,0.4,222,0.5814,0.73423
adapt,3,w=8,trunc(1),12,1,0.5,222,0.55814,0.73423
adapt,3,w=8,trunc(1),12,1,0.6,222,0.54651,0.73423
adapt,3,w=8,trunc(1),12,1,0.7,222,0.60465,0.73423
adapt,3,w=8,trunc(1),12,1,0.8,222,0.66279,0.73423
adapt,3,w=8,trunc(1),12,1,0.9,222,0.69767,0.73423
adapt,3,w=8,trunc(1),12,1,1.0,222,0.7093,0.73423
adapt,3,w=8,trunc(1),13,0,0.0,225,0.67778,0.80889
adapt,3,w=8,trunc(1),13,0,0.1,225,0.67778,0.80889
adapt,3,w=8,trunc(1),13,0,0.2,225,0.67778,0.80889
adapt,3,w=8,trunc(1),13,0,0.3,225,0.67778,0.80889
adapt,3,w=8,trunc(1),13,0,0.4,225,0.67778,0.80889
adapt,3,w=8,trunc(1),13,0,0.5,225,0.67778,0.80889
adapt,3,w=8,trunc(1),13,0,0.6,225,0.67778,0.80889
adapt,3,w=8,trunc(1),13,0,0.7,225,0.67778,0.80889
adapt,3,w=8,trunc(1),13,0,0.8,225,0.67778,0.80889
adapt,3,w=8,trunc(1),13,0,0.9,225,0.67778,0.80889
adapt,3,w=8,trunc(1),13,0,1.0,225,0.67778,0.80889
adapt,3,w=8,trunc(1),18,1,0.0,252,0.62,0.8254
adapt,3,w=8,trunc(1),18,1,0.1,252,0.64,0.8254
adapt,3,w=8,trunc(1),18,1,0.2,252,0.65,0.8254
adapt,3,w=8,trunc(1),18,1,0.3,252,0.67,0.8254
adapt,3,w=8,trunc(1),18,1,0.4,252,0.67,0.8254
adapt,3,w=8,trunc(1),18,1,0.5,252,0.67,0.8254
adapt,3,w=8,trunc(1),18,1,0.6,252,0.71,0.8254
adapt,3,w=8,trunc(1),18,1,0.7,252,0.66,0.8254
adapt,3,w=8,trunc(1),18,1,0.8,252,0.67,0.8254
adapt,3,w=8,trunc(1),18,1,0.9,252,0.72,0.8254
adapt,3,w=8,trunc(1),18,1,1.0,252,0.72,0.8254
adapt,3,w=8,trunc(1),20,0,0.0,245,0.46392,0.68571
adapt,3,w=8,trunc(1),20,0,0.1,245,0.46392,0.68571
adapt,3,w=8,trunc(1),20,0,0.2,245,0.46392,0.68571
adapt,3,w=8,trunc(1),20,0,0.3,245,0.46392,0.68571
adapt,3,w=8,trunc(1),20,0,0.4,245,0.46392,0.68571
adapt,3,w=8,trunc(1),20,0,0.5,245,0.46392,0.68571
adapt,3,w=8,trunc(1),20,0,0.6,245,0.46392,0.68571
adapt,3,w=8,trunc(1),20,0,0.7,245,0.46392,0.68571
adapt,3,w=8,trunc(1),20,0,0.8,245,0.46392,0.68571
adapt,3,w=8,trunc(1),20,0,0.9,245,0.46392,0.68571
adapt,3,w=8,trunc(1),20,0,1.0,245,0.46392,0.68571
adapt,3,w=8,exact,2,0,0.0,208,0.86585,0.85096
adapt,3,w=8,exact,2,0,0.1,208,0.86585,0.85096
adapt,3,w=8,exact,2,0,0.2,208,0.86585,0.85096
adapt,3,w=8,exact,2,0,0.3,208,0.86585,0.85096
adapt,3,w=8,exact,2,0,0.4,208,0.86585,0.85096
adapt,3,w=8,exact,2,0,0.5,208,0.86585,0.85096
adapt,3,w=8,exact,2,0,0.6,208,0.86585,0.85096
adapt,3,w=8,exact,2,0,0.7,208,0.86585,0.85096
adapt,3,w=8,exact,2,0,0.8,208,0.86585,0.85096
adapt,3,w=8,exact,2,0,0.9,208,0.86585,0.85096
adapt,3,w=8,exact,2,0,1.0,208,0.86585,0.85096
adapt,3,w=8,trunc(1),20,1,0.0,245,0.46392,0.79184
adapt,3,w=8,trunc(1),20,1,0.1,245,0.35052,0.79184
adapt,3,w=8,trunc(1),20,1,0.2,245,0.42268,0.79184
adapt,3,w=8,trunc(1),20,1,0.3,245,0.53608,0.79184
adapt,3,w=8,trunc(1),20,1,0.4,245,0.53608,0.79184
adapt,3,w=8,trunc(1),20,1,0.5,245,0.59794,0.79184
adapt,3,w=8,trunc(1),20,1,0.6,245,0.59794,0.79184
adapt,3,w=8,trunc(1),20,1,0.7,245,0.61856,0.79184
adapt,3,w=8,trunc(1),20,1,0.8,245,0.51546,0.79184
adapt,3,w=8,trunc(1),20,1,0.9,245,0.59794,0.79184
adapt,3,w=8,trunc(1),20,1,1.0,245,0.60825,0.79184
adapt,3,w=8,trunc(1),24,0,0.0,264,0.75238,0.69318
adapt,3,w=8,trunc(1),24,0,0.1,264,0.75238,0.69318
adapt,3,w=8,trunc(1),24,0,0.2,264,0.75238,0.69318
adapt,3,w=8,trunc(1),24,0,0.3,264,0.75238,0.69318
adapt,3,w=8,trunc(1),24,0,0.4,264,0.75238,0.69318
adapt,3,w=8,trunc(1),24,0,0.5,264,0.75238,0.69318
adapt,3,w=8,trunc(1),24,0,0.6,264,0.75238,0.69318
adapt,3,w=8,trunc(1),24,0,0.7,264,0.75238,0.69318
adapt,3,w=8,trunc(1),24,0,0.8,264,0.75238,0.69318
adapt,3,w=8,trunc(1),24,0,0.9,264,0.75238,0.69318
adapt,3,w=8,trunc(1),24,0,1.0,264,0.75238,0.69318
adapt,3,w=8,trunc(1),24,1,0.0,264,0.75238,0.81439
adapt,3,w=8,trunc(1),24,1,0.1,264,0.73333,0.81439
adapt,3,w=8,trunc(1),24,1,0.2,264,0.74286,0.81439
adapt,3,w=8,trunc(1),24,1,0.3,264,0.67619,0.81439
adapt,3,w=8,trunc(1),24,1,0.4,264,0.67619,0.81439
adapt,3,w=8,trunc(1),24,1,0.5,264,0.65714,0.81439
adapt,3,w=8,trunc(1),24,1,0.6,264,0.66667,0.81439
adapt,3,w=8,trunc(1),24,1,0.7,264,0.66667,0.81439
adapt,3,w=8,trunc(1),24,1,0.8,264,0.74286,0.81439
adapt,3,w=8,trunc(1),24,1,0.9,264,0.77143,0.81439
adapt,3,w=8,trunc(1),24,1,1.0,264,0.8,0.81439
adapt,3,w=8,satcomp(2),2,0,0.0,208,0.85366,0.85096
adapt,3,w=8,satcomp(2),2,0,0.1,208,0.85366,0.85096
adapt,3,w=8,satcomp(2),2,0,0.2,208,0.85366,0.85096
adapt,3,w=8,satcomp(2),2,0,0.3,208,0.85366,0.85096
adapt,3,w=8,satcomp(2),2,0,0.4,208,0.85366,0.85096
adapt,3,w=8,satcomp(2),2,0,0.5,208,0.85366,0.85096
adapt,3,w=8,satcomp(2),2,0,0.6,208,0.85366,0.85096
adapt,3,w=8,satcomp(2),2,0,0.7,208,0.85366,0.85096
adapt,3,w=8,satcomp(2),2,0,0.8,208,0.85366,0.85096
adapt,3,w=8,satcomp(2),2,0,0.9,208,0.85366,0.85096
adapt,3,w=8,satcomp(2),2,0,1.0,208,0.85366,0.85096
adapt,3,w=8,satcomp(2),2,1,0.0,208,0.85366,0.95192
adapt,3,w=8,satcomp(2),2,1,0.1,208,0.81707,0.95192
adapt,3,w=8,satcomp(2),2,1,0.2,208,0.80488,0.95192
adapt,3,w=8,satcomp(2),2,1,0.3,208,0.79268,0.95192
adapt,3,w=8,satcomp(2),2,1,0.4,208,0.79268,0.95192
adapt,3,w=8,satcomp(2),2,1,0.5,208,0.79268,0.95192
adapt,3,w=8,satcomp(2),2,1,0.6,208,0.80488,0.95192
adapt,3,w=8,satcomp(2),2,1,0.7,208,0.80488,0.95192
adapt,3,w=8,satcomp(2),2,1,0.8,208,0.80488,0.95192
adapt,3,w=8,satcomp(2),2,1,0.9,208,0.80488,0.95192
adapt,3,w=8,satcomp(2),2,1,1.0,208,0.80488,0.95192
adapt,3,w=8,satcomp(2),4,0,0.0,220,0.81176,0.72727
adapt,3,w=8,satcomp(2),4,0,0.1,220,0.81176,0.72727
adapt,3,w=8,satcomp(2),4,0,0.2,220,0.81176,0.72727
adapt,3,w=8,satcomp(2),4,0,0.3,220,0.81176,0.72727
adapt,3,w=8,satcomp(2),4,0,0.4,220,0.81176,0.72727
adapt,3,w=8,satcomp(2),4,0,0.5,220,0.81176,0.72727
adapt,3,w=8,satcomp(2),4,0,0.6,220,0.81176,0.72727
adapt,3,w=8,satcomp(2),4,0,0.7,220,0.81176,0.72727
adapt,3,w=8,satcomp(2),4,0,0.8,220,0.81176,0.72727
adapt,3,w=8,satcomp(2),4,0,0.9,220,0.81176,0.72727
adapt,3,w=8,satcomp(2),4,0,1.0,220,0.81176,0.72727
adapt,3,w=8,satcomp(2),10,1,0.0,202,0.3625,0.88614
adapt,3,w=8,satcomp(2),10,1,0.1,202,0.3875,0.88614
adapt,3,w=8,satcomp(2),10,1,0.2,202,0.375,0.88614
adapt,3,w=8,satcomp(2),10,1,0.3,202,0.375,0.88614
adapt,3,w=8,satcomp(2),10,1,0.4,202,0.375,0.88614
adapt,3,w=8,satcomp(2),10,1,0.5,202,0.375,0.88614
adapt,3,w=8,satcomp(2),10,1,0.6,202,0.375,0.88614
adapt,3,w=8,satcomp(2),10,1,0.7,202,0.375,0.88614
adapt,3,w=8,satcomp(2),10,1,0.8,202,0.3875,0.88614
adapt,3,w=8,satcomp(2),10,1,0.9,202,0.4,0.88614
adapt,3,w=8,satcomp(2),10,1,1.0,202,0.45,0.88614
adapt,3,w=8,satcomp(2),12,0,0.0,222,0.72093,0.84234
adapt,3,w=8,satcomp(2),12,0,0.1,222,0.72093,0.84234
adapt,3,w=8,satcomp(2),12,0,0.2,222,0.72093,0.84234
adapt,3,w=8,satcomp(2),12,0,0.3,222,0.72093,0.84234
adapt,3,w=8,satcomp(2),12,0,0.4,222,0.72093,0.84234
adapt,3,w=8,satcomp(2),12,0,0.5,222,0.72093,0.84234
adapt,3,w=8,satcomp(2),12,0,0.6,222,0.72093,0.84234
adapt,3,w=8,satcomp(2),12,0,0.7,222,0.72093,0.84234
adapt,3,w=8,satcomp(2),12,0,0.8,222,0.72093,0.84234
adapt,3,w=8,satcomp(2),12,0,0.9,222,0.72093,0.84234
adapt,3,w=8,satcomp(2),12,0,1.0,222,0.72093,0.84234
adapt,3,w=8,satcomp(2),4,1,0.0,220,0.81176,0.89091
adapt,3,w=8,satcomp(2),4,1,0.1,220,0.82353,0.89091
adapt,3,w=8,satcomp(2),4,1,0.2,220,0.84706,0.89091
adapt,3,w=8,satcomp(2),4,1,0.3,220,0.82353,0.89091
adapt,3,w=8,satcomp(2),4,1,0.4,220,0.82353,0.89091
adapt,3,w=8,satcomp(2),4,1,0.5,220,0.82353,0.89091
adapt,3,w=8,satcomp(2),4,1,0.6,220,0.78824,0.89091
adapt,3,w=8,satcomp(2),4,1,0.7,220,0.8,0.89091
adapt,3,w=8,satcomp(2),4,1,0.8,220,0.81176,0.89091
adapt,3,w=8,satcomp(2),4,1,0.9,220,0.83529,0.89091
adapt,3,w=8,satcomp(2),4,1,1.0,220,0.85882,0.89091
adapt,3,w=8,satcomp(2),9,0,0.0,200,0.73684,0.72
adapt,3,w=8,satcomp(2),9,0,0.1,200,0.73684,0.72
adapt,3,w=8,satcomp(2),9,0,0.2,200,0.73684,0.72
adapt,3,w=8,satcomp(2),9,0,0.3,200,0.73684,0.72
adapt,3,w=8,satcomp(2),9,0,0.4,200,0.73684,0.72
adapt,3,w=8,satcomp(2),9,0,0.5,200,0.73684,0.72
adapt,3,w=8,satcomp(2),9,0,0.6,200,0.73684,0.72
adapt,3,w=8,satcomp(2),9,0,0.7,200,0.73684,0.72
adapt,3,w=8,satcomp(2),9,0,0.8,200,0.73684,0.72
adapt,3,w=8,satcomp(2),9,0,0.9,200,0.73684,0.72
adapt,3,w=8,satcomp(2),9,0,1.0,200,0.73684,0.72
adapt,3,w=8,satcomp(2),9,1,0.0,200,0.73684,0.86
adapt,3,w=8,satcomp(2),9,1,0.1,200,0.69737,0.86
adapt,3,w=8,satcomp(2),9,1,0.2,200,0.72368,0.86
adapt,3,w=8,satcomp(2),9,1,0.3,200,0.72368,0.86
adapt,3,w=8,satcomp(2),9,1,0.4,200,0.76316,0.86
adapt,3,w=8,satcomp(2),9,1,0.5,200,0.76316,0.86
adapt,3,w=8,satcomp(2),9,1,0.6,200,0.75,0.86
adapt,3,w=8,satcomp(2),9,1,0.7,200,0.75,0.86
adapt,3,w=8,satcomp(2),9,1,0.8,200,0.69737,0.86
adapt,3,w=8,satcomp(2),9,1,0.9,200,0.72368,0.86
adapt,3,w=8,satcomp(2),9,1,1.0,200,0.75,0.86
adapt,3,w=8,satcomp(2),10,0,0.0,202,0.3625,0.75248
adapt,3,w=8,satcomp(2),10,0,0.1,202,0.3625,0.75248
adapt,3,w=8,satcomp(2),10,0,0.2,202,0.3625,0.75248
adapt,3,w=8,satcomp(2),10,0,0.3,202,0.3625,0.75248
adapt,3,w=8,satcomp(2),10,0,0.4,202,0.3625,0.75248
adapt,3,w=8,satcomp(2),10,0,0.5,202,0.3625,0.75248
adapt,3,w=8,satcomp(2),10,0,0.6,202,0.3625,0.75248
adapt,3,w=8,satcomp(2),10,0,0.7,202,0.3625,0.75248
adapt,3,w=8,satcomp(2),10,0,0.8,202,0.3625,0.75248
adapt,3,w=8,satcomp(2),10,0,0.9,202,0.3625,0.75248
adapt,3,w=8,satcomp(2),10,0,1.0,202,0.3625,0.75248
adapt,3,w=8,satcomp(2),12,1,0.0,222,0.72093,0.92793
adapt,3,w=8,satcomp(2),12,1,0.1,222,0.73256,0.92793
adapt,3,w=8,satcomp(2),12,1,0.2,222,0.74419,0.92793
adapt,3,w=8,satcomp(2),12,1,0.3,222,0.74419,0.92793
adapt,3,w=8,satcomp(2),12,1,0.4,222,0.74419,0.92793
adapt,3,w=8,satcomp(2),12,1,0.5,222,0.74419,0.92793
adapt,3,w=8,satcomp(2),12,1,0.6,222,0.7093,0.92793
adapt,3,w=8,satcomp(2),12,1,0.7,222,0.76744,0.92793
adapt,3,w=8,satcomp(2),12,1,0.8,222,0.74419,0.92793
adapt,3,w=8,satcomp(2),12,1,0.9,222,0.76744,0.92793
adapt,3,w=8,satcomp(2),12,1,1.0,222,0.77907,0.92793
adapt,3,w=8,satcomp(2),13,0,0.0,225,0.86667,0.89333
adapt,3,w=8,satcomp(2),13,0,0.1,225,0.86667,0.89333
adapt,3,w=8,satcomp(2),13,0,0.2,225,0.86667,0.89333
adapt,3,w=8,satcomp(2),13,0,0.3,225,0.86667,0.89333
adapt,3,w=8,satcomp(2),13,0,0.4,225,0.86667,0.89333
adapt,3,w=8,satcomp(2),13,0,0.5,225,0.86667,0.89333
adapt,3,w=8,satcomp(2),13,0,0.6,225,0.86667,0.89333
adapt,3,w=8,satcomp(2),13,0,0.7,225,0.86667,0.89333
adapt,3,w=8,satcomp(2),13,0,0.8,225,0.86667,0.89333
adapt,3,w=8,satcomp(2),13,0,0.9,225,0.86667,0.89333
adapt,3,w=8,satcomp(2),13,0,1.0,225,0.86667,0.89333
adapt,3,w=8,satcomp(2),13,1,0.0,225,0.86667,0.92444
adapt,3,w=8,satcomp(2),13,1,0.1,225,0.87778,0.92444
adapt,3,w=8,satcomp(2),13,1,0.2,225,0.91111,0.92444
adapt,3,w=8,satcomp(2),13,1,0.3,225,0.9,0.92444
adapt,3,w=8,satcomp(2),13,1,0.4,225,0.9,0.92444
adapt,3,w=8,satcomp(2),13,1,0.5,225,0.9,0.92444
adapt,3,w=8,satcomp(2),13,1,0.6,225,0.91111,0.92444
adapt,3,w=8,satcomp(2),13,1,0.7,225,0.91111,0.92444
adapt,3,w=8,satcomp(2),13,1,0.8,225,0.93333,0.92444
adapt,3,w=8,satcomp(2),13,1,0.9,225,0.93333,0.92444
adapt,3,w=8,satcomp(2),13,1,1.0,225,0.96667,0.92444
adapt,3,w=8,satcomp(2),18,0,0.0,252,0.9,0.80952
adapt,3,w=8,satcomp(2),18,0,0.1,252,0.9,0.80952
adapt,3,w=8,satcomp(2),18,0,0.2,252,0.9,0.80952
adapt,3,w=8,satcomp(2),18,0,0.3,252,0.9,0.80952
adapt,3,w=8,satcomp(2),18,0,0.4,252,0.9,0.80952
adapt,3,w=8,satcomp(2),18,0,0.5,252,0.9,0.80952
adapt,3,w=8,satcomp(2),18,0,0.6,252,0.9,0.80952
adapt,3,w=8,satcomp(2),18,0,0.7,252,0.9,0.80952
adapt,3,w=8,satcomp(2),18,0,0.8,252,0.9,0.80952
adapt,3,w=8,satcomp(2),18,0,0.9,252,0.9,0.80952
adapt,3,w=8,satcomp(2),18,0,1.0,252,0.9,0.80952
adapt,3,w=8,sampled(4),2,1,0.0,208,0.73171,0.91827
adapt,3,w=8,sampled(4),2,1,0.1,208,0.7561,0.91827
adapt,3,w=8,sampled(4),2,1,0.2,208,0.78049,0.91827
adapt,3,w=8,sampled(4),2,1,0.3,208,0.7439,0.91827
adapt,3,w=8,sampled(4),2,1,0.4,208,0.7439,0.91827
adapt,3,w=8,sampled(4),2,1,0.5,208,0.78049,0.91827
adapt,3,w=8,sampled(4),2,1,0.6,208,0.80488,0.91827
adapt,3,w=8,sampled(4),2,1,0.7,208,0.80488,0.91827
adapt,3,w=8,sampled(4),2,1,0.8,208,0.84146,0.91827
adapt,3,w=8,sampled(4),2,1,0.9,208,0.84146,0.91827
adapt,3,w=8,sampled(4),2,1,1.0,208,0.81707,0.91827
adapt,3,w=8,sampled(4),4,0,0.0,220,0.76471,0.72273
adapt,3,w=8,sampled(4),4,0,0.1,220,0.76471,0.72273
adapt,3,w=8,sampled(4),4,0,0.2,220,0.76471,0.72273
adapt,3,w=8,sampled(4),4,0,0.3,220,0.76471,0.72273
adapt,3,w=8,sampled(4),4,0,0.4,220,0.76471,0.72273
adapt,3,w=8,sampled(4),4,0,0.5,220,0.76471,0.72273
adapt,3,w=8,sampled(4),4,0,0.6,220,0.76471,0.72273
adapt,3,w=8,sampled(4),4,0,0.7,220,0.76471,0.72273
adapt,3,w=8,sampled(4),4,0,0.8,220,0.76471,0.72273
adapt,3,w=8,sampled(4),4,0,0.9,220,0.76471,0.72273
adapt,3,w=8,sampled(4),4,0,1.0,220,0.76471,0.72273
adapt,3,w=8,satcomp(2),24,1,0.0,264,0.84762,0.93182
adapt,3,w=8,satcomp(2),24,1,0.1,264,0.78095,0.93182
adapt,3,w=8,satcomp(2),24,1,0.2,264,0.84762,0.93182
adapt,3,w=8,satcomp(2),24,1,0.3,264,0.84762,0.93182
adapt,3,w=8,satcomp(2),24,1,0.4,264,0.84762,0.93182
adapt,3,w=8,satcomp(2),24,1,0.5,264,0.84762,0.93182
adapt,3,w=8,satcomp(2),24,1,0.6,264,0.90476,0.93182
adapt,3,w=8,satcomp(2),24,1,0.7,264,0.93333,0.93182
adapt,3,w=8,satcomp(2),24,1,0.8,264,0.94286,0.93182
adapt,3,w=8,satcomp(2),24,1,0.9,264,0.94286,0.93182
adapt,3,w=8,satcomp(2),24,1,1.0,264,0.89524,0.93182
adapt,3,w=8,sampled(4),2,0,0.0,208,0.73171,0.78365
adapt,3,w=8,sampled(4),2,0,0.1,208,0.73171,0.78365
adapt,3,w=8,sampled(4),2,0,0.2,208,0.73171,0.78365
adapt,3,w=8,sampled(4),2,0,0.3,208,0.73171,0.78365
adapt,3,w=8,sampled(4),2,0,0.4,208,0.73171,0.78365
adapt,3,w=8,sampled(4),2,0,0.5,208,0.73171,0.78365
adapt,3,w=8,sampled(4),2,0,0.6,208,0.73171,0.78365
adapt,3,w=8,sampled(4),2,0,0.7,208,0.73171,0.78365
adapt,3,w=8,sampled(4),2,0,0.8,208,0.73171,0.78365
adapt,3,w=8,sampled(4),2,0,0.9,208,0.73171,0.78365
adapt,3,w=8,sampled(4),2,0,1.0,208,0.73171,0.78365
adapt,3,w=8,sampled(4),4,1,0.0,220,0.76471,0.80455
adapt,3,w=8,sampled(4),4,1,0.1,220,0.76471,0.80455
adapt,3,w=8,sampled(4),4,1,0.2,220,0.78824,0.80455
adapt,3,w=8,sampled(4),4,1,0.3,220,0.77647,0.80455
adapt,3,w=8,sampled(4),4,1,0.4,220,0.77647,0.80455
adapt,3,w=8,sampled(4),4,1,0.5,220,0.74118,0.80455
adapt,3,w=8,sampled(4),4,1,0.6,220,0.71765,0.80455
adapt,3,w=8,sampled(4),4,1,0.7,220,0.68235,0.80455
adapt,3,w=8,sampled(4),4,1,0.8,220,0.74118,0.80455
adapt,3,w=8,sampled(4),4,1,0.9,220,0.78824,0.80455
adapt,3,w=8,sampled(4),4,1,1.0,220,0.81176,0.80455
adapt,3,w=8,sampled(4),9,0,0.0,200,0.65789,0.715
adapt,3,w=8,sampled(4),9,0,0.1,200,0.65789,0.715
adapt,3,w=8,sampled(4),9,0,0.2,200,0.65789,0.715
adapt,3,w=8,sampled(4),9,0,0.3,200,0.65789,0.715
adapt,3,w=8,sampled(4),9,0,0.4,200,0.65789,0.715
adapt,3,w=8,sampled(4),9,0,0.5,200,0.65789,0.715
adapt,3,w=8,sampled(4),9,0,0.6,200,0.65789,0.715
adapt,3,w=8,sampled(4),9,0,0.7,200,0.65789,0.715
adapt,3,w=8,sampled(4),9,0,0.8,200,0.65789,0.715
adapt,3,w=8,sampled(4),9,0,0.9,200,0.65789,0.715
adapt,3,w=8,sampled(4),9,0,1.0,200,0.65789,0.715
adapt,3,w=8,satcomp(2),18,1,0.0,252,0.9,0.90476
adapt,3,w=8,satcomp(2),18,1,0.1,252,0.9,0.90476
adapt,3,w=8,satcomp(2),18,1,0.2,252,0.83,0.90476
adapt,3,w=8,satcomp(2),18,1,0.3,252,0.91,0.90476
adapt,3,w=8,satcomp(2),18,1,0.4,252,0.91,0.90476
adapt,3,w=8,satcomp(2),18,1,0.5,252,0.88,0.90476
adapt,3,w=8,satcomp(2),18,1,0.6,252,0.92,0.90476
adapt,3,w=8,satcomp(2),18,1,0.7,252,0.91,0.90476
adapt,3,w=8,satcomp(2),18,1,0.8,252,0.89,0.90476
adapt,3,w=8,satcomp(2),18,1,0.9,252,0.88,0.90476
adapt,3,w=8,satcomp(2),18,1,1.0,252,0.88,0.90476
adapt,3,w=8,satcomp(2),20,0,0.0,245,0.79381,0.88571
adapt,3,w=8,satcomp(2),20,0,0.1,245,0.79381,0.88571
adapt,3,w=8,satcomp(2),20,0,0.2,245,0.79381,0.88571
adapt,3,w=8,satcomp(2),20,0,0.3,245,0.79381,0.88571
adapt,3,w=8,satcomp(2),20,0,0.4,245,0.79381,0.88571
adapt,3,w=8,satcomp(2),20,0,0.5,245,0.79381,0.88571
adapt,3,w=8,satcomp(2),20,0,0.6,245,0.79381,0.88571
adapt,3,w=8,satcomp(2),20,0,0.7,245,0.79381,0.88571
adapt,3,w=8,satcomp(2),20,0,0.8,245,0.79381,0.88571
adapt,3,w=8,satcomp(2),20,0,0.9,245,0.79381,0.88571
adapt,3,w=8,satcomp(2),20,0,1.0,245,0.79381,0.88571
adapt,3,w=8,sampled(4),9,1,0.0,200,0.65789,0.82
adapt,3,w=8,sampled(4),9,1,0.1,200,0.68421,0.82
adapt,3,w=8,sampled(4),9,1,0.2,200,0.67105,0.82
adapt,3,w=8,sampled(4),9,1,0.3,200,0.67105,0.82
adapt,3,w=8,sampled(4),9,1,0.4,200,0.71053,0.82
adapt,3,w=8,sampled(4),9,1,0.5,200,0.64474,0.82
adapt,3,w=8,sampled(4),9,1,0.6,200,0.67105,0.82
adapt,3,w=8,sampled(4),9,1,0.7,200,0.68421,0.82
adapt,3,w=8,sampled(4),9,1,0.8,200,0.60526,0.82
adapt,3,w=8,sampled(4),9,1,0.9,200,0.77632,0.82
adapt,3,w=8,sampled(4),9,1,1.0,200,0.77632,0.82
adapt,3,w=8,sampled(4),10,0,0.0,202,0.25,0.66832
adapt,3,w=8,sampled(4),10,0,0.1,202,0.25,0.66832
adapt,3,w=8,sampled(4),10,0,0.2,202,0.25,0.66832
adapt,3,w=8,sampled(4),10,0,0.3,202,0.25,0.66832
adapt,3,w=8,sampled(4),10,0,0.4,202,0.25,0.66832
adapt,3,w=8,sampled(4),10,0,0.5,202,0.25,0.66832
adapt,3,w=8,sampled(4),10,0,0.6,202,0.25,0.66832
adapt,3,w=8,sampled(4),10,0,0.7,202,0.25,0.66832
adapt,3,w=8,sampled(4),10,0,0.8,202,0.25,0.66832
adapt,3,w=8,sampled(4),10,0,0.9,202,0.25,0.66832
adapt,3,w=8,sampled(4),10,0,1.0,202,0.25,0.66832
adapt,3,w=8,satcomp(2),20,1,0.0,245,0.79381,0.91429
adapt,3,w=8,satcomp(2),20,1,0.1,245,0.78351,0.91429
adapt,3,w=8,satcomp(2),20,1,0.2,245,0.74227,0.91429
adapt,3,w=8,satcomp(2),20,1,0.3,245,0.75258,0.91429
adapt,3,w=8,satcomp(2),20,1,0.4,245,0.75258,0.91429
adapt,3,w=8,satcomp(2),20,1,0.5,245,0.76289,0.91429
adapt,3,w=8,satcomp(2),20,1,0.6,245,0.76289,0.91429
adapt,3,w=8,satcomp(2),20,1,0.7,245,0.78351,0.91429
adapt,3,w=8,satcomp(2),20,1,0.8,245,0.76289,0.91429
adapt,3,w=8,satcomp(2),20,1,0.9,245,0.7732,0.91429
adapt,3,w=8,satcomp(2),20,1,1.0,245,0.79381,0.91429
adapt,3,w=8,satcomp(2),24,0,0.0,264,0.84762,0.78788
adapt,3,w=8,satcomp(2),24,0,0.1,264,0.84762,0.78788
adapt,3,w=8,satcomp(2),24,0,0.2,264,0.84762,0.78788
adapt,3,w=8,satcomp(2),24,0,0.3,264,0.84762,0.78788
adapt,3,w=8,satcomp(2),24,0,0.4,264,0.84762,0.78788
adapt,3,w=8,satcomp(2),24,0,0.5,264,0.84762,0.78788
adapt,3,w=8,satcomp(2),24,0,0.6,264,0.84762,0.78788
adapt,3,w=8,satcomp(2),24,0,0.7,264,0.84762,0.78788
adapt,3,w=8,satcomp(2),24,0,0.8,264,0.84762,0.78788
adapt,3,w=8,satcomp(2),24,0,0.9,264,0.84762,0.78788
adapt,3,w=8,satcomp(2),24,0,1.0,264,0.84762,0.78788
adapt,3,w=8,sampled(4),10,1,0.0,202,0.25,0.81188
adapt,3,w=8,sampled(4),10,1,0.1,202,0.35,0.81188
adapt,3,w=8,sampled(4),10,1,0.2,202,0.35,0.81188
adapt,3,w=8,sampled(4),10,1,0.3,202,0.35,0.81188
adapt,3,w=8,sampled(4),10,1,0.4,202,0.325,0.81188
adapt,3,w=8,sampled(4),10,1,0.5,202,0.35,0.81188
adapt,3,w=8,sampled(4),10,1,0.6,202,0.375,0.81188
adapt,3,w=8,sampled(4),10,1,0.7,202,0.375,0.81188
adapt,3,w=8,sampled(4),10,1,0.8,202,0.425,0.81188
adapt,3,w=8,sampled(4),10,1,0.9,202,0.3625,0.81188
adapt,3,w=8,sampled(4),10,1,1.0,202,0.3875,0.81188
adapt,3,w=8,sampled(4),12,0,0.0,222,0.74419,0.8018
adapt,3,w=8,sampled(4),12,0,0.1,222,0.74419,0.8018
adapt,3,w=8,sampled(4),12,0,0.2,222,0.74419,0.8018
adapt,3,w=8,sampled(4),12,0,0.3,222,0.74419,0.8018
adapt,3,w=8,sampled(4),12,0,0.4,222,0.74419,0.8018
adapt,3,w=8,sampled(4),12,0,0.5,222,0.74419,0.8018
adapt,3,w=8,sampled(4),12,0,0.6,222,0.74419,0.8018
adapt,3,w=8,sampled(4),12,0,0.7,222,0.74419,0.8018
adapt,3,w=8,sampled(4),12,0,0.8,222,0.74419,0.8018
adapt,3,w=8,sampled(4),12,0,0.9,222,0.74419,0.8018
adapt,3,w=8,sampled(4),12,0,1.0,222,0.74419,0.8018
adapt,3,w=8,sampled(4),13,1,0.0,225,0.71111,0.88889
adapt,3,w=8,sampled(4),13,1,0.1,225,0.77778,0.88889
adapt,3,w=8,sampled(4),13,1,0.2,225,0.8,0.88889
adapt,3,w=8,sampled(4),13,1,0.3,225,0.77778,0.88889
adapt,3,w=8,sampled(4),13,1,0.4,225,0.76667,0.88889
adapt,3,w=8,sampled(4),13,1,0.5,225,0.76667,0.88889
adapt,3,w=8,sampled(4),13,1,0.6,225,0.76667,0.88889
adapt,3,w=8,sampled(4),13,1,0.7,225,0.76667,0.88889
adapt,3,w=8,sampled(4),13,1,0.8,225,0.76667,0.88889
adapt,3,w=8,sampled(4),13,1,0.9,225,0.76667,0.88889
adapt,3,w=8,sampled(4),13,1,1.0,225,0.88889,0.88889
adapt,3,w=8,sampled(4),18,0,0.0,252,0.78,0.77381
adapt,3,w=8,sampled(4),18,0,0.1,252,0.78,0.77381
adapt,3,w=8,sampled(4),18,0,0.2,252,0.78,0.77381
adapt,3,w=8,sampled(4),18,0,0.3,252,0.78,0.77381
adapt,3,w=8,sampled(4),18,0,0.4,252,0.78,0.77381
adapt,3,w=8,sampled(4),18,0,0.5,252,0.78,0.77381
adapt,3,w=8,sampled(4),18,0,0.6,252,0.78,0.77381
adapt,3,w=8,sampled(4),18,0,0.7,252,0.78,0.77381
adapt,3,w=8,sampled(4),18,0,0.8,252,0.78,0.77381
adapt,3,w=8,sampled(4),18,0,0.9,252,0.78,0.77381
adapt,3,w=8,sampled(4),18,0,1.0,252,0.78,0.77381
adapt,3,w=8,sampled(4),20,1,0.0,245,0.64948,0.90612
adapt,3,w=8,sampled(4),20,1,0.1,245,0.71134,0.90612
adapt,3,w=8,sampled(4),20,1,0.2,245,0.72165,0.90612
adapt,3,w=8,sampled(4),20,1,0.3,245,0.72165,0.90612
adapt,3,w=8,sampled(4),20,1,0.4,245,0.72165,0.90612
adapt,3,w=8,sampled(4),20,1,0.5,245,0.7732,0.90612
adapt,3,w=8,sampled(4),20,1,0.6,245,0.80412,0.90612
adapt,3,w=8,sampled(4),20,1,0.7,245,0.7732,0.90612
adapt,3,w=8,sampled(4),20,1,0.8,245,0.74227,0.90612
adapt,3,w=8,sampled(4),20,1,0.9,245,0.7732,0.90612
adapt,3,w=8,sampled(4),20,1,1.0,245,0.76289,0.90612
adapt,3,w=8,sampled(4),24,0,0.0,264,0.80952,0.79167
adapt,3,w=8,sampled(4),24,0,0.1,264,0.80952,0.79167
adapt,3,w=8,sampled(4),24,0,0.2,264,0.80952,0.79167
adapt,3,w=8,sampled(4),24,0,0.3,264,0.80952,0.79167
adapt,3,w=8,sampled(4),24,0,0.4,264,0.80952,0.79167
adapt,3,w=8,sampled(4),24,0,0.5,264,0.80952,0.79167
adapt,3,w=8,sampled(4),24,0,0.6,264,0.80952,0.79167
adapt,3,w=8,sampled(4),24,0,0.7,264,0.80952,0.79167
adapt,3,w=8,sampled(4),24,0,0.8,264,0.80952,0.79167
adapt,3,w=8,sampled(4),24,0,0.9,264,0.80952,0.79167
adapt,3,w=8,sampled(4),24,0,1.0,264,0.80952,0.79167
adapt,3,w=8,sampled(4),12,1,0.0,222,0.74419,0.88739
adapt,3,w=8,sampled(4),12,1,0.1,222,0.76744,0.88739
adapt,3,w=8,sampled(4),12,1,0.2,222,0.80233,0.88739
adapt,3,w=8,sampled(4),12,1,0.3,222,0.80233,0.88739
adapt,3,w=8,sampled(4),12,1,0.4,222,0.81395,0.88739
adapt,3,w=8,sampled(4),12,1,0.5,222,0.80233,0.88739
adapt,3,w=8,sampled(4),12,1,0.6,222,0.77907,0.88739
adapt,3,w=8,sampled(4),12,1,0.7,222,0.7907,0.88739
adapt,3,w=8,sampled(4),12,1,0.8,222,0.81395,0.88739
adapt,3,w=8,sampled(4),12,1,0.9,222,0.82558,0.88739
adapt,3,w=8,sampled(4),12,1,1.0,222,0.81395,0.88739
adapt,3,w=8,sampled(4),13,0,0.0,225,0.71111,0.84
adapt,3,w=8,sampled(4),13,0,0.1,225,0.71111,0.84
adapt,3,w=8,sampled(4),13,0,0.2,225,0.71111,0.84
adapt,3,w=8,sampled(4),13,0,0.3,225,0.71111,0.84
adapt,3,w=8,sampled(4),13,0,0.4,225,0.71111,0.84
adapt,3,w=8,sampled(4),13,0,0.5,225,0.71111,0.84
adapt,3,w=8,sampled(4),13,0,0.6,225,0.71111,0.84
adapt,3,w=8,sampled(4),13,0,0.7,225,0.71111,0.84
adapt,3,w=8,sampled(4),13,0,0.8,225,0.71111,0.84
adapt,3,w=8,sampled(4),13,0,0.9,225,0.71111,0.84
adapt,3,w=8,sampled(4),13,0,1.0,225,0.71111,0.84
adapt,3,w=8,sampled(4),18,1,0.0,252,0.78,0.88889
adapt,3,w=8,sampled(4),18,1,0.1,252,0.76,0.88889
adapt,3,w=8,sampled(4),18,1,0.2,252,0.76,0.88889
adapt,3,w=8,sampled(4),18,1,0.3,252,0.81,0.88889
adapt,3,w=8,sampled(4),18,1,0.4,252,0.81,0.88889
adapt,3,w=8,sampled(4),18,1,0.5,252,0.77,0.88889
adapt,3,w=8,sampled(4),18,1,0.6,252,0.83,0.88889
adapt,3,w=8,sampled(4),18,1,0.7,252,0.82,0.88889
adapt,3,w=8,sampled(4),18,1,0.8,252,0.85,0.88889
adapt,3,w=8,sampled(4),18,1,0.9,252,0.86,0.88889
adapt,3,w=8,sampled(4),18,1,1.0,252,0.8,0.88889
adapt,3,w=8,sampled(4),20,0,0.0,245,0.64948,0.79592
adapt,3,w=8,sampled(4),20,0,0.1,245,0.64948,0.79592
adapt,3,w=8,sampled(4),20,0,0.2,245,0.64948,0.79592
adapt,3,w=8,sampled(4),20,0,0.3,245,0.64948,0.79592
adapt,3,w=8,sampled(4),20,0,0.4,245,0.64948,0.79592
adapt,3,w=8,sampled(4),20,0,0.5,245,0.64948,0.79592
adapt,3,w=8,sampled(4),20,0,0.6,245,0.64948,0.79592
adapt,3,w=8,sampled(4),20,0,0.7,245,0.64948,0.79592
adapt,3,w=8,sampled(4),20,0,0.8,245,0.64948,0.79592
adapt,3,w=8,sampled(4),20,0,0.9,245,0.64948,0.79592
adapt,3,w=8,sampled(4),20,0,1.0,245,0.64948,0.79592
adapt,3,w=8,sampled(4),24,1,0.0,264,0.80952,0.88258
adapt,3,w=8,sampled(4),24,1,0.1,264,0.8381,0.88258
adapt,3,w=8,sampled(4),24,1,0.2,264,0.8381,0.88258
adapt,3,w=8,sampled(4),24,1,0.3,264,0.82857,0.88258
adapt,3,w=8,sampled(4),24,1,0.4,264,0.82857,0.88258
adapt,3,w=8,sampled(4),24,1,0.5,264,0.81905,0.88258
adapt,3,w=8,sampled(4),24,1,0.6,264,0.85714,0.88258
adapt,3,w=8,sampled(4),24,1,0.7,264,0.84762,0.88258
adapt,3,w=8,sampled(4),24,1,0.8,264,0.77143,0.88258
adapt,3,w=8,sampled(4),24,1,0.9,264,0.77143,0.88258
adapt,3,w=8,sampled(4),24,1,1.0,264,0.79048,0.88258
adapt,3,"w=4, k=3",exact,2,0,0.0,208,0.71951,0.75481
adapt,3,"w=4, k=3",exact,2,0,0.1,208,0.71951,0.75481
adapt,3,"w=4, k=3",exact,2,0,0.2,208,0.71951,0.75481
adapt,3,"w=4, k=3",exact,2,0,0.3,208,0.71951,0.75481
adapt,3,"w=4, k=3",exact,2,0,0.4,208,0.71951,0.75481
adapt,3,"w=4, k=3",exact,2,0,0.5,208,0.71951,0.75481
adapt,3,"w=4, k=3",exact,2,0,0.6,208,0.71951,0.75481
adapt,3,"w=4, k=3",exact,2,0,0.7,208,0.71951,0.75481
adapt,3,"w=4, k=3",exact,2,0,0.8,208,0.71951,0.75481
adapt,3,"w=4, k=3",exact,2,0,0.9,208,0.71951,0.75481
adapt,3,"w=4, k=3",exact,2,0,1.0,208,0.71951,0.75481
adapt,3,"w=4, k=3",exact,2,1,0.0,208,0.71951,0.9375
adapt,3,"w=4, k=3",exact,2,1,0.1,208,0.71951,0.9375
adapt,3,"w=4, k=3",exact,2,1,0.2,208,0.59756,0.9375
adapt,3,"w=4, k=3",exact,2,1,0.3,208,0.79268,0.9375
adapt,3,"w=4, k=3",exact,2,1,0.4,208,0.79268,0.9375
adapt,3,"w=4, k=3",exact,2,1,0.5,208,0.79268,0.9375
adapt,3,"w=4, k=3",exact,2,1,0.6,208,0.7439,0.9375
adapt,3,"w=4, k=3",exact,2,1,0.7,208,0.90244,0.9375
adapt,3,"w=4, k=3",exact,2,1,0.8,208,0.78049,0.9375
adapt,3,"w=4, k=3",exact,2,1,0.9,208,0.84146,0.9375
adapt,3,"w=4, k=3",exact,2,1,1.0,208,0.80488,0.9375
adapt,3,"w=4, k=3",exact,4,0,0.0,220,0.64706,0.64545
adapt,3,"w=4, k=3",exact,4,0,0.1,220,0.64706,0.64545
adapt,3,"w=4, k=3",exact,4,0,0.2,220,0.64706,0.64545
adapt,3,"w=4, k=3",exact,4,0,0.3,220,0.64706,0.64545
adapt,3,"w=4, k=3",exact,4,0,0.4,220,0.64706,0.64545
adapt,3,"w=4, k=3",exact,4,0,0.5,220,0.64706,0.64545
adapt,3,"w=4, k=3",exact,4,0,0.6,220,0.64706,0.64545
adapt,3,"w=4, k=3",exact,4,0,0.7,220,0.64706,0.64545
adapt,3,"w=4, k=3",exact,4,0,0.8,220,0.64706,0.64545
adapt,3,"w=4, k=3",exact,4,0,0.9,220,0.64706,0.64545
adapt,3,"w=4, k=3",exact,4,0,1.0,220,0.64706,0.64545
adapt,3,"w=4, k=3",exact,10,1,0.0,202,0.5875,0.89604
adapt,3,"w=4, k=3",exact,10,1,0.1,202,0.5125,0.89604
adapt,3,"w=4, k=3",exact,10,1,0.2,202,0.35,0.89604
adapt,3,"w=4, k=3",exact,10,1,0.3,202,0.5625,0.89604
adapt,3,"w=4, k=3",exact,10,1,0.4,202,0.5625,0.89604
adapt,3,"w=4, k=3",exact,10,1,0.5,202,0.6,0.89604
adapt,3,"w=4, k=3",exact,10,1,0.6,202,0.55,0.89604
adapt,3,"w=4, k=3",exact,10,1,0.7,202,0.5,0.89604
adapt,3,"w=4, k=3",exact,10,1,0.8,202,0.575,0.89604
adapt,3,"w=4, k=3",exact,10,1,0.9,202,0.55,0.89604
adapt,3,"w=4, k=3",exact,10,1,1.0,202,0.55,0.89604
adapt,3,"w=4, k=3",exact,12,0,0.0,222,0.65116,0.72072
adapt,3,"w=4, k=3",exact,12,0,0.1,222,0.65116,0.72072
adapt,3,"w=4, k=3",exact,12,0,0.2,222,0.65116,0.72072
adapt,3,"w=4, k=3",exact,12,0,0.3,222,0.65116,0.72072
adapt,3,"w=4, k=3",exact,12,0,0.4,222,0.65116,0.72072
adapt,3,"w=4, k=3",exact,12,0,0.5,222,0.65116,0.72072
adapt,3,"w=4, k=3",exact,12,0,0.6,222,0.65116,0.72072
adapt,3,"w=4, k=3",exact,12,0,0.7,222,0.65116,0.72072
adapt,3,"w=4, k=3",exact,12,0,0.8,222,0.65116,0.72072
adapt,3,"w=4, k=3",exact,12,0,0.9,222,0.65116,0.72072
adapt,3,"w=4, k=3",exact,12,0,1.0,222,0.65116,0.72072
adapt,3,"w=4, k=3",exact,4,1,0.0,220,0.64706,0.89545
adapt,3,"w=4, k=3",exact,4,1,0.1,220,0.63529,0.89545
adapt,3,"w=4, k=3",exact,4,1,0.2,220,0.44706,0.89545
adapt,3,"w=4, k=3",exact,4,1,0.3,220,0.58824,0.89545
adapt,3,"w=4, k=3",exact,4,1,0.4,220,0.58824,0.89545
adapt,3,"w=4, k=3",exact,4,1,0.5,220,0.58824,0.89545
adapt,3,"w=4, k=3",exact,4,1,0.6,220,0.50588,0.89545
adapt,3,"w=4, k=3",exact,4,1,0.7,220,0.63529,0.89545
adapt,3,"w=4, k=3",exact,4,1,0.8,220,0.69412,0.89545
adapt,3,"w=4, k=3",exact,4,1,0.9,220,0.67059,0.89545
adapt,3,"w=4, k=3",exact,4,1,1.0,220,0.58824,0.89545
adapt,3,"w=4, k=3",exact,9,0,0.0,200,0.75,0.74
adapt,3,"w=4, k=3",exact,9,0,0.1,200,0.75,0.74
adapt,3,"w=4, k=3",exact,9,0,0.2,200,0.75,0.74
adapt,3,"w=4, k=3",exact,9,0,0.3,200,0.75,0.74
adapt,3,"w=4, k=3",exact,9,0,0.4,200,0.75,0.74
adapt,3,"w=4, k=3",exact,9,0,0.5,200,0.75,0.74
adapt,3,"w=4, k=3",exact,9,0,0.6,200,0.75,0.74
adapt,3,"w=4, k=3",exact,9,0,0.7,200,0.75,0.74
adapt,3,"w=4, k=3",exact,9,0,0.8,200,0.75,0.74
adapt,3,"w=4, k=3",exact,9,0,0.9,200,0.75,0.74
adapt,3,"w=4, k=3",exact,9,0,1.0,200,0.75,0.74
adapt,3,"w=4, k=3",exact,12,1,0.0,222,0.65116,0.90541
adapt,3,"w=4, k=3",exact,12,1,0.1,222,0.61628,0.90541
adapt,3,"w=4, k=3",exact,12,1,0.2,222,0.55814,0.90541
adapt,3,"w=4, k=3",exact,12,1,0.3,222,0.60465,0.90541
adapt,3,"w=4, k=3",exact,12,1,0.4,222,0.59302,0.90541
adapt,3,"w=4, k=3",exact,12,1,0.5,222,0.54651,0.90541
adapt,3,"w=4, k=3",exact,12,1,0.6,222,0.53488,0.90541
adapt,3,"w=4, k=3",exact,12,1,0.7,222,0.60465,0.90541
adapt,3,"w=4, k=3",exact,12,1,0.8,222,0.61628,0.90541
adapt,3,"w=4, k=3",exact,12,1,0.9,222,0.66279,0.90541
adapt,3,"w=4, k=3",exact,12,1,1.0,222,0.53488,0.90541
adapt,3,"w=4, k=3",exact,13,0,0.0,225,0.85556,0.79556
adapt,3,"w=4, k=3",exact,13,0,0.1,225,0.85556,0.79556
adapt,3,"w=4, k=3",exact,13,0,0.2,225,0.85556,0.79556
adapt,3,"w=4, k=3",exact,13,0,0.3,225,0.85556,0.79556
adapt,3,"w=4, k=3",exact,13,0,0.4,225,0.85556,0.79556
adapt,3,"w=4, k=3",exact,13,0,0.5,225,0.85556,0.79556
adapt,3,"w=4, k=3",exact,13,0,0.6,225,0.85556,0.79556
adapt,3,"w=4, k=3",exact,13,0,0.7,225,0.85556,0.79556
adapt,3,"w=4, k=3",exact,13,0,0.8,225,0.85556,0.79556
adapt,3,"w=4, k=3",exact,13,0,0.9,225,0.85556,0.79556
adapt,3,"w=4, k=3",exact,13,0,1.0,225,0.85556,0.79556
adapt,3,"w=4, k=3",exact,9,1,0.0,200,0.75,0.87
adapt,3,"w=4, k=3",exact,9,1,0.1,200,0.73684,0.87
adapt,3,"w=4, k=3",exact,9,1,0.2,200,0.75,0.87
adapt,3,"w=4, k=3",exact,9,1,0.3,200,0.76316,0.87
adapt,3,"w=4, k=3",exact,9,1,0.4,200,0.76316,0.87
adapt,3,"w=4, k=3",exact,9,1,0.5,200,0.61842,0.87
adapt,3,"w=4, k=3",exact,9,1,0.6,200,0.64474,0.87
adapt,3,"w=4, k=3",exact,9,1,0.7,200,0.67105,0.87
adapt,3,"w=4, k=3",exact,9,1,0.8,200,0.59211,0.87
adapt,3,"w=4, k=3",exact,9,1,0.9,200,0.78947,0.87
adapt,3,"w=4, k=3",exact,9,1,1.0,200,0.78947,0.87
adapt,3,"w=4, k=3",exact,10,0,0.0,202,0.5875,0.69307
adapt,3,"w=4, k=3",exact,10,0,0.1,202,0.5875,0.69307
adapt,3,"w=4, k=3",exact,10,0,0.2,202,0.5875,0.69307
adapt,3,"w=4, k=3",exact,10,0,0.3,202,0.5875,0.69307
adapt,3,"w=4, k=3",exact,10,0,0.4,202,0.5875,0.69307
adapt,3,"w=4, k=3",exact,10,0,0.5,202,0.5875,0.69307
adapt,3,"w=4, k=3",exact,10,0,0.6,202,0.5875,0.69307
adapt,3,"w=4, k=3",exact,10,0,0.7,202,0.5875,0.69307
adapt,3,"w=4, k=3",exact,10,0,0.8,202,0.5875,0.69307
adapt,3,"w=4, k=3",exact,10,0,0.9,202,0.5875,0.69307
adapt,3,"w=4, k=3",exact,10,0,1.0,202,0.5875,0.69307
adapt,3,"w=4, k=3",exact,13,1,0.0,225,0.85556,0.93333
adapt,3,"w=4, k=3",exact,13,1,0.1,225,0.81111,0.93333
adapt,3,"w=4, k=3",exact,13,1,0.2,225,0.68889,0.93333
adapt,3,"w=4, k=3",exact,13,1,0.3,225,0.86667,0.93333
adapt,3,"w=4, k=3",exact,13,1,0.4,225,0.87778,0.93333
adapt,3,"w=4, k=3",exact,13,1,0.5,225,0.87778,0.93333
adapt,3,"w=4, k=3",exact,13,1,0.6,225,0.71111,0.93333
adapt,3,"w=4, k=3",exact,13,1,0.7,225,0.84444,0.93333
adapt,3,"w=4, k=3",exact,13,1,0.8,225,0.74444,0.93333
adapt,3,"w=4, k=3",exact,13,1,0.9,225,0.8,0.93333
adapt,3,"w=4, k=3",exact,13,1,1.0,225,0.8,0.93333
adapt,3,"w=4, k=3",exact,18,0,0.0,252,0.82,0.7381
adapt,3,"w=4, k=3",exact,18,0,0.1,252,0.82,0.7381
adapt,3,"w=4, k=3",exact,18,0,0.2,252,0.82,0.7381
adapt,3,"w=4, k=3",exact,18,0,0.3,252,0.82,0.7381
adapt,3,"w=4, k=3",exact,18,0,0.4,252,0.82,0.7381
adapt,3,"w=4, k=3",exact,18,0,0.5,252,0.82,0.7381
adapt,3,"w=4, k=3",exact,18,0,0.6,252,0.82,0.7381
adapt,3,"w=4, k=3",exact,18,0,0.7,252,0.82,0.7381
adapt,3,"w=4, k=3",exact,18,0,0.8,252,0.82,0.7381
adapt,3,"w=4, k=3",exact,18,0,0.9,252,0.82,0.7381
adapt,3,"w=4, k=3",exact,18,0,1.0,252,0.82,0.7381
adapt,3,"w=4, k=3",trunc(1),2,1,0.0,208,0.67073,0.92308
adapt,3,"w=4, k=3",trunc(1),2,1,0.1,208,0.64634,0.92308
adapt,3,"w=4, k=3",trunc(1),2,1,0.2,208,0.5,0.92308
adapt,3,"w=4, k=3",trunc(1),2,1,0.3,208,0.4878,0.92308
adapt,3,"w=4, k=3",trunc(1),2,1,0.4,208,0.4878,0.92308
adapt,3,"w=4, k=3",trunc(1),2,1,0.5,208,0.4878,0.92308
adapt,3,"w=4, k=3",trunc(1),2,1,0.6,208,0.37805,0.92308
adapt,3,"w=4, k=3",trunc(1),2,1,0.7,208,0.52439,0.92308
adapt,3,"w=4, k=3",trunc(1),2,1,0.8,208,0.69512,0.92308
adapt,3,"w=4, k=3",trunc(1),2,1,0.9,208,0.85366,0.92308
adapt,3,"w=4, k=3",trunc(1),2,1,1.0,208,0.79268,0.92308
adapt,3,"w=4, k=3",trunc(1),4,0,0.0,220,0.47059,0.55
adapt,3,"w=4, k=3",trunc(1),4,0,0.1,220,0.47059,0.55
adapt,3,"w=4, k=3",trunc(1),4,0,0.2,220,0.47059,0.55
adapt,3,"w=4, k=3",trunc(1),4,0,0.3,220,0.47059,0.55
adapt,3,"w=4, k=3",trunc(1),4,0,0.4,220,0.47059,0.55
adapt,3,"w=4, k=3",trunc(1),4,0,0.5,220,0.47059,0.55
adapt,3,"w=4, k=3",trunc(1),4,0,0.6,220,0.47059,0.55
adapt,3,"w=4, k=3",trunc(1),4,0,0.7,220,0.47059,0.55
adapt,3,"w=4, k=3",trunc(1),4,0,0.8,220,0.47059,0.55
adapt,3,"w=4, k=3",trunc(1),4,0,0.9,220,0.47059,0.55
adapt,3,"w=4, k=3",trunc(1),4,0,1.0,220,0.47059,0.55
adapt,3,"w=4, k=3",exact,20,1,0.0,245,0.74227,0.91429
adapt,3,"w=4, k=3",exact,20,1,0.1,245,0.64948,0.91429
adapt,3,"w=4, k=3",exact,20,1,0.2,245,0.62887,0.91429
adapt,3,"w=4, k=3",exact,20,1,0.3,245,0.46392,0.91429
adapt,3,"w=4, k=3",exact,20,1,0.4,245,0.69072,0.91429
adapt,3,"w=4, k=3",exact,20,1,0.5,245,0.69072,0.91429
adapt,3,"w=4, k=3",exact,20,1,0.6,245,0.72165,0.91429
adapt,3,"w=4, k=3",exact,20,1,0.7,245,0.70103,0.91429
adapt,3,"w=4, k=3",exact,20,1,0.8,245,0.62887,0.91429
adapt,3,"w=4, k=3",exact,20,1,0.9,245,0.72165,0.91429
adapt,3,"w=4, k=3",exact,20,1,1.0,245,0.75258,0.91429
adapt,3,"w=4, k=3",exact,24,0,0.0,264,0.75238,0.73485
adapt,3,"w=4, k=3",exact,24,0,0.1,264,0.75238,0.73485
adapt,3,"w=4, k=3",exact,24,0,0.2,264,0.75238,0.73485
adapt,3,"w=4, k=3",exact,24,0,0.3,264,0.75238,0.73485
adapt,3,"w=4, k=3",exact,24,0,0.4,264,0.75238,0.73485
adapt,3,"w=4, k=3",exact,24,0,0.5,264,0.75238,0.73485
adapt,3,"w=4, k=3",exact,24,0,0.6,264,0.75238,0.73485
adapt,3,"w=4, k=3",exact,24,0,0.7,264,0.75238,0.73485
adapt,3,"w=4, k=3",exact,24,0,0.8,264,0.75238,0.73485
adapt,3,"w=4, k=3",exact,24,0,0.9,264,0.75238,0.73485
adapt,3,"w=4, k=3",exact,24,0,1.0,264,0.75238,0.73485
adapt,3,"w=4, k=3",exact,24,1,0.0,264,0.75238,0.94318
adapt,3,"w=4, k=3",exact,24,1,0.1,264,0.6381,0.94318
adapt,3,"w=4, k=3",exact,24,1,0.2,264,0.62857,0.94318
adapt,3,"w=4, k=3",exact,24,1,0.3,264,0.62857,0.94318
adapt,3,"w=4, k=3",exact,24,1,0.4,264,0.6381,0.94318
adapt,3,"w=4, k=3",exact,24,1,0.5,264,0.6381,0.94318
adapt,3,"w=4, k=3",exact,24,1,0.6,264,0.5619,0.94318
adapt,3,"w=4, k=3",exact,24,1,0.7,264,0.72381,0.94318
adapt,3,"w=4, k=3",exact,24,1,0.8,264,0.73333,0.94318
adapt,3,"w=4, k=3",exact,24,1,0.9,264,0.8,0.94318
adapt,3,"w=4, k=3",exact,24,1,1.0,264,0.68571,0.94318
adapt,3,"w=4, k=3",trunc(1),2,0,0.0,208,0.67073,0.69712
adapt,3,"w=4, k=3",trunc(1),2,0,0.1,208,0.67073,0.69712
adapt,3,"w=4, k=3",trunc(1),2,0,0.2,208,0.67073,0.69712
adapt,3,"w=4, k=3",trunc(1),2,0,0.3,208,0.67073,0.69712
adapt,3,"w=4, k=3",trunc(1),2,0,0.4,208,0.67073,0.69712
adapt,3,"w=4, k=3",trunc(1),2,0,0.5,208,0.67073,0.69712
adapt,3,"w=4, k=3",trunc(1),2,0,0.6,208,0.67073,0.69712
adapt,3,"w=4, k=3",trunc(1),2,0,0.7,208,0.67073,0.69712
adapt,3,"w=4, k=3",trunc(1),2,0,0.8,208,0.67073,0.69712
adapt,3,"w=4, k=3",trunc(1),2,0,0.9,208,0.67073,0.69712
adapt,3,"w=4, k=3",trunc(1),2,0,1.0,208,0.67073,0.69712
adapt,3,"w=4, k=3",exact,18,1,0.0,252,0.82,0.9246
adapt,3,"w=4, k=3",exact,18,1,0.1,252,0.7,0.9246
adapt,3,"w=4, k=3",exact,18,1,0.2,252,0.7,0.9246
adapt,3,"w=4, k=3",exact,18,1,0.3,252,0.78,0.9246
adapt,3,"w=4, k=3",exact,18,1,0.4,252,0.78,0.9246
adapt,3,"w=4, k=3",exact,18,1,0.5,252,0.73,0.9246
adapt,3,"w=4, k=3",exact,18,1,0.6,252,0.77,0.9246
adapt,3,"w=4, k=3",exact,18,1,0.7,252,0.68,0.9246
adapt,3,"w=4, k=3",exact,18,1,0.8,252,0.77,0.9246
adapt,3,"w=4, k=3",exact,18,1,0.9,252,0.83,0.9246
adapt,3,"w=4, k=3",exact,18,1,1.0,252,0.82,0.9246
adapt,3,"w=4, k=3",exact,20,0,0.0,245,0.74227,0.88163
adapt,3,"w=4, k=3",exact,20,0,0.1,245,0.74227,0.88163
adapt,3,"w=4, k=3",exact,20,0,0.2,245,0.74227,0.88163
adapt,3,"w=4, k=3",exact,20,0,0.3,245,0.74227,0.88163
adapt,3,"w=4, k=3",exact,20,0,0.4,245,0.74227,0.88163
adapt,3,"w=4, k=3",exact,20,0,0.5,245,0.74227,0.88163
adapt,3,"w=4, k=3",exact,20,0,0.6,245,0.74227,0.88163
adapt,3,"w=4, k=3",exact,20,0,0.7,245,0.74227,0.88163
adapt,3,"w=4, k=3",exact,20,0,0.8,245,0.74227,0.88163
adapt,3,"w=4, k=3",exact,20,0,0.9,245,0.74227,0.88163
adapt,3,"w=4, k=3",exact,20,0,1.0,245,0.74227,0.88163
adapt,3,"w=4, k=3",trunc(1),4,1,0.0,220,0.47059,0.86364
adapt,3,"w=4, k=3",trunc(1),4,1,0.1,220,0.62353,0.86364
adapt,3,"w=4, k=3",trunc(1),4,1,0.2,220,0.41176,0.86364
adapt,3,"w=4, k=3",trunc(1),4,1,0.3,220,0.54118,0.86364
adapt,3,"w=4, k=3",trunc(1),4,1,0.4,220,0.55294,0.86364
adapt,3,"w=4, k=3",trunc(1),4,1,0.5,220,0.56471,0.86364
adapt,3,"w=4, k=3",trunc(1),4,1,0.6,220,0.38824,0.86364
adapt,3,"w=4, k=3",trunc(1),4,1,0.7,220,0.61176,0.86364
adapt,3,"w=4, k=3",trunc(1),4,1,0.8,220,0.57647,0.86364
adapt,3,"w=4, k=3",trunc(1),4,1,0.9,220,0.67059,0.86364
adapt,3,"w=4, k=3",trunc(1),4,1,1.0,220,0.61176,0.86364
adapt,3,"w=4, k=3",trunc(1),9,0,0.0,200,0.71053,0.645
adapt,3,"w=4, k=3",trunc(1),9,0,0.1,200,0.71053,0.645
adapt,3,"w=4, k=3",trunc(1),9,0,0.2,200,0.71053,0.645
adapt,3,"w=4, k=3",trunc(1),9,0,0.3,200,0.71053,0.645
adapt,3,"w=4, k=3",trunc(1),9,0,0.4,200,0.71053,0.645
adapt,3,"w=4, k=3",trunc(1),9,0,0.5,200,0.71053,0.645
adapt,3,"w=4, k=3",trunc(1),9,0,0.6,200,0.71053,0.645
adapt,3,"w=4, k=3",trunc(1),9,0,0.7,200,0.71053,0.645
adapt,3,"w=4, k=3",trunc(1),9,0,0.8,200,0.71053,0.645
adapt,3,"w=4, k=3",trunc(1),9,0,0.9,200,0.71053,0.645
adapt,3,"w=4, k=3",trunc(1),9,0,1.0,200,0.71053,0.645
adapt,3,"w=4, k=3",trunc(1),9,1,0.0,200,0.71053,0.835
adapt,3,"w=4, k=3",trunc(1),9,1,0.1,200,0.68421,0.835
adapt,3,"w=4, k=3",trunc(1),9,1,0.2,200,0.71053,0.835
adapt,3,"w=4, k=3",trunc(1),9,1,0.3,200,0.65789,0.835
adapt,3,"w=4, k=3",trunc(1),9,1,0.4,200,0.65789,0.835
adapt,3,"w=4, k=3",trunc(1),9,1,0.5,200,0.65789,0.835
adapt,3,"w=4, k=3",trunc(1),9,1,0.6,200,0.63158,0.835
adapt,3,"w=4, k=3",trunc(1),9,1,0.7,200,0.57895,0.835
adapt,3,"w=4, k=3",trunc(1),9,1,0.8,200,0.36842,0.835
adapt,3,"w=4, k=3",trunc(1),9,1,0.9,200,0.65789,0.835
adapt,3,"w=4, k=3",trunc(1),9,1,1.0,200,0.73684,0.835
adapt,3,"w=4, k=3",trunc(1),10,0,0.0,202,0.475,0.57921
adapt,3,"w=4, k=3",trunc(1),10,0,0.1,202,0.475,0.57921
adapt,3,"w=4, k=3",trunc(1),10,0,0.2,202,0.475,0.57921
adapt,3,"w=4, k=3",trunc(1),10,0,0.3,202,0.475,0.57921
adapt,3,"w=4, k=3",trunc(1),10,0,0.4,202,0.475,0.57921
adapt,3,"w=4, k=3",trunc(1),10,0,0.5,202,0.475,0.57921
adapt,3,"w=4, k=3",trunc(1),10,0,0.6,202,0.475,0.57921
adapt,3,"w=4, k=3",trunc(1),10,0,0.7,202,0.475,0.57921
adapt,3,"w=4, k=3",trunc(1),10,0,0.8,202,0.475,0.57921
adapt,3,"w=4, k=3",trunc(1),10,0,0.9,202,0.475,0.57921
adapt,3,"w=4, k=3",trunc(1),10,0,1.0,202,0.475,0.57921
adapt,3,"w=4, k=3",trunc(1),13,1,0.0,225,0.65556,0.91111
adapt,3,"w=4, k=3",trunc(1),13,1,0.1,225,0.66667,0.91111
adapt,3,"w=4, k=3",trunc(1),13,1,0.2,225,0.47778,0.91111
adapt,3,"w=4, k=3",trunc(1),13,1,0.3,225,0.81111,0.91111
adapt,3,"w=4, k=3",trunc(1),13,1,0.4,225,0.81111,0.91111
adapt,3,"w=4, k=3",trunc(1),13,1,0.5,225,0.72222,0.91111
adapt,3,"w=4, k=3",trunc(1),13,1,0.6,225,0.85556,0.91111
adapt,3,"w=4, k=3",trunc(1),13,1,0.7,225,0.87778,0.91111
adapt,3,"w=4, k=3",trunc(1),13,1,0.8,225,0.72222,0.91111
adapt,3,"w=4, k=3",trunc(1),13,1,0.9,225,0.77778,0.91111
adapt,3,"w=4, k=3",trunc(1),13,1,1.0,225,0.71111,0.91111
adapt,3,"w=4, k=3",trunc(1),18,0,0.0,252,0.73,0.62698
adapt,3,"w=4, k=3",trunc(1),18,0,0.1,252,0.73,0.62698
adapt,3,"w=4, k=3",trunc(1),18,0,0.2,252,0.73,0.62698
adapt,3,"w=4, k=3",trunc(1),18,0,0.3,252,0.73,0.62698
adapt,3,"w=4, k=3",trunc(1),18,0,0.4,252,0.73,0.62698
adapt,3,"w=4, k=3",trunc(1),18,0,0.5,252,0.73,0.62698
adapt,3,"w=4, k=3",trunc(1),18,0,0.6,252,0.73,0.62698
adapt,3,"w=4, k=3",trunc(1),18,0,0.7,252,0.73,0.62698
adapt,3,"w=4, k=3",trunc(1),18,0,0.8,252,0.73,0.62698
adapt,3,"w=4, k=3",trunc(1),18,0,0.9,252,0.73,0.62698
adapt,3,"w=4, k=3",trunc(1),18,0,1.0,252,0.73,0.62698
adapt,3,"w=4, k=3",trunc(1),10,1,0.0,202,0.475,0.88119
adapt,3,"w=4, k=3",trunc(1),10,1,0.1,202,0.325,0.88119
adapt,3,"w=4, k=3",trunc(1),10,1,0.2,202,0.4625,0.88119
adapt,3,"w=4, k=3",trunc(1),10,1,0.3,202,0.4625,0.88119
adapt,3,"w=4, k=3",trunc(1),10,1,0.4,202,0.4875,0.88119
adapt,3,"w=4, k=3",trunc(1),10,1,0.5,202,0.5125,0.88119
adapt,3,"w=4, k=3",trunc(1),10,1,0.6,202,0.45,0.88119
adapt,3,"w=4, k=3",trunc(1),10,1,0.7,202,0.4625,0.88119
adapt,3,"w=4, k=3",trunc(1),10,1,0.8,202,0.625,0.88119
adapt,3,"w=4, k=3",trunc(1),10,1,0.9,202,0.6125,0.88119
adapt,3,"w=4, k=3",trunc(1),10,1,1.0,202,0.6,0.88119
adapt,3,"w=4, k=3",trunc(1),12,0,0.0,222,0.52326,0.68919
adapt,3,"w=4, k=3",trunc(1),12,0,0.1,222,0.52326,0.68919
adapt,3,"w=4, k=3",trunc(1),12,0,0.2,222,0.52326,0.68919
adapt,3,"w=4, k=3",trunc(1),12,0,0.3,222,0.52326,0.68919
adapt,3,"w=4, k=3",trunc(1),12,0,0.4,222,0.52326,0.68919
adapt,3,"w=4, k=3",trunc(1),12,0,0.5,222,0.52326,0.68919
adapt,3,"w=4, k=3",trunc(1),12,0,0.6,222,0.52326,0.68919
adapt,3,"w=4, k=3",trunc(1),12,0,0.7,222,0.52326,0.68919
adapt,3,"w=4, k=3",trunc(1),12,0,0.8,222,0.52326,0.68919
adapt,3,"w=4, k=3",trunc(1),12,0,0.9,222,0.52326,0.68919
adapt,3,"w=4, k=3",trunc(1),12,0,1.0,222,0.52326,0.68919
adapt,3,"w=4, k=3",trunc(1),12,1,0.0,222,0.52326,0.88288
adapt,3,"w=4, k=3",trunc(1),12,1,0.1,222,0.61628,0.88288
adapt,3,"w=4, k=3",trunc(1),12,1,0.2,222,0.47674,0.88288
adapt,3,"w=4, k=3",trunc(1),12,1,0.3,222,0.66279,0.88288
adapt,3,"w=4, k=3",trunc(1),12,1,0.4,222,0.5814,0.88288
adapt,3,"w=4, k=3",trunc(1),12,1,0.5,222,0.60465,0.88288
adapt,3,"w=4, k=3",trunc(1),12,1,0.6,222,0.59302,0.88288
adapt,3,"w=4, k=3",trunc(1),12,1,0.7,222,0.61628,0.88288
adapt,3,"w=4, k=3",trunc(1),12,1,0.8,222,0.51163,0.88288
adapt,3,"w=4, k=3",trunc(1),12,1,0.9,222,0.61628,0.88288
adapt,3,"w=4, k=3",trunc(1),12,1,1.0,222,0.66279,0.88288
adapt,3,"w=4, k=3",trunc(1),13,0,0.0,225,0.65556,0.75556
adapt,3,"w=4, k=3",trunc(1),13,0,0.1,225,0.65556,0.75556
adapt,3,"w=4, k=3",trunc(1),13,0,0.2,225,0.65556,0.75556
adapt,3,"w=4, k=3",trunc(1),13,0,0.3,225,0.65556,0.75556
adapt,3,"w=4, k=3",trunc(1),13,0,0.4,225,0.65556,0.75556
adapt,3,"w=4, k=3",trunc(1),13,0,0.5,225,0.65556,0.75556
adapt,3,"w=4, k=3",trunc(1),13,0,0.6,225,0.65556,0.75556
adapt,3,"w=4, k=3",trunc(1),13,0,0.7,225,0.65556,0.75556
adapt,3,"w=4, k=3",trunc(1),13,0,0.8,225,0.65556,0.75556
adapt,3,"w=4, k=3",trunc(1),13,0,0.9,225,0.65556,0.75556
adapt,3,"w=4, k=3",trunc(1),13,0,1.0,225,0.65556,0.75556
adapt,3,"w=4, k=3",trunc(1),18,1,0.0,252,0.73,0.87698
adapt,3,"w=4, k=3",trunc(1),18,1,0.1,252,0.62,0.87698
adapt,3,"w=4, k=3",trunc(1),18,1,0.2,252,0.72,0.87698
adapt,3,"w=4, k=3",trunc(1),18,1,0.3,252,0.7,0.87698
adapt,3,"w=4, k=3",trunc(1),18,1,0.4,252,0.7,0.87698
adapt,3,"w=4, k=3",trunc(1),18,1,0.5,252,0.67,0.87698
adapt,3,"w=4, k=3",trunc(1),18,1,0.6,252,0.75,0.87698
adapt,3,"w=4, k=3",trunc(1),18,1,0.7,252,0.67,0.87698
adapt,3,"w=4, k=3",trunc(1),18,1,0.8,252,0.75,0.87698
adapt,3,"w=4, k=3",trunc(1),18,1,0.9,252,0.58,0.87698
adapt,3,"w=4, k=3",trunc(1),18,1,1.0,252,0.65,0.87698
adapt,3,"w=4, k=3",trunc(1),20,0,0.0,245,0.53608,0.76735
adapt,3,"w=4, k=3",trunc(1),20,0,0.1,245,0.53608,0.76735
adapt,3,"w=4, k=3",trunc(1),20,0,0.2,245,0.53608,0.76735
adapt,3,"w=4, k=3",trunc(1),20,0,0.3,245,0.53608,0.76735
adapt,3,"w=4, k=3",trunc(1),20,0,0.4,245,0.53608,0.76735
adapt,3,"w=4, k=3",trunc(1),20,0,0.5,245,0.53608,0.76735
adapt,3,"w=4, k=3",trunc(1),20,0,0.6,245,0.53608,0.76735
adapt,3,"w=4, k=3",trunc(1),20,0,0.7,245,0.53608,0.76735
adapt,3,"w=4, k=3",trunc(1),20,0,0.8,245,0.53608,0.76735
adapt,3,"w=4, k=3",trunc(1),20,0,0.9,245,0.53608,0.76735
adapt,3,"w=4, k=3",trunc(1),20,0,1.0,245,0.53608,0.76735
adapt,3,"w=4, k=3",trunc(1),20,1,0.0,245,0.53608,0.88571
adapt,3,"w=4, k=3",trunc(1),20,1,0.1,245,0.59794,0.88571
adapt,3,"w=4, k=3",trunc(1),20,1,0.2,245,0.60825,0.88571
adapt,3,"w=4, k=3",trunc(1),20,1,0.3,245,0.38144,0.88571
adapt,3,"w=4, k=3",trunc(1),20,1,0.4,245,0.58763,0.88571
adapt,3,"w=4, k=3",trunc(1),20,1,0.5,245,0.58763,0.88571
adapt,3,"w=4, k=3",trunc(1),20,1,0.6,245,0.64948,0.88571
adapt,3,"w=4, k=3",trunc(1),20,1,0.7,245,0.64948,0.88571
adapt,3,"w=4, k=3",trunc(1),20,1,0.8,245,0.49485,0.88571
adapt,3,"w=4, k=3",trunc(1),20,1,0.9,245,0.6701,0.88571
adapt,3,"w=4, k=3",trunc(1),20,1,1.0,245,0.61856,0.88571
adapt,3,"w=4, k=3",trunc(1),24,0,0.0,264,0.69524,0.71591
adapt,3,"w=4, k=3",trunc(1),24,0,0.1,264,0.69524,0.71591
adapt,3,"w=4, k=3",trunc(1),24,0,0.2,264,0.69524,0.71591
adapt,3,"w=4, k=3",trunc(1),24,0,0.3,264,0.69524,0.71591
adapt,3,"w=4, k=3",trunc(1),24,0,0.4,264,0.69524,0.71591
adapt,3,"w=4, k=3",trunc(1),24,0,0.5,264,0.69524,0.71591
adapt,3,"w=4, k=3",trunc(1),24,0,0.6,264,0.69524,0.71591
adapt,3,"w=4, k=3",trunc(1),24,0,0.7,264,0.69524,0.71591
adapt,3,"w=4, k=3",trunc(1),24,0,0.8,264,0.69524,0.71591
adapt,3,"w=4, k=3",trunc(1),24,0,0.9,264,0.69524,0.71591
adapt,3,"w=4, k=3",trunc(1),24,0,1.0,264,0.69524,0.71591
adapt,3,"w=4, k=3",trunc(1),24,1,0.0,264,0.69524,0.90152
adapt,3,"w=4, k=3",trunc(1),24,1,0.1,264,0.68571,0.90152
adapt,3,"w=4, k=3",trunc(1),24,1,0.2,264,0.65714,0.90152
adapt,3,"w=4, k=3",trunc(1),24,1,0.3,264,0.65714,0.90152
adapt,3,"w=4, k=3",trunc(1),24,1,0.4,264,0.6381,0.90152
adapt,3,"w=4, k=3",trunc(1),24,1,0.5,264,0.71429,0.90152
adapt,3,"w=4, k=3",trunc(1),24,1,0.6,264,0.60952,0.90152
adapt,3,"w=4, k=3",trunc(1),24,1,0.7,264,0.52381,0.90152
adapt,3,"w=4, k=3",trunc(1),24,1,0.8,264,0.69524,0.90152
adapt,3,"w=4, k=3",trunc(1),24,1,0.9,264,0.8,0.90152
adapt,3,"w=4, k=3",trunc(1),24,1,1.0,264,0.77143,0.90152
adapt,3,"w=4, k=3",satcomp(2),2,0,0.0,208,0.43902,0.62981
adapt,3,"w=4, k=3",satcomp(2),2,0,0.1,208,0.43902,0.62981
adapt,3,"w=4, k=3",satcomp(2),2,0,0.2,208,0.43902,0.62981
adapt,3,"w=4, k=3",satcomp(2),2,0,0.3,208,0.43902,0.62981
adapt,3,"w=4, k=3",satcomp(2),2,0,0.4,208,0.43902,0.62981
adapt,3,"w=4, k=3",satcomp(2),2,0,0.5,208,0.43902,0.62981
adapt,3,"w=4, k=3",satcomp(2),2,0,0.6,208,0.43902,0.62981
adapt,3,"w=4, k=3",satcomp(2),2,0,0.7,208,0.43902,0.62981
adapt,3,"w=4, k=3",satcomp(2),2,0,0.8,208,0.43902,0.62981
adapt,3,"w=4, k=3",satcomp(2),2,0,0.9,208,0.43902,0.62981
adapt,3,"w=4, k=3",satcomp(2),2,0,1.0,208,0.43902,0.62981
adapt,3,"w=4, k=3",satcomp(2),4,1,0.0,220,0.38824,0.85
adapt,3,"w=4, k=3",satcomp(2),4,1,0.1,220,0.49412,0.85
adapt,3,"w=4, k=3",satcomp(2),4,1,0.2,220,0.37647,0.85
adapt,3,"w=4, k=3",satcomp(2),4,1,0.3,220,0.45882,0.85
adapt,3,"w=4, k=3",satcomp(2),4,1,0.4,220,0.48235,0.85
adapt,3,"w=4, k=3",satcomp(2),4,1,0.5,220,0.45882,0.85
adapt,3,"w=4, k=3",satcomp(2),4,1,0.6,220,0.38824,0.85
adapt,3,"w=4, k=3",satcomp(2),4,1,0.7,220,0.45882,0.85
adapt,3,"w=4, k=3",satcomp(2),4,1,0.8,220,0.41176,0.85
adapt,3,"w=4, k=3",satcomp(2),4,1,0.9,220,0.62353,0.85
adapt,3,"w=4, k=3",satcomp(2),4,1,1.0,220,0.65882,0.85
adapt,3,"w=4, k=3",satcomp(2),9,0,0.0,200,0.53947,0.555
adapt,3,"w=4, k=3",satcomp(2),9,0,0.1,200,0.53947,0.555
adapt,3,"w=4, k=3",satcomp(2),9,0,0.2,200,0.53947,0.555
adapt,3,"w=4, k=3",satcomp(2),9,0,0.3,200,0.53947,0.555
adapt,3,"w=4, k=3",satcomp(2),9,0,0.4,200,0.53947,0.555
adapt,3,"w=4, k=3",satcomp(2),9,0,0.5,200,0.53947,0.555
adapt,3,"w=4, k=3",satcomp(2),9,0,0.6,200,0.53947,0.555
adapt,3,"w=4, k=3",satcomp(2),9,0,0.7,200,0.53947,0.555
adapt,3,"w=4, k=3",satcomp(2),9,0,0.8,200,0.53947,0.555
adapt,3,"w=4, k=3",satcomp(2),9,0,0.9,200,0.53947,0.555
adapt,3,"w=4, k=3",satcomp(2),9,0,1.0,200,0.53947,0.555
adapt,3,"w=4, k=3",satcomp(2),9,1,0.0,200,0.53947,0.79
adapt,3,"w=4, k=3",satcomp(2),9,1,0.1,200,0.60526,0.79
adapt,3,"w=4, k=3",satcomp(2),9,1,0.2,200,0.56579,0.79
adapt,3,"w=4, k=3",satcomp(2),9,1,0.3,200,0.60526,0.79
adapt,3,"w=4, k=3",satcomp(2),9,1,0.4,200,0.64474,0.79
adapt,3,"w=4, k=3",satcomp(2),9,1,0.5,200,0.53947,0.79
adapt,3,"w=4, k=3",satcomp(2),9,1,0.6,200,0.47368,0.79
adapt,3,"w=4, k=3",satcomp(2),9,1,0.7,200,0.51316,0.79
adapt,3,"w=4, k=3",satcomp(2),9,1,0.8,200,0.42105,0.79
adapt,3,"w=4, k=3",satcomp(2),9,1,0.9,200,0.56579,0.79
adapt,3,"w=4, k=3",satcomp(2),9,1,1.0,200,0.67105,0.79
adapt,3,"w=4, k=3",satcomp(2),10,0,0.0,202,0.4875,0.55941
adapt,3,"w=4, k=3",satcomp(2),10,0,0.1,202,0.4875,0.55941
adapt,3,"w=4, k=3",satcomp(2),10,0,0.2,202,0.4875,0.55941
adapt,3,"w=4, k=3",satcomp(2),10,0,0.3,202,0.4875,0.55941
adapt,3,"w=4, k=3",satcomp(2),10,0,0.4,202,0.4875,0.55941
adapt,3,"w=4, k=3",satcomp(2),10,0,0.5,202,0.4875,0.55941
adapt,3,"w=4, k=3",satcomp(2),10,0,0.6,202,0.4875,0.55941
adapt,3,"w=4, k=3",satcomp(2),10,0,0.7,202,0.4875,0.55941
adapt,3,"w=4, k=3",satcomp(2),10,0,0.8,202,0.4875,0.55941
adapt,3,"w=4, k=3",satcomp(2),10,0,0.9,202,0.4875,0.55941
adapt,3,"w=4, k=3",satcomp(2),10,0,1.0,202,0.4875,0.55941
adapt,3,"w=4, k=3",satcomp(2),2,1,0.0,208,0.43902,0.875
adapt,3,"w=4, k=3",satcomp(2),2,1,0.1,208,0.45122,0.875
adapt,3,"w=4, k=3",satcomp(2),2,1,0.2,208,0.4878,0.875
adapt,3,"w=4, k=3",satcomp(2),2,1,0.3,208,0.57317,0.875
adapt,3,"w=4, k=3",satcomp(2),2,1,0.4,208,0.53659,0.875
adapt,3,"w=4, k=3",satcomp(2),2,1,0.5,208,0.5122,0.875
adapt,3,"w=4, k=3",satcomp(2),2,1,0.6,208,0.32927,0.875
adapt,3,"w=4, k=3",satcomp(2),2,1,0.7,208,0.46341,0.875
adapt,3,"w=4, k=3",satcomp(2),2,1,0.8,208,0.4878,0.875
adapt,3,"w=4, k=3",satcomp(2),2,1,0.9,208,0.5122,0.875
adapt,3,"w=4, k=3",satcomp(2),2,1,1.0,208,0.57317,0.875
adapt,3,"w=4, k=3",satcomp(2),4,0,0.0,220,0.38824,0.39545
adapt,3,"w=4, k=3",satcomp(2),4,0,0.1,220,0.38824,0.39545
adapt,3,"w=4, k=3",satcomp(2),4,0,0.2,220,0.38824,0.39545
adapt,3,"w=4, k=3",satcomp(2),4,0,0.3,220,0.38824,0.39545
adapt,3,"w=4, k=3",satcomp(2),4,0,0.4,220,0.38824,0.39545
adapt,3,"w=4, k=3",satcomp(2),4,0,0.5,220,0.38824,0.39545
adapt,3,"w=4, k=3",satcomp(2),4,0,0.6,220,0.38824,0.39545
adapt,3,"w=4, k=3",satcomp(2),4,0,0.7,220,0.38824,0.39545
adapt,3,"w=4, k=3",satcomp(2),4,0,0.8,220,0.38824,0.39545
adapt,3,"w=4, k=3",satcomp(2),4,0,0.9,220,0.38824,0.39545
adapt,3,"w=4, k=3",satcomp(2),4,0,1.0,220,0.38824,0.39545
adapt,3,"w=4, k=3",satcomp(2),13,1,0.0,225,0.61111,0.88889
adapt,3,"w=4, k=3",satcomp(2),13,1,0.1,225,0.62222,0.88889
adapt,3,"w=4, k=3",satcomp(2),13,1,0.2,225,0.45556,0.88889
adapt,3,"w=4, k=3",satcomp(2),13,1,0.3,225,0.68889,0.88889
adapt,3,"w=4, k=3",satcomp(2),13,1,0.4,225,0.68889,0.88889
adapt,3,"w=4, k=3",satcomp(2),13,1,0.5,225,0.68889,0.88889
adapt,3,"w=4, k=3",satcomp(2),13,1,0.6,225,0.57778,0.88889
adapt,3,"w=4, k=3",satcomp(2),13,1,0.7,225,0.67778,0.88889
adapt,3,"w=4, k=3",satcomp(2),13,1,0.8,225,0.68889,0.88889
adapt,3,"w=4, k=3",satcomp(2),13,1,0.9,225,0.81111,0.88889
adapt,3,"w=4, k=3",satcomp(2),13,1,1.0,225,0.73333,0.88889
adapt,3,"w=4, k=3",satcomp(2),18,0,0.0,252,0.53,0.58333
adapt,3,"w=4, k=3",satcomp(2),18,0,0.1,252,0.53,0.58333
adapt,3,"w=4, k=3",satcomp(2),18,0,0.2,252,0.53,0.58333
adapt,3,"w=4, k=3",satcomp(2),18,0,0.3,252,0.53,0.58333
adapt,3,"w=4, k=3",satcomp(2),18,0,0.4,252,0.53,0.58333
adapt,3,"w=4, k=3",satcomp(2),18,0,0.5,252,0.53,0.58333
adapt,3,"w=4, k=3",satcomp(2),18,0,0.6,252,0.53,0.58333
adapt,3,"w=4, k=3",satcomp(2),18,0,0.7,252,0.53,0.58333
adapt,3,"w=4, k=3",satcomp(2),18,0,0.8,252,0.53,0.58333
adapt,3,"w=4, k=3",satcomp(2),18,0,0.9,252,0.53,0.58333
adapt,3,"w=4, k=3",satcomp(2),18,0,1.0,252,0.53,0.58333
adapt,3,"w=4, k=3",satcomp(2),12,1,0.0,222,0.46512,0.85586
adapt,3,"w=4, k=3",satcomp(2),12,1,0.1,222,0.54651,0.85586
adapt,3,"w=4, k=3",satcomp(2),12,1,0.2,222,0.37209,0.85586
adapt,3,"w=4, k=3",satcomp(2),12,1,0.3,222,0.55814,0.85586
adapt,3,"w=4, k=3",satcomp(2),12,1,0.4,222,0.56977,0.85586
adapt,3,"w=4, k=3",satcomp(2),12,1,0.5,222,0.56977,0.85586
adapt,3,"w=4, k=3",satcomp(2),12,1,0.6,222,0.38372,0.85586
adapt,3,"w=4, k=3",satcomp(2),12,1,0.7,222,0.40698,0.85586
adapt,3,"w=4, k=3",satcomp(2),12,1,0.8,222,0.59302,0.85586
adapt,3,"w=4, k=3",satcomp(2),12,1,0.9,222,0.66279,0.85586
adapt,3,"w=4, k=3",satcomp(2),12,1,1.0,222,0.69767,0.85586
adapt,3,"w=4, k=3",satcomp(2),13,0,0.0,225,0.61111,0.58667
adapt,3,"w=4, k=3",satcomp(2),13,0,0.1,225,0.61111,0.58667
adapt,3,"w=4, k=3",satcomp(2),13,0,0.2,225,0.61111,0.58667
adapt,3,"w=4, k=3",satcomp(2),13,0,0.3,225,0.61111,0.58667
adapt,3,"w=4, k=3",satcomp(2),13,0,0.4,225,0.61111,0.58667
adapt,3,"w=4, k=3",satcomp(2),13,0,0.5,225,0.61111,0.58667
adapt,3,"w=4, k=3",satcomp(2),13,0,0.6,225,0.61111,0.58667
adapt,3,"w=4, k=3",satcomp(2),13,0,0.7,225,0.61111,0.58667
adapt,3,"w=4, k=3",satcomp(2),13,0,0.8,225,0.61111,0.58667
adapt,3,"w=4, k=3",satcomp(2),13,0,0.9,225,0.61111,0.58667
adapt,3,"w=4, k=3",satcomp(2),13,0,1.0,225,0.61111,0.58667
adapt,3,"w=4, k=3",satcomp(2),10,1,0.0,202,0.4875,0.80693
adapt,3,"w=4, k=3",satcomp(2),10,1,0.1,202,0.5375,0.80693
adapt,3,"w=4, k=3",satcomp(2),10,1,0.2,202,0.525,0.80693
adapt,3,"w=4, k=3",satcomp(2),10,1,0.3,202,0.5,0.80693
adapt,3,"w=4, k=3",satcomp(2),10,1,0.4,202,0.4625,0.80693
adapt,3,"w=4, k=3",satcomp(2),10,1,0.5,202,0.5125,0.80693
adapt,3,"w=4, k=3",satcomp(2),10,1,0.6,202,0.4625,0.80693
adapt,3,"w=4, k=3",satcomp(2),10,1,0.7,202,0.4875,0.80693
adapt,3,"w=4, k=3",satcomp(2),10,1,0.8,202,0.6375,0.80693
adapt,3,"w=4, k=3",satcomp(2),10,1,0.9,202,0.5625,0.80693
adapt,3,"w=4, k=3",satcomp(2),10,1,1.0,202,0.5625,0.80693
adapt,3,"w=4, k=3",satcomp(2),12,0,0.0,222,0.46512,0.52252
adapt,3,"w=4, k=3",satcomp(2),12,0,0.1,222,0.46512,0.52252
adapt,3,"w=4, k=3",satcomp(2),12,0,0.2,222,0.46512,0.52252
adapt,3,"w=4, k=3",satcomp(2),12,0,0.3,222,0.46512,0.52252
adapt,3,"w=4, k=3",satcomp(2),12,0,0.4,222,0.46512,0.52252
adapt,3,"w=4, k=3",satcomp(2),12,0,0.5,222,0.46512,0.52252
adapt,3,"w=4, k=3",satcomp(2),12,0,0.6,222,0.46512,0.52252
adapt,3,"w=4, k=3",satcomp(2),12,0,0.7,222,0.46512,0.52252
adapt,3,"w=4, k=3",satcomp(2),12,0,0.8,222,0.46512,0.52252
adapt,3,"w=4, k=3",satcomp(2),12,0,0.9,222,0.46512,0.52252
adapt,3,"w=4, k=3",satcomp(2),12,0,1.0,222,0.46512,0.52252
adapt,3,"w=4, k=3",satcomp(2),24,1,0.0,264,0.51429,0.85227
adapt,3,"w=4, k=3",satcomp(2),24,1,0.1,264,0.6,0.85227
adapt,3,"w=4, k=3",satcomp(2),24,1,0.2,264,0.46667,0.85227
adapt,3,"w=4, k=3",satcomp(2),24,1,0.3,264,0.6,0.85227
adapt,3,"w=4, k=3",satcomp(2),24,1,0.4,264,0.57143,0.85227
adapt,3,"w=4, k=3",satcomp(2),24,1,0.5,264,0.62857,0.85227
adapt,3,"w=4, k=3",satcomp(2),24,1,0.6,264,0.21905,0.85227
adapt,3,"w=4, k=3",satcomp(2),24,1,0.7,264,0.21905,0.85227
adapt,3,"w=4, k=3",satcomp(2),24,1,0.8,264,0.5619,0.85227
adapt,3,"w=4, k=3",satcomp(2),24,1,0.9,264,0.80952,0.85227
adapt,3,"w=4, k=3",satcomp(2),24,1,1.0,264,0.72381,0.85227
adapt,3,"w=4, k=3",sampled(4),2,0,0.0,208,0.41463,0.48077
adapt,3,"w=4, k=3",sampled(4),2,0,0.1,208,0.41463,0.48077
adapt,3,"w=4, k=3",sampled(4),2,0,0.2,208,0.41463,0.48077
adapt,3,"w=4, k=3",sampled(4),2,0,0.3,208,0.41463,0.48077
adapt,3,"w=4, k=3",sampled(4),2,0,0.4,208,0.41463,0.48077
adapt,3,"w=4, k=3",sampled(4),2,0,0.5,208,0.41463,0.48077
adapt,3,"w=4, k=3",sampled(4),2,0,0.6,208,0.41463,0.48077
adapt,3,"w=4, k=3",sampled(4),2,0,0.7,208,0.41463,0.48077
adapt,3,"w=4, k=3",sampled(4),2,0,0.8,208,0.41463,0.48077
adapt,3,"w=4, k=3",sampled(4),2,0,0.9,208,0.41463,0.48077
adapt,3,"w=4, k=3",sampled(4),2,0,1.0,208,0.41463,0.48077
adapt,3,"w=4, k=3",satcomp(2),18,1,0.0,252,0.53,0.84127
adapt,3,"w=4, k=3",satcomp(2),18,1,0.1,252,0.59,0.84127
adapt,3,"w=4, k=3",satcomp(2),18,1,0.2,252,0.67,0.84127
adapt,3,"w=4, k=3",satcomp(2),18,1,0.3,252,0.67,0.84127
adapt,3,"w=4, k=3",satcomp(2),18,1,0.4,252,0.68,0.84127
adapt,3,"w=4, k=3",satcomp(2),18,1,0.5,252,0.72,0.84127
adapt,3,"w=4, k=3",satcomp(2),18,1,0.6,252,0.66,0.84127
adapt,3,"w=4, k=3",satcomp(2),18,1,0.7,252,0.39,0.84127
adapt,3,"w=4, k=3",satcomp(2),18,1,0.8,252,0.62,0.84127
adapt,3,"w=4, k=3",satcomp(2),18,1,0.9,252,0.73,0.84127
adapt,3,"w=4, k=3",satcomp(2),18,1,1.0,252,0.66,0.84127
adapt,3,"w=4, k=3",satcomp(2),20,0,0.0,245,0.59794,0.60408
adapt,3,"w=4, k=3",satcomp(2),20,0,0.1,245,0.59794,0.60408
adapt,3,"w=4, k=3",satcomp(2),20,0,0.2,245,0.59794,0.60408
adapt,3,"w=4, k=3",satcomp(2),20,0,0.3,245,0.59794,0.60408
adapt,3,"w=4, k=3",satcomp(2),20,0,0.4,245,0.59794,0.60408
adapt,3,"w=4, k=3",satcomp(2),20,0,0.5,245,0.59794,0.60408
adapt,3,"w=4, k=3",satcomp(2),20,0,0.6,245,0.59794,0.60408
adapt,3,"w=4, k=3",satcomp(2),20,0,0.7,245,0.59794,0.60408
adapt,3,"w=4, k=3",satcomp(2),20,0,0.8,245,0.59794,0.60408
adapt,3,"w=4, k=3",satcomp(2),20,0,0.9,245,0.59794,0.60408
adapt,3,"w=4, k=3",satcomp(2),20,0,1.0,245,0.59794,0.60408
adapt,3,"w=4, k=3",satcomp(2),20,1,0.0,245,0.59794,0.86531
adapt,3,"w=4, k=3",satcomp(2),20,1,0.1,245,0.70103,0.86531
adapt,3,"w=4, k=3",satcomp(2),20,1,0.2,245,0.59794,0.86531
adapt,3,"w=4, k=3",satcomp(2),20,1,0.3,245,0.54639,0.86531
adapt,3,"w=4, k=3",satcomp(2),20,1,0.4,245,0.57732,0.86531
adapt,3,"w=4, k=3",satcomp(2),20,1,0.5,245,0.6701,0.86531
adapt,3,"w=4, k=3",satcomp(2),20,1,0.6,245,0.51546,0.86531
adapt,3,"w=4, k=3",satcomp(2),20,1,0.7,245,0.38144,0.86531
adapt,3,"w=4, k=3",satcomp(2),20,1,0.8,245,0.53608,0.86531
adapt,3,"w=4, k=3",satcomp(2),20,1,0.9,245,0.65979,0.86531
adapt,3,"w=4, k=3",satcomp(2),20,1,1.0,245,0.65979,0.86531
adapt,3,"w=4, k=3",satcomp(2),24,0,0.0,264,0.51429,0.45833
adapt,3,"w=4, k=3",satcomp(2),24,0,0.1,264,0.51429,0.45833
adapt,3,"w=4, k=3",satcomp(2),24,0,0.2,264,0.51429,0.45833
adapt,3,"w=4, k=3",satcomp(2),24,0,0.3,264,0.51429,0.45833
adapt,3,"w=4, k=3",satcomp(2),24,0,0.4,264,0.51429,0.45833
adapt,3,"w=4, k=3",satcomp(2),24,0,0.5,264,0.51429,0.45833
adapt,3,"w=4, k=3",satcomp(2),24,0,0.6,264,0.51429,0.45833
adapt,3,"w=4, k=3",satcomp(2),24,0,0.7,264,0.51429,0.45833
adapt,3,"w=4, k=3",satcomp(2),24,0,0.8,264,0.51429,0.45833
adapt,3,"w=4, k=3",satcomp(2),24,0,0.9,264,0.51429,0.45833
adapt,3,"w=4, k=3",satcomp(2),24,0,1.0,264,0.51429,0.45833
adapt,3,"w=4, k=3",sampled(4),4,1,0.0,220,0.32941,0.85
adapt,3,"w=4, k=3",sampled(4),4,1,0.1,220,0.55294,0.85
adapt,3,"w=4, k=3",sampled(4),4,1,0.2,220,0.38824,0.85
adapt,3,"w=4, k=3",sampled(4),4,1,0.3,220,0.45882,0.85
adapt,3,"w=4, k=3",sampled(4),4,1,0.4,220,0.48235,0.85
adapt,3,"w=4, k=3",sampled(4),4,1,0.5,220,0.48235,0.85
adapt,3,"w=4, k=3",sampled(4),4,1,0.6,220,0.51765,0.85
adapt,3,"w=4, k=3",sampled(4),4,1,0.7,220,0.58824,0.85
adapt,3,"w=4, k=3",sampled(4),4,1,0.8,220,0.72941,0.85
adapt,3,"w=4, k=3",sampled(4),4,1,0.9,220,0.6,0.85
adapt,3,"w=4, k=3",sampled(4),4,1,1.0,220,0.67059,0.85
adapt,3,"w=4, k=3",sampled(4),9,0,0.0,200,0.44737,0.42
adapt,3,"w=4, k=3",sampled(4),9,0,0.1,200,0.44737,0.42
adapt,3,"w=4, k=3",sampled(4),9,0,0.2,200,0.44737,0.42
adapt,3,"w=4, k=3",sampled(4),9,0,0.3,200,0.44737,0.42
adapt,3,"w=4, k=3",sampled(4),9,0,0.4,200,0.44737,0.42
adapt,3,"w=4, k=3",sampled(4),9,0,0.5,200,0.44737,0.42
adapt,3,"w=4, k=3",sampled(4),9,0,0.6,200,0.44737,0.42
adapt,3,"w=4, k=3",sampled(4),9,0,0.7,200,0.44737,0.42
adapt,3,"w=4, k=3",sampled(4),9,0,0.8,200,0.44737,0.42
adapt,3,"w=4, k=3",sampled(4),9,0,0.9,200,0.44737,0.42
adapt,3,"w=4, k=3",sampled(4),9,0,1.0,200,0.44737,0.42
adapt,3,"w=4, k=3",sampled(4),10,1,0.0,202,0.35,0.80198
adapt,3,"w=4, k=3",sampled(4),10,1,0.1,202,0.25,0.80198
adapt,3,"w=4, k=3",sampled(4),10,1,0.2,202,0.275,0.80198
adapt,3,"w=4, k=3",sampled(4),10,1,0.3,202,0.375,0.80198
adapt,3,"w=4, k=3",sampled(4),10,1,0.4,202,0.4375,0.80198
adapt,3,"w=4, k=3",sampled(4),10,1,0.5,202,0.4375,0.80198
adapt,3,"w=4, k=3",sampled(4),10,1,0.6,202,0.4,0.80198
adapt,3,"w=4, k=3",sampled(4),10,1,0.7,202,0.4375,0.80198
adapt,3,"w=4, k=3",sampled(4),10,1,0.8,202,0.45,0.80198
adapt,3,"w=4, k=3",sampled(4),10,1,0.9,202,0.325,0.80198
adapt,3,"w=4, k=3",sampled(4),10,1,1.0,202,0.4375,0.80198
adapt,3,"w=4, k=3",sampled(4),12,0,0.0,222,0.39535,0.47297
adapt,3,"w=4, k=3",sampled(4),12,0,0.1,222,0.39535,0.47297
adapt,3,"w=4, k=3",sampled(4),12,0,0.2,222,0.39535,0.47297
adapt,3,"w=4, k=3",sampled(4),12,0,0.3,222,0.39535,0.47297
adapt,3,"w=4, k=3",sampled(4),12,0,0.4,222,0.39535,0.47297
adapt,3,"w=4, k=3",sampled(4),12,0,0.5,222,0.39535,0.47297
adapt,3,"w=4, k=3",sampled(4),12,0,0.6,222,0.39535,0.47297
adapt,3,"w=4, k=3",sampled(4),12,0,0.7,222,0.39535,0.47297
adapt,3,"w=4, k=3",sampled(4),12,0,0.8,222,0.39535,0.47297
adapt,3,"w=4, k=3",sampled(4),12,0,0.9,222,0.39535,0.47297
adapt,3,"w=4, k=3",sampled(4),12,0,1.0,222,0.39535,0.47297
adapt,3,"w=4, k=3",sampled(4),2,1,0.0,208,0.41463,0.85577
adapt,3,"w=4, k=3",sampled(4),2,1,0.1,208,0.57317,0.85577
adapt,3,"w=4, k=3",sampled(4),2,1,0.2,208,0.32927,0.85577
adapt,3,"w=4, k=3",sampled(4),2,1,0.3,208,0.59756,0.85577
adapt,3,"w=4, k=3",sampled(4),2,1,0.4,208,0.59756,0.85577
adapt,3,"w=4, k=3",sampled(4),2,1,0.5,208,0.59756,0.85577
adapt,3,"w=4, k=3",sampled(4),2,1,0.6,208,0.43902,0.85577
adapt,3,"w=4, k=3",sampled(4),2,1,0.7,208,0.63415,0.85577
adapt,3,"w=4, k=3",sampled(4),2,1,0.8,208,0.65854,0.85577
adapt,3,"w=4, k=3",sampled(4),2,1,0.9,208,0.64634,0.85577
adapt,3,"w=4, k=3",sampled(4),2,1,1.0,208,0.65854,0.85577
adapt,3,"w=4, k=3",sampled(4),4,0,0.0,220,0.32941,0.39545
adapt,3,"w=4, k=3",sampled(4),4,0,0.1,220,0.32941,0.39545
adapt,3,"w=4, k=3",sampled(4),4,0,0.2,220,0.32941,0.39545
adapt,3,"w=4, k=3",sampled(4),4,0,0.3,220,0.32941,0.39545
adapt,3,"w=4, k=3",sampled(4),4,0,0.4,220,0.32941,0.39545
adapt,3,"w=4, k=3",sampled(4),4,0,0.5,220,0.32941,0.39545
adapt,3,"w=4, k=3",sampled(4),4,0,0.6,220,0.32941,0.39545
adapt,3,"w=4, k=3",sampled(4),4,0,0.7,220,0.32941,0.39545
adapt,3,"w=4, k=3",sampled(4),4,0,0.8,220,0.32941,0.39545
adapt,3,"w=4, k=3",sampled(4),4,0,0.9,220,0.32941,0.39545
adapt,3,"w=4, k=3",sampled(4),4,0,1.0,220,0.32941,0.39545
adapt,3,"w=4, k=3",sampled(4),13,1,0.0,225,0.5,0.88889
adapt,3,"w=4, k=3",sampled(4),13,1,0.1,225,0.56667,0.88889
adapt,3,"w=4, k=3",sampled(4),13,1,0.2,225,0.4,0.88889
adapt,3,"w=4, k=3",sampled(4),13,1,0.3,225,0.68889,0.88889
adapt,3,"w=4, k=3",sampled(4),13,1,0.4,225,0.68889,0.88889
adapt,3,"w=4, k=3",sampled(4),13,1,0.5,225,0.68889,0.88889
adapt,3,"w=4, k=3",sampled(4),13,1,0.6,225,0.67778,0.88889
adapt,3,"w=4, k=3",sampled(4),13,1,0.7,225,0.74444,0.88889
adapt,3,"w=4, k=3",sampled(4),13,1,0.8,225,0.74444,0.88889
adapt,3,"w=4, k=3",sampled(4),13,1,0.9,225,0.72222,0.88889
adapt,3,"w=4, k=3",sampled(4),13,1,1.0,225,0.75556,0.88889
adapt,3,"w=4, k=3",sampled(4),18,0,0.0,252,0.49,0.42857
adapt,3,"w=4, k=3",sampled(4),18,0,0.1,252,0.49,0.42857
adapt,3,"w=4, k=3",sampled(4),18,0,0.2,252,0.49,0.42857
adapt,3,"w=4, k=3",sampled(4),18,0,0.3,252,0.49,0.42857
adapt,3,"w=4, k=3",sampled(4),18,0,0.4,252,0.49,0.42857
adapt,3,"w=4, k=3",sampled(4),18,0,0.5,252,0.49,0.42857
adapt,3,"w=4, k=3",sampled(4),18,0,0.6,252,0.49,0.42857
adapt,3,"w=4, k=3",sampled(4),18,0,0.7,252,0.49,0.42857
adapt,3,"w=4, k=3",sampled(4),18,0,0.8,252,0.49,0.42857
adapt,3,"w=4, k=3",sampled(4),18,0,0.9,252,0.49,0.42857
adapt,3,"w=4, k=3",sampled(4),18,0,1.0,252,0.49,0.42857
adapt,3,"w=4, k=3",sampled(4),12,1,0.0,222,0.39535,0.84234
adapt,3,"w=4, k=3",sampled(4),12,1,0.1,222,0.47674,0.84234
adapt,3,"w=4, k=3",sampled(4),12,1,0.2,222,0.34884,0.84234
adapt,3,"w=4, k=3",sampled(4),12,1,0.3,222,0.54651,0.84234
adapt,3,"w=4, k=3",sampled(4),12,1,0.4,222,0.54651,0.84234
adapt,3,"w=4, k=3",sampled(4),12,1,0.5,222,0.53488,0.84234
adapt,3,"w=4, k=3",sampled(4),12,1,0.6,222,0.47674,0.84234
adapt,3,"w=4, k=3",sampled(4),12,1,0.7,222,0.59302,0.84234
adapt,3,"w=4, k=3",sampled(4),12,1,0.8,222,0.62791,0.84234
adapt,3,"w=4, k=3",sampled(4),12,1,0.9,222,0.65116,0.84234
adapt,3,"w=4, k=3",sampled(4),12,1,1.0,222,0.66279,0.84234
adapt,3,"w=4, k=3",sampled(4),13,0,0.0,225,0.5,0.47556
adapt,3,"w=4, k=3",sampled(4),13,0,0.1,225,0.5,0.47556
adapt,3,"w=4, k=3",sampled(4),13,0,0.2,225,0.5,0.47556
adapt,3,"w=4, k=3",sampled(4),13,0,0.3,225,0.5,0.47556
adapt,3,"w=4, k=3",sampled(4),13,0,0.4,225,0.5,0.47556
adapt,3,"w=4, k=3",sampled(4),13,0,0.5,225,0.5,0.47556
adapt,3,"w=4, k=3",sampled(4),13,0,0.6,225,0.5,0.47556
adapt,3,"w=4, k=3",sampled(4),13,0,0.7,225,0.5,0.47556
adapt,3,"w=4, k=3",sampled(4),13,0,0.8,225,0.5,0.47556
adapt,3,"w=4, k=3",sampled(4),13,0,0.9,225,0.5,0.47556
adapt,3,"w=4, k=3",sampled(4),13,0,1.0,225,0.5,0.47556
adapt,3,"w=4, k=3",sampled(4),9,1,0.0,200,0.44737,0.76
adapt,3,"w=4, k=3",sampled(4),9,1,0.1,200,0.43421,0.76
adapt,3,"w=4, k=3",sampled(4),9,1,0.2,200,0.28947,0.76
adapt,3,"w=4, k=3",sampled(4),9,1,0.3,200,0.46053,0.76
adapt,3,"w=4, k=3",sampled(4),9,1,0.4,200,0.46053,0.76
adapt,3,"w=4, k=3",sampled(4),9,1,0.5,200,0.43421,0.76
adapt,3,"w=4, k=3",sampled(4),9,1,0.6,200,0.42105,0.76
adapt,3,"w=4, k=3",sampled(4),9,1,0.7,200,0.44737,0.76
adapt,3,"w=4, k=3",sampled(4),9,1,0.8,200,0.23684,0.76
adapt,3,"w=4, k=3",sampled(4),9,1,0.9,200,0.56579,0.76
adapt,3,"w=4, k=3",sampled(4),9,1,1.0,200,0.61842,0.76
adapt,3,"w=4, k=3",sampled(4),10,0,0.0,202,0.35,0.44554
adapt,3,"w=4, k=3",sampled(4),10,0,0.1,202,0.35,0.44554
adapt,3,"w=4, k=3",sampled(4),10,0,0.2,202,0.35,0.44554
adapt,3,"w=4, k=3",sampled(4),10,0,0.3,202,0.35,0.44554
adapt,3,"w=4, k=3",sampled(4),10,0,0.4,202,0.35,0.44554
adapt,3,"w=4, k=3",sampled(4),10,0,0.5,202,0.35,0.44554
adapt,3,"w=4, k=3",sampled(4),10,0,0.6,202,0.35,0.44554
adapt,3,"w=4, k=3",sampled(4),10,0,0.7,202,0.35,0.44554
adapt,3,"w=4, k=3",sampled(4),10,0,0.8,202,0.35,0.44554
adapt,3,"w=4, k=3",sampled(4),10,0,0.9,202,0.35,0.44554
adapt,3,"w=4, k=3",sampled(4),10,0,1.0,202,0.35,0.44554
adapt,3,"w=4, k=3",sampled(4),20,1,0.0,245,0.43299,0.88163
adapt,3,"w=4, k=3",sampled(4),20,1,0.1,245,0.53608,0.88163
adapt,3,"w=4, k=3",sampled(4),20,1,0.2,245,0.46392,0.88163
adapt,3,"w=4, k=3",sampled(4),20,1,0.3,245,0.46392,0.88163
adapt,3,"w=4, k=3",sampled(4),20,1,0.4,245,0.58763,0.88163
adapt,3,"w=4, k=3",sampled(4),20,1,0.5,245,0.58763,0.88163
adapt,3,"w=4, k=3",sampled(4),20,1,0.6,245,0.64948,0.88163
adapt,3,"w=4, k=3",sampled(4),20,1,0.7,245,0.54639,0.88163
adapt,3,"w=4, k=3",sampled(4),20,1,0.8,245,0.56701,0.88163
adapt,3,"w=4, k=3",sampled(4),20,1,0.9,245,0.59794,0.88163
adapt,3,"w=4, k=3",sampled(4),20,1,1.0,245,0.63918,0.88163
adapt,3,"w=4, k=3",sampled(4),24,0,0.0,264,0.61905,0.56818
adapt,3,"w=4, k=3",sampled(4),24,0,0.1,264,0.61905,0.56818
adapt,3,"w=4, k=3",sampled(4),24,0,0.2,264,0.61905,0.56818
adapt,3,"w=4, k=3",sampled(4),24,0,0.3,264,0.61905,0.56818
adapt,3,"w=4, k=3",sampled(4),24,0,0.4,264,0.61905,0.56818
adapt,3,"w=4, k=3",sampled(4),24,0,0.5,264,0.61905,0.56818
adapt,3,"w=4, k=3",sampled(4),24,0,0.6,264,0.61905,0.56818
adapt,3,"w=4, k=3",sampled(4),24,0,0.7,264,0.61905,0.56818
adapt,3,"w=4, k=3",sampled(4),24,0,0.8,264,0.61905,0.56818
adapt,3,"w=4, k=3",sampled(4),24,0,0.9,264,0.61905,0.56818
adapt,3,"w=4, k=3",sampled(4),24,0,1.0,264,0.61905,0.56818
adapt,3,"w=4, k=3",sampled(4),24,1,0.0,264,0.61905,0.91288
adapt,3,"w=4, k=3",sampled(4),24,1,0.1,264,0.6381,0.91288
adapt,3,"w=4, k=3",sampled(4),24,1,0.2,264,0.66667,0.91288
adapt,3,"w=4, k=3",sampled(4),24,1,0.3,264,0.69524,0.91288
adapt,3,"w=4, k=3",sampled(4),24,1,0.4,264,0.69524,0.91288
adapt,3,"w=4, k=3",sampled(4),24,1,0.5,264,0.69524,0.91288
adapt,3,"w=4, k=3",sampled(4),24,1,0.6,264,0.64762,0.91288
adapt,3,"w=4, k=3",sampled(4),24,1,0.7,264,0.71429,0.91288
adapt,3,"w=4, k=3",sampled(4),24,1,0.8,264,0.73333,0.91288
adapt,3,"w=4, k=3",sampled(4),24,1,0.9,264,0.8381,0.91288
adapt,3,"w=4, k=3",sampled(4),24,1,1.0,264,0.75238,0.91288
adapt,3,"w=4, k=3",sampled(4),18,1,0.0,252,0.49,0.85714
adapt,3,"w=4, k=3",sampled(4),18,1,0.1,252,0.5,0.85714
adapt,3,"w=4, k=3",sampled(4),18,1,0.2,252,0.5,0.85714
adapt,3,"w=4, k=3",sampled(4),18,1,0.3,252,0.56,0.85714
adapt,3,"w=4, k=3",sampled(4),18,1,0.4,252,0.56,0.85714
adapt,3,"w=4, k=3",sampled(4),18,1,0.5,252,0.56,0.85714
adapt,3,"w=4, k=3",sampled(4),18,1,0.6,252,0.65,0.85714
adapt,3,"w=4, k=3",sampled(4),18,1,0.7,252,0.58,0.85714
adapt,3,"w=4, k=3",sampled(4),18,1,0.8,252,0.69,0.85714
adapt,3,"w=4, k=3",sampled(4),18,1,0.9,252,0.69,0.85714
adapt,3,"w=4, k=3",sampled(4),18,1,1.0,252,0.65,0.85714
adapt,3,"w=4, k=3",sampled(4),20,0,0.0,245,0.43299,0.48163
adapt,3,"w=4, k=3",sampled(4),20,0,0.1,245,0.43299,0.48163
adapt,3,"w=4, k=3",sampled(4),20,0,0.2,245,0.43299,0.48163
adapt,3,"w=4, k=3",sampled(4),20,0,0.3,245,0.43299,0.48163
adapt,3,"w=4, k=3",sampled(4),20,0,0.4,245,0.43299,0.48163
adapt,3,"w=4, k=3",sampled(4),20,0,0.5,245,0.43299,0.48163
adapt,3,"w=4, k=3",sampled(4),20,0,0.6,245,0.43299,0.48163
adapt,3,"w=4, k=3",sampled(4),20,0,0.7,245,0.43299,0.48163
adapt,3,"w=4, k=3",sampled(4),20,0,0.8,245,0.43299,0.48163
adapt,3,"w=4, k=3",sampled(4),20,0,0.9,245,0.43299,0.48163
adapt,3,"w=4, k=3",sampled(4),20,0,1.0,245,0.43299,0.48163
adapt,4,w=8,exact,2,0,0.0,208,0.91463,0.86058
adapt,4,w=8,exact,2,0,0.1,208,0.91463,0.86058
adapt,4,w=8,exact,2,0,0.2,208,0.91463,0.86058
adapt,4,w=8,exact,2,0,0.3,208,0.91463,0.86058
adapt,4,w=8,exact,2,0,0.4,208,0.91463,0.86058
adapt,4,w=8,exact,2,0,0.5,208,0.91463,0.86058
adapt,4,w=8,exact,2,0,0.6,208,0.91463,0.86058
adapt,4,w=8,exact,2,0,0.7,208,0.91463,0.86058
adapt,4,w=8,exact,2,0,0.8,208,0.91463,0.86058
adapt,4,w=8,exact,2,0,0.9,208,0.91463,0.86058
adapt,4,w=8,exact,2,0,1.0,208,0.91463,0.86058
adapt,4,w=8,exact,2,1,0.0,208,0.91463,0.875
adapt,4,w=8,exact,2,1,0.1,208,0.89024,0.875
adapt,4,w=8,exact,2,1,0.2,208,0.87805,0.875
adapt,4,w=8,exact,2,1,0.3,208,0.84146,0.875
adapt,4,w=8,exact,2,1,0.4,208,0.84146,0.875
adapt,4,w=8,exact,2,1,0.5,208,0.84146,0.875
adapt,4,w=8,exact,2,1,0.6,208,0.84146,0.875
adapt,4,w=8,exact,2,1,0.7,208,0.85366,0.875
adapt,4,w=8,exact,2,1,0.8,208,0.97561,0.875
adapt,4,w=8,exact,2,1,0.9,208,0.89024,0.875
adapt,4,w=8,exact,2,1,1.0,208,0.89024,0.875
adapt,4,w=8,exact,4,0,0.0,220,0.62353,0.77727
adapt,4,w=8,exact,4,0,0.1,220,0.62353,0.77727
adapt,4,w=8,exact,4,0,0.2,220,0.62353,0.77727
adapt,4,w=8,exact,4,0,0.3,220,0.62353,0.77727
adapt,4,w=8,exact,4,0,0.4,220,0.62353,0.77727
adapt,4,w=8,exact,4,0,0.5,220,0.62353,0.77727
adapt,4,w=8,exact,4,0,0.6,220,0.62353,0.77727
adapt,4,w=8,exact,4,0,0.7,220,0.62353,0.77727
adapt,4,w=8,exact,4,0,0.8,220,0.62353,0.77727
adapt,4,w=8,exact,4,0,0.9,220,0.62353,0.77727
adapt,4,w=8,exact,4,0,1.0,220,0.62353,0.77727
adapt,4,w=8,exact,4,1,0.0,220,0.62353,0.85909
adapt,4,w=8,exact,4,1,0.1,220,0.64706,0.85909
adapt,4,w=8,exact,4,1,0.2,220,0.63529,0.85909
adapt,4,w=8,exact,4,1,0.3,220,0.62353,0.85909
adapt,4,w=8,exact,4,1,0.4,220,0.64706,0.85909
adapt,4,w=8,exact,4,1,0.5,220,0.69412,0.85909
adapt,4,w=8,exact,4,1,0.6,220,0.6,0.85909
adapt,4,w=8,exact,4,1,0.7,220,0.6,0.85909
adapt,4,w=8,exact,4,1,0.8,220,0.57647,0.85909
adapt,4,w=8,exact,4,1,0.9,220,0.67059,0.85909
adapt,4,w=8,exact,4,1,1.0,220,0.69412,0.85909
adapt,4,w=8,exact,9,0,0.0,200,0.64474,0.715
adapt,4,w=8,exact,9,0,0.1,200,0.64474,0.715
adapt,4,w=8,exact,9,0,0.2,200,0.64474,0.715
adapt,4,w=8,exact,9,0,0.3,200,0.64474,0.715
adapt,4,w=8,exact,9,0,0.4,200,0.64474,0.715
adapt,4,w=8,exact,9,0,0.5,200,0.64474,0.715
adapt,4,w=8,exact,9,0,0.6,200,0.64474,0.715
adapt,4,w=8,exact,9,0,0.7,200,0.64474,0.715
adapt,4,w=8,exact,9,0,0.8,200,0.64474,0.715
adapt,4,w=8,exact,9,0,0.9,200,0.64474,0.715
adapt,4,w=8,exact,9,0,1.0,200,0.64474,0.715
adapt,4,w=8,exact,9,1,0.0,200,0.64474,0.81
adapt,4,w=8,exact,9,1,0.1,200,0.64474,0.81
adapt,4,w=8,exact,9,1,0.2,200,0.67105,0.81
adapt,4,w=8,exact,9,1,0.3,200,0.69737,0.81
adapt,4,w=8,exact,9,1,0.4,200,0.69737,0.81
adapt,4,w=8,exact,9,1,0.5,200,0.69737,0.81
adapt,4,w=8,exact,9,1,0.6,200,0.73684,0.81
adapt,4,w=8,exact,9,1,0.7,200,0.78947,0.81
adapt,4,w=8,exact,9,1,0.8,200,0.80263,0.81
adapt,4,w=8,exact,9,1,0.9,200,0.78947,0.81
adapt,4,w=8,exact,9,1,1.0,200,0.82895,0.81
adapt,4,w=8,exact,10,0,0.0,202,0.5375,0.75743
adapt,4,w=8,exact,10,0,0.1,202,0.5375,0.75743
adapt,4,w=8,exact,10,0,0.2,202,0.5375,0.75743
adapt,4,w=8,exact,10,0,0.3,202,0.5375,0.75743
adapt,4,w=8,exact,10,0,0.4,202,0.5375,0.75743
adapt,4,w=8,exact,10,0,0.5,202,0.5375,0.75743
adapt,4,w=8,exact,10,0,0.6,202,0.5375,0.75743
adapt,4,w=8,exact,10,0,0.7,202,0.5375,0.75743
adapt,4,w=8,exact,10,0,0.8,202,0.5375,0.75743
adapt,4,w=8,exact,10,0,0.9,202,0.5375,0.75743
adapt,4,w=8,exact,10,0,1.0,202,0.5375,0.75743
adapt,4,w=8,exact,10,1,0.0,202,0.5375,0.90594
adapt,4,w=8,exact,10,1,0.1,202,0.5375,0.90594
adapt,4,w=8,exact,10,1,0.2,202,0.5375,0.90594
adapt,4,w=8,exact,10,1,0.3,202,0.5375,0.90594
adapt,4,w=8,exact,10,1,0.4,202,0.5875,0.90594
adapt,4,w=8,exact,10,1,0.5,202,0.5875,0.90594
adapt,4,w=8,exact,10,1,0.6,202,0.5875,0.90594
adapt,4,w=8,exact,10,1,0.7,202,0.55,0.90594
adapt,4,w=8,exact,10,1,0.8,202,0.6,0.90594
adapt,4,w=8,exact,10,1,0.9,202,0.6625,0.90594
adapt,4,w=8,exact,10,1,1.0,202,0.675,0.90594
adapt,4,w=8,exact,12,0,0.0,222,0.62791,0.81982
adapt,4,w=8,exact,12,0,0.1,222,0.62791,0.81982
adapt,4,w=8,exact,12,0,0.2,222,0.62791,0.81982
adapt,4,w=8,exact,12,0,0.3,222,0.62791,0.81982
adapt,4,w=8,exact,12,0,0.4,222,0.62791,0.81982
adapt,4,w=8,exact,12,0,0.5,222,0.62791,0.81982
adapt,4,w=8,exact,12,0,0.6,222,0.62791,0.81982
adapt,4,w=8,exact,12,0,0.7,222,0.62791,0.81982
adapt,4,w=8,exact,12,0,0.8,222,0.62791,0.81982
adapt,4,w=8,exact,12,0,0.9,222,0.62791,0.81982
adapt,4,w=8,exact,12,0,1.0,222,0.62791,0.81982
adapt,4,w=8,exact,12,1,0.0,222,0.62791,0.89189
adapt,4,w=8,exact,12,1,0.1,222,0.56977,0.89189
adapt,4,w=8,exact,12,1,0.2,222,0.60465,0.89189
adapt,4,w=8,exact,12,1,0.3,222,0.62791,0.89189
adapt,4,w=8,exact,12,1,0.4,222,0.69767,0.89189
adapt,4,w=8,exact,12,1,0.5,222,0.69767,0.89189
adapt,4,w=8,exact,12,1,0.6,222,0.65116,0.89189
adapt,4,w=8,exact,12,1,0.7,222,0.66279,0.89189
adapt,4,w=8,exact,12,1,0.8,222,0.7093,0.89189
adapt,4,w=8,exact,12,1,0.9,222,0.83721,0.89189
adapt,4,w=8,exact,12,1,1.0,222,0.9186,0.89189
adapt,4,w=8,exact,13,0,0.0,225,0.93333,0.93778
adapt,4,w=8,exact,13,0,0.1,225,0.93333,0.93778
adapt,4,w=8,exact,13,0,0.2,225,0.93333,0.93778
adapt,4,w=8,exact,13,0,0.3,225,0.93333,0.93778
adapt,4,w=8,exact,13,0,0.4,225,0.93333,0.93778
adapt,4,w=8,exact,13,0,0.5,225,0.93333,0.93778
adapt,4,w=8,exact,13,0,0.6,225,0.93333,0.93778
adapt,4,w=8,exact,13,0,0.7,225,0.93333,0.93778
adapt,4,w=8,exact,13,0,0.8,225,0.93333,0.93778
adapt,4,w=8,exact,13,0,0.9,225,0.93333,0.93778
adapt,4,w=8,exact,13,0,1.0,225,0.93333,0.93778
adapt,4,w=8,exact,13,1,0.0,225,0.93333,0.94222
adapt,4,w=8,exact,13,1,0.1,225,0.9,0.94222
adapt,4,w=8,exact,13,1,0.2,225,0.93333,0.94222
adapt,4,w=8,exact,13,1,0.3,225,0.93333,0.94222
adapt,4,w=8,exact,13,1,0.4,225,0.93333,0.94222
adapt,4,w=8,exact,13,1,0.5,225,0.93333,0.94222
adapt,4,w=8,exact,13,1,0.6,225,0.91111,0.94222
adapt,4,w=8,exact,13,1,0.7,225,0.94444,0.94222
adapt,4,w=8,exact,13,1,0.8,225,0.84444,0.94222
adapt,4,w=8,exact,13,1,0.9,225,0.84444,0.94222
adapt,4,w=8,exact,13,1,1.0,225,0.81111,0.94222
adapt,4,w=8,exact,18,0,0.0,252,0.78,0.80159
adapt,4,w=8,exact,18,0,0.1,252,0.78,0.80159
adapt,4,w=8,exact,18,0,0.2,252,0.78,0.80159
adapt,4,w=8,exact,18,0,0.3,252,0.78,0.80159
adapt,4,w=8,exact,18,0,0.4,252,0.78,0.80159
adapt,4,w=8,exact,18,0,0.5,252,0.78,0.80159
adapt,4,w=8,exact,18,0,0.6,252,0.78,0.80159
adapt,4,w=8,exact,18,0,0.7,252,0.78,0.80159
adapt,4,w=8,exact,18,0,0.8,252,0.78,0.80159
adapt,4,w=8,exact,18,0,0.9,252,0.78,0.80159
adapt,4,w=8,exact,18,0,1.0,252,0.78,0.80159
adapt,4,w=8,exact,18,1,0.0,252,0.78,0.92857
adapt,4,w=8,exact,18,1,0.1,252,0.74,0.92857
adapt,4,w=8,exact,18,1,0.2,252,0.77,0.92857
adapt,4,w=8,exact,18,1,0.3,252,0.77,0.92857
adapt,4,w=8,exact,18,1,0.4,252,0.77,0.92857
adapt,4,w=8,exact,18,1,0.5,252,0.85,0.92857
adapt,4,w=8,exact,18,1,0.6,252,0.82,0.92857
adapt,4,w=8,exact,18,1,0.7,252,0.88,0.92857
adapt,4,w=8,exact,18,1,0.8,252,0.86,0.92857
adapt,4,w=8,exact,18,1,0.9,252,0.87,0.92857
adapt,4,w=8,exact,18,1,1.0,252,0.86,0.92857
adapt,4,w=8,exact,20,0,0.0,245,0.86598,0.89388
adapt,4,w=8,exact,20,0,0.1,245,0.86598,0.89388
adapt,4,w=8,exact,20,0,0.2,245,0.86598,0.89388
adapt,4,w=8,exact,20,0,0.3,245,0.86598,0.89388
adapt,4,w=8,exact,20,0,0.4,245,0.86598,0.89388
adapt,4,w=8,exact,20,0,0.5,245,0.86598,0.89388
adapt,4,w=8,exact,20,0,0.6,245,0.86598,0.89388
adapt,4,w=8,exact,20,0,0.7,245,0.86598,0.89388
adapt,4,w=8,exact,20,0,0.8,245,0.86598,0.89388
adapt,4,w=8,exact,20,0,0.9,245,0.86598,0.89388
adapt,4,w=8,exact,20,0,1.0,245,0.86598,0.89388
adapt,4,w=8,exact,20,1,0.0,245,0.86598,0.92653
adapt,4,w=8,exact,20,1,0.1,245,0.78351,0.92653
adapt,4,w=8,exact,20,1,0.2,245,0.7732,0.92653
adapt,4,w=8,exact,20,1,0.3,245,0.86598,0.92653
adapt,4,w=8,exact,20,1,0.4,245,0.86598,0.92653
adapt,4,w=8,exact,20,1,0.5,245,0.86598,0.92653
adapt,4,w=8,exact,20,1,0.6,245,0.86598,0.92653
adapt,4,w=8,exact,20,1,0.7,245,0.80412,0.92653
adapt,4,w=8,exact,20,1,0.8,245,0.80412,0.92653
adapt,4,w=8,exact,20,1,0.9,245,0.80412,0.92653
adapt,4,w=8,exact,20,1,1.0,245,0.80412,0.92653
adapt,4,w=8,exact,24,0,0.0,264,0.91429,0.89394
adapt,4,w=8,exact,24,0,0.1,264,0.91429,0.89394
adapt,4,w=8,exact,24,0,0.2,264,0.91429,0.89394
adapt,4,w=8,exact,24,0,0.3,264,0.91429,0.89394
adapt,4,w=8,exact,24,0,0.4,264,0.91429,0.89394
adapt,4,w=8,exact,24,0,0.5,264,0.91429,0.89394
adapt,4,w=8,exact,24,0,0.6,264,0.91429,0.89394
adapt,4,w=8,exact,24,0,0.7,264,0.91429,0.89394
adapt,4,w=8,exact,24,0,0.8,264,0.91429,0.89394
adapt,4,w=8,exact,24,0,0.9,264,0.91429,0.89394
adapt,4,w=8,exact,24,0,1.0,264,0.91429,0.89394
adapt,4,w=8,exact,24,1,0.0,264,0.91429,0.94318
adapt,4,w=8,exact,24,1,0.1,264,0.88571,0.94318
adapt,4,w=8,exact,24,1,0.2,264,0.90476,0.94318
adapt,4,w=8,exact,24,1,0.3,264,0.90476,0.94318
adapt,4,w=8,exact,24,1,0.4,264,0.85714,0.94318
adapt,4,w=8,exact,24,1,0.5,264,0.85714,0.94318
adapt,4,w=8,exact,24,1,0.6,264,0.89524,0.94318
adapt,4,w=8,exact,24,1,0.7,264,0.93333,0.94318
adapt,4,w=8,exact,24,1,0.8,264,0.95238,0.94318
adapt,4,w=8,exact,24,1,0.9,264,0.95238,0.94318
adapt,4,w=8,exact,24,1,1.0,264,0.95238,0.94318
adapt,4,w=8,trunc(1),4,0,0.0,220,0.62353,0.6
adapt,4,w=8,trunc(1),4,0,0.1,220,0.62353,0.6
adapt,4,w=8,trunc(1),4,0,0.2,220,0.62353,0.6
adapt,4,w=8,trunc(1),4,0,0.3,220,0.62353,0.6
adapt,4,w=8,trunc(1),4,0,0.4,220,0.62353,0.6
adapt,4,w=8,trunc(1),4,0,0.5,220,0.62353,0.6
adapt,4,w=8,trunc(1),4,0,0.6,220,0.62353,0.6
adapt,4,w=8,trunc(1),4,0,0.7,220,0.62353,0.6
adapt,4,w=8,trunc(1),4,0,0.8,220,0.62353,0.6
adapt,4,w=8,trunc(1),4,0,0.9,220,0.62353,0.6
adapt,4,w=8,trunc(1),4,0,1.0,220,0.62353,0.6
adapt,4,w=8,trunc(1),4,1,0.0,220,0.62353,0.67273
adapt,4,w=8,trunc(1),4,1,0.1,220,0.64706,0.67273
adapt,4,w=8,trunc(1),4,1,0.2,220,0.65882,0.67273
adapt,4,w=8,trunc(1),4,1,0.3,220,0.64706,0.67273
adapt,4,w=8,trunc(1),4,1,0.4,220,0.67059,0.67273
adapt,4,w=8,trunc(1),4,1,0.5,220,0.67059,0.67273
adapt,4,w=8,trunc(1),4,1,0.6,220,0.56471,0.67273
adapt,4,w=8,trunc(1),4,1,0.7,220,0.61176,0.67273
adapt,4,w=8,trunc(1),4,1,0.8,220,0.69412,0.67273
adapt,4,w=8,trunc(1),4,1,0.9,220,0.67059,0.67273
adapt,4,w=8,trunc(1),4,1,1.0,220,0.69412,0.67273
adapt,4,w=8,trunc(1),9,0,0.0,200,0.55263,0.705
adapt,4,w=8,trunc(1),9,0,0.1,200,0.55263,0.705
adapt,4,w=8,trunc(1),9,0,0.2,200,0.55263,0.705
adapt,4,w=8,trunc(1),9,0,0.3,200,0.55263,0.705
adapt,4,w=8,trunc(1),9,0,0.4,200,0.55263,0.705
adapt,4,w=8,trunc(1),9,0,0.5,200,0.55263,0.705
adapt,4,w=8,trunc(1),9,0,0.6,200,0.55263,0.705
adapt,4,w=8,trunc(1),9,0,0.7,200,0.55263,0.705
adapt,4,w=8,trunc(1),9,0,0.8,200,0.55263,0.705
adapt,4,w=8,trunc(1),9,0,0.9,200,0.55263,0.705
adapt,4,w=8,trunc(1),9,0,1.0,200,0.55263,0.705
adapt,4,w=8,trunc(1),9,1,0.0,200,0.55263,0.735
adapt,4,w=8,trunc(1),9,1,0.1,200,0.53947,0.735
adapt,4,w=8,trunc(1),9,1,0.2,200,0.53947,0.735
adapt,4,w=8,trunc(1),9,1,0.3,200,0.53947,0.735
adapt,4,w=8,trunc(1),9,1,0.4,200,0.56579,0.735
adapt,4,w=8,trunc(1),9,1,0.5,200,0.56579,0.735
adapt,4,w=8,trunc(1),9,1,0.6,200,0.56579,0.735
adapt,4,w=8,trunc(1),9,1,0.7,200,0.60526,0.735
adapt,4,w=8,trunc(1),9,1,0.8,200,0.60526,0.735
adapt,4,w=8,trunc(1),9,1,0.9,200,0.61842,0.735
adapt,4,w=8,trunc(1),9,1,1.0,200,0.61842,0.735
adapt,4,w=8,trunc(1),2,0,0.0,208,0.95122,0.84615
adapt,4,w=8,trunc(1),2,0,0.1,208,0.95122,0.84615
adapt,4,w=8,trunc(1),2,0,0.2,208,0.95122,0.84615
adapt,4,w=8,trunc(1),2,0,0.3,208,0.95122,0.84615
adapt,4,w=8,trunc(1),2,0,0.4,208,0.95122,0.84615
adapt,4,w=8,trunc(1),2,0,0.5,208,0.95122,0.84615
adapt,4,w=8,trunc(1),2,0,0.6,208,0.95122,0.84615
adapt,4,w=8,trunc(1),2,0,0.7,208,0.95122,0.84615
adapt,4,w=8,trunc(1),2,0,0.8,208,0.95122,0.84615
adapt,4,w=8,trunc(1),2,0,0.9,208,0.95122,0.84615
adapt,4,w=8,trunc(1),2,0,1.0,208,0.95122,0.84615
adapt,4,w=8,trunc(1),2,1,0.0,208,0.95122,0.88462
adapt,4,w=8,trunc(1),2,1,0.1,208,0.95122,0.88462
adapt,4,w=8,trunc(1),2,1,0.2,208,0.95122,0.88462
adapt,4,w=8,trunc(1),2,1,0.3,208,0.95122,0.88462
adapt,4,w=8,trunc(1),2,1,0.4,208,0.90244,0.88462
adapt,4,w=8,trunc(1),2,1,0.5,208,0.91463,0.88462
adapt,4,w=8,trunc(1),2,1,0.6,208,0.91463,0.88462
adapt,4,w=8,trunc(1),2,1,0.7,208,0.91463,0.88462
adapt,4,w=8,trunc(1),2,1,0.8,208,0.95122,0.88462
adapt,4,w=8,trunc(1),2,1,0.9,208,0.95122,0.88462
adapt,4,w=8,trunc(1),2,1,1.0,208,0.95122,0.88462
adapt,4,w=8,trunc(1),10,0,0.0,202,0.5,0.57921
adapt,4,w=8,trunc(1),10,0,0.1,202,0.5,0.57921
adapt,4,w=8,trunc(1),10,0,0.2,202,0.5,0.57921
adapt,4,w=8,trunc(1),10,0,0.3,202,0.5,0.57921
adapt,4,w=8,trunc(1),10,0,0.4,202,0.5,0.57921
adapt,4,w=8,trunc(1),10,0,0.5,202,0.5,0.57921
adapt,4,w=8,trunc(1),10,0,0.6,202,0.5,0.57921
adapt,4,w=8,trunc(1),10,0,0.7,202,0.5,0.57921
adapt,4,w=8,trunc(1),10,0,0.8,202,0.5,0.57921
adapt,4,w=8,trunc(1),10,0,0.9,202,0.5,0.57921
adapt,4,w=8,trunc(1),10,0,1.0,202,0.5,0.57921
adapt,4,w=8,trunc(1),10,1,0.0,202,0.5,0.69307
adapt,4,w=8,trunc(1),10,1,0.1,202,0.45,0.69307
adapt,4,w=8,trunc(1),10,1,0.2,202,0.4375,0.69307
adapt,4,w=8,trunc(1),10,1,0.3,202,0.4375,0.69307
adapt,4,w=8,trunc(1),10,1,0.4,202,0.475,0.69307
adapt,4,w=8,trunc(1),10,1,0.5,202,0.45,0.69307
adapt,4,w=8,trunc(1),10,1,0.6,202,0.475,0.69307
adapt,4,w=8,trunc(1),10,1,0.7,202,0.4625,0.69307
adapt,4,w=8,trunc(1),10,1,0.8,202,0.475,0.69307
adapt,4,w=8,trunc(1),10,1,0.9,202,0.575,0.69307
adapt,4,w=8,trunc(1),10,1,1.0,202,0.575,0.69307
adapt,4,w=8,trunc(1),12,0,0.0,222,0.61628,0.6982
adapt,4,w=8,trunc(1),12,0,0.1,222,0.61628,0.6982
adapt,4,w=8,trunc(1),12,0,0.2,222,0.61628,0.6982
adapt,4,w=8,trunc(1),12,0,0.3,222,0.61628,0.6982
adapt,4,w=8,trunc(1),12,0,0.4,222,0.61628,0.6982
adapt,4,w=8,trunc(1),12,0,0.5,222,0.61628,0.6982
adapt,4,w=8,trunc(1),12,0,0.6,222,0.61628,0.6982
adapt,4,w=8,trunc(1),12,0,0.7,222,0.61628,0.6982
adapt,4,w=8,trunc(1),12,0,0.8,222,0.61628,0.6982
adapt,4,w=8,trunc(1),12,0,0.9,222,0.61628,0.6982
adapt,4,w=8,trunc(1),12,0,1.0,222,0.61628,0.6982
adapt,4,w=8,trunc(1),12,1,0.0,222,0.61628,0.71622
adapt,4,w=8,trunc(1),12,1,0.1,222,0.59302,0.71622
adapt,4,w=8,trunc(1),12,1,0.2,222,0.59302,0.71622
adapt,4,w=8,trunc(1),12,1,0.3,222,0.56977,0.71622
adapt,4,w=8,trunc(1),12,1,0.4,222,0.53488,0.71622
adapt,4,w=8,trunc(1),12,1,0.5,222,0.56977,0.71622
adapt,4,w=8,trunc(1),12,1,0.6,222,0.54651,0.71622
adapt,4,w=8,trunc(1),12,1,0.7,222,0.55814,0.71622
adapt,4,w=8,trunc(1),12,1,0.8,222,0.55814,0.71622
adapt,4,w=8,trunc(1),12,1,0.9,222,0.59302,0.71622
adapt,4,w=8,trunc(1),12,1,1.0,222,0.7093,0.71622
adapt,4,w=8,trunc(1),18,0,0.0,252,0.55,0.61905
adapt,4,w=8,trunc(1),18,0,0.1,252,0.55,0.61905
adapt,4,w=8,trunc(1),18,0,0.2,252,0.55,0.61905
adapt,4,w=8,trunc(1),18,0,0.3,252,0.55,0.61905
adapt,4,w=8,trunc(1),18,0,0.4,252,0.55,0.61905
adapt,4,w=8,trunc(1),18,0,0.5,252,0.55,0.61905
adapt,4,w=8,trunc(1),18,0,0.6,252,0.55,0.61905
adapt,4,w=8,trunc(1),18,0,0.7,252,0.55,0.61905
adapt,4,w=8,trunc(1),18,0,0.8,252,0.55,0.61905
adapt,4,w=8,trunc(1),18,0,0.9,252,0.55,0.61905
adapt,4,w=8,trunc(1),18,0,1.0,252,0.55,0.61905
adapt,4,w=8,trunc(1),18,1,0.0,252,0.55,0.65476
adapt,4,w=8,trunc(1),18,1,0.1,252,0.55,0.65476
adapt,4,w=8,trunc(1),18,1,0.2,252,0.48,0.65476
adapt,4,w=8,trunc(1),18,1,0.3,252,0.55,0.65476
adapt,4,w=8,trunc(1),18,1,0.4,252,0.55,0.65476
adapt,4,w=8,trunc(1),18,1,0.5,252,0.62,0.65476
adapt,4,w=8,trunc(1),18,1,0.6,252,0.59,0.65476
adapt,4,w=8,trunc(1),18,1,0.7,252,0.6,0.65476
adapt,4,w=8,trunc(1),18,1,0.8,252,0.49,0.65476
adapt,4,w=8,trunc(1),18,1,0.9,252,0.57,0.65476
adapt,4,w=8,trunc(1),18,1,1.0,252,0.58,0.65476
adapt,4,w=8,trunc(1),13,0,0.0,225,0.75556,0.72889
adapt,4,w=8,trunc(1),13,0,0.1,225,0.75556,0.72889
adapt,4,w=8,trunc(1),13,0,0.2,225,0.75556,0.72889
adapt,4,w=8,trunc(1),13,0,0.3,225,0.75556,0.72889
adapt,4,w=8,trunc(1),13,0,0.4,225,0.75556,0.72889
adapt,4,w=8,trunc(1),13,0,0.5,225,0.75556,0.72889
adapt,4,w=8,trunc(1),13,0,0.6,225,0.75556,0.72889
adapt,4,w=8,trunc(1),13,0,0.7,225,0.75556,0.72889
adapt,4,w=8,trunc(1),13,0,0.8,225,0.75556,0.72889
adapt,4,w=8,trunc(1),13,0,0.9,225,0.75556,0.72889
adapt,4,w=8,trunc(1),13,0,1.0,225,0.75556,0.72889
adapt,4,w=8,trunc(1),13,1,0.0,225,0.75556,0.76444
adapt,4,w=8,trunc(1),13,1,0.1,225,0.74444,0.76444
adapt,4,w=8,trunc(1),13,1,0.2,225,0.72222,0.76444
adapt,4,w=8,trunc(1),13,1,0.3,225,0.72222,0.76444
adapt,4,w=8,trunc(1),13,1,0.4,225,0.68889,0.76444
adapt,4,w=8,trunc(1),13,1,0.5,225,0.63333,0.76444
adapt,4,w=8,trunc(1),13,1,0.6,225,0.68889,0.76444
adapt,4,w=8,trunc(1),13,1,0.7,225,0.7,0.76444
adapt,4,w=8,trunc(1),13,1,0.8,225,0.74444,0.76444
adapt,4,w=8,trunc(1),13,1,0.9,225,0.74444,0.76444
adapt,4,w=8,trunc(1),13,1,1.0,225,0.76667,0.76444
adapt,4,w=8,trunc(1),20,0,0.0,245,0.73196,0.72245
adapt,4,w=8,trunc(1),20,0,0.1,245,0.73196,0.72245
adapt,4,w=8,trunc(1),20,0,0.2,245,0.73196,0.72245
adapt,4,w=8,trunc(1),20,0,0.3,245,0.73196,0.72245
adapt,4,w=8,trunc(1),20,0,0.4,245,0.73196,0.72245
adapt,4,w=8,trunc(1),20,0,0.5,245,0.73196,0.72245
adapt,4,w=8,trunc(1),20,0,0.6,245,0.73196,0.72245
adapt,4,w=8,trunc(1),20,0,0.7,245,0.73196,0.72245
adapt,4,w=8,trunc(1),20,0,0.8,245,0.73196,0.72245
adapt,4,w=8,trunc(1),20,0,0.9,245,0.73196,0.72245
adapt,4,w=8,trunc(1),20,0,1.0,245,0.73196,0.72245
adapt,4,w=8,trunc(1),20,1,0.0,245,0.73196,0.81633
adapt,4,w=8,trunc(1),20,1,0.1,245,0.72165,0.81633
adapt,4,w=8,trunc(1),20,1,0.2,245,0.70103,0.81633
adapt,4,w=8,trunc(1),20,1,0.3,245,0.71134,0.81633
adapt,4,w=8,trunc(1),20,1,0.4,245,0.71134,0.81633
adapt,4,w=8,trunc(1),20,1,0.5,245,0.70103,0.81633
adapt,4,w=8,trunc(1),20,1,0.6,245,0.70103,0.81633
adapt,4,w=8,trunc(1),20,1,0.7,245,0.73196,0.81633
adapt,4,w=8,trunc(1),20,1,0.8,245,0.73196,0.81633
adapt,4,w=8,trunc(1),20,1,0.9,245,0.75258,0.81633
adapt,4,w=8,trunc(1),20,1,1.0,245,0.74227,0.81633
adapt,4,w=8,trunc(1),24,0,0.0,264,0.70476,0.68939
adapt,4,w=8,trunc(1),24,0,0.1,264,0.70476,0.68939
adapt,4,w=8,trunc(1),24,0,0.2,264,0.70476,0.68939
adapt,4,w=8,trunc(1),24,0,0.3,264,0.70476,0.68939
adapt,4,w=8,trunc(1),24,0,0.4,264,0.70476,0.68939
adapt,4,w=8,trunc(1),24,0,0.5,264,0.70476,0.68939
adapt,4,w=8,trunc(1),24,0,0.6,264,0.70476,0.68939
adapt,4,w=8,trunc(1),24,0,0.7,264,0.70476,0.68939
adapt,4,w=8,trunc(1),24,0,0.8,264,0.70476,0.68939
adapt,4,w=8,trunc(1),24,0,0.9,264,0.70476,0.68939
adapt,4,w=8,trunc(1),24,0,1.0,264,0.70476,0.68939
adapt,4,w=8,trunc(1),24,1,0.0,264,0.70476,0.7197
adapt,4,w=8,trunc(1),24,1,0.1,264,0.65714,0.7197
adapt,4,w=8,trunc(1),24,1,0.2,264,0.65714,0.7197
adapt,4,w=8,trunc(1),24,1,0.3,264,0.65714,0.7197
adapt,4,w=8,trunc(1),24,1,0.4,264,0.65714,0.7197
adapt,4,w=8,trunc(1),24,1,0.5,264,0.61905,0.7197
adapt,4,w=8,trunc(1),24,1,0.6,264,0.66667,0.7197
adapt,4,w=8,trunc(1),24,1,0.7,264,0.71429,0.7197
adapt,4,w=8,trunc(1),24,1,0.8,264,0.71429,0.7197
adapt,4,w=8,trunc(1),24,1,0.9,264,0.72381,0.7197
adapt,4,w=8,trunc(1),24,1,1.0,264,0.73333,0.7197
adapt,4,w=8,satcomp(2),2,0,0.0,208,0.91463,0.86058
adapt,4,w=8,satcomp(2),2,0,0.1,208,0.91463,0.86058
adapt,4,w=8,satcomp(2),2,0,0.2,208,0.91463,0.86058
adapt,4,w=8,satcomp(2),2,0,0.3,208,0.91463,0.86058
adapt,4,w=8,satcomp(2),2,0,0.4,208,0.91463,0.86058
adapt,4,w=8,satcomp(2),2,0,0.5,208,0.91463,0.86058
adapt,4,w=8,satcomp(2),2,0,0.6,208,0.91463,0.86058
adapt,4,w=8,satcomp(2),2,0,0.7,208,0.91463,0.86058
adapt,4,w=8,satcomp(2),2,0,0.8,208,0.91463,0.86058
adapt,4,w=8,satcomp(2),2,0,0.9,208,0.91463,0.86058
adapt,4,w=8,satcomp(2),2,0,1.0,208,0.91463,0.86058
adapt,4,w=8,satcomp(2),2,1,0.0,208,0.91463,0.875
adapt,4,w=8,satcomp(2),2,1,0.1,208,0.89024,0.875
adapt,4,w=8,satcomp(2),2,1,0.2,208,0.87805,0.875
adapt,4,w=8,satcomp(2),2,1,0.3,208,0.84146,0.875
adapt,4,w=8,satcomp(2),2,1,0.4,208,0.84146,0.875
adapt,4,w=8,satcomp(2),2,1,0.5,208,0.84146,0.875
adapt,4,w=8,satcomp(2),2,1,0.6,208,0.84146,0.875
adapt,4,w=8,satcomp(2),2,1,0.7,208,0.85366,0.875
adapt,4,w=8,satcomp(2),2,1,0.8,208,0.97561,0.875
adapt,4,w=8,satcomp(2),2,1,0.9,208,0.89024,0.875
adapt,4,w=8,satcomp(2),2,1,1.0,208,0.89024,0.875
adapt,4,w=8,satcomp(2),9,0,0.0,200,0.65789,0.715
adapt,4,w=8,satcomp(2),9,0,0.1,200,0.65789,0.715
adapt,4,w=8,satcomp(2),9,0,0.2,200,0.65789,0.715
adapt,4,w=8,satcomp(2),9,0,0.3,200,0.65789,0.715
adapt,4,w=8,satcomp(2),9,0,0.4,200,0.65789,0.715
adapt,4,w=8,satcomp(2),9,0,0.5,200,0.65789,0.715
adapt,4,w=8,satcomp(2),9,0,0.6,200,0.65789,0.715
adapt,4,w=8,satcomp(2),9,0,0.7,200,0.65789,0.715
adapt,4,w=8,satcomp(2),9,0,0.8,200,0.65789,0.715
adapt,4,w=8,satcomp(2),9,0,0.9,200,0.65789,0.715
adapt,4,w=8,satcomp(2),9,0,1.0,200,0.65789,0.715
adapt,4,w=8,satcomp(2),9,1,0.0,200,0.65789,0.815
adapt,4,w=8,satcomp(2),9,1,0.1,200,0.65789,0.815
adapt,4,w=8,satcomp(2),9,1,0.2,200,0.68421,0.815
adapt,4,w=8,satcomp(2),9,1,0.3,200,0.71053,0.815
adapt,4,w=8,satcomp(2),9,1,0.4,200,0.69737,0.815
adapt,4,w=8,satcomp(2),9,1,0.5,200,0.69737,0.815
adapt,4,w=8,satcomp(2),9,1,0.6,200,0.75,0.815
adapt,4,w=8,satcomp(2),9,1,0.7,200,0.78947,0.815
adapt,4,w=8,satcomp(2),9,1,0.8,200,0.81579,0.815
adapt,4,w=8,satcomp(2),9,1,0.9,200,0.78947,0.815
adapt,4,w=8,satcomp(2),9,1,1.0,200,0.82895,0.815
adapt,4,w=8,satcomp(2),4,0,0.0,220,0.62353,0.77727
adapt,4,w=8,satcomp(2),4,0,0.1,220,0.62353,0.77727
adapt,4,w=8,satcomp(2),4,0,0.2,220,0.62353,0.77727
adapt,4,w=8,satcomp(2),4,0,0.3,220,0.62353,0.77727
adapt,4,w=8,satcomp(2),4,0,0.4,220,0.62353,0.77727
adapt,4,w=8,satcomp(2),4,0,0.5,220,0.62353,0.77727
adapt,4,w=8,satcomp(2),4,0,0.6,220,0.62353,0.77727
adapt,4,w=8,satcomp(2),4,0,0.7,220,0.62353,0.77727
adapt,4,w=8,satcomp(2),4,0,0.8,220,0.62353,0.77727
adapt,4,w=8,satcomp(2),4,0,0.9,220,0.62353,0.77727
adapt,4,w=8,satcomp(2),4,0,1.0,220,0.62353,0.77727
adapt,4,w=8,satcomp(2),4,1,0.0,220,0.62353,0.85909
adapt,4,w=8,satcomp(2),4,1,0.1,220,0.64706,0.85909
adapt,4,w=8,satcomp(2),4,1,0.2,220,0.63529,0.85909
adapt,4,w=8,satcomp(2),4,1,0.3,220,0.62353,0.85909
adapt,4,w=8,satcomp(2),4,1,0.4,220,0.63529,0.85909
adapt,4,w=8,satcomp(2),4,1,0.5,220,0.69412,0.85909
adapt,4,w=8,satcomp(2),4,1,0.6,220,0.6,0.85909
adapt,4,w=8,satcomp(2),4,1,0.7,220,0.6,0.85909
adapt,4,w=8,satcomp(2),4,1,0.8,220,0.57647,0.85909
adapt,4,w=8,satcomp(2),4,1,0.9,220,0.67059,0.85909
adapt,4,w=8,satcomp(2),4,1,1.0,220,0.69412,0.85909
adapt,4,w=8,satcomp(2),12,0,0.0,222,0.62791,0.81982
adapt,4,w=8,satcomp(2),12,0,0.1,222,0.62791,0.81982
adapt,4,w=8,satcomp(2),12,0,0.2,222,0.62791,0.81982
adapt,4,w=8,satcomp(2),12,0,0.3,222,0.62791,0.81982
adapt,4,w=8,satcomp(2),12,0,0.4,222,0.62791,0.81982
adapt,4,w=8,satcomp(2),12,0,0.5,222,0.62791,0.81982
adapt,4,w=8,satcomp(2),12,0,0.6,222,0.62791,0.81982
adapt,4,w=8,satcomp(2),12,0,0.7,222,0.62791,0.81982
adapt,4,w=8,satcomp(2),12,0,0.8,222,0.62791,0.81982
adapt,4,w=8,satcomp(2),12,0,0.9,222,0.62791,0.81982
adapt,4,w=8,satcomp(2),12,0,1.0,222,0.62791,0.81982
adapt,4,w=8,satcomp(2),12,1,0.0,222,0.62791,0.89189
adapt,4,w=8,satcomp(2),12,1,0.1,222,0.56977,0.89189
adapt,4,w=8,satcomp(2),12,1,0.2,222,0.60465,0.89189
adapt,4,w=8,satcomp(2),12,1,0.3,222,0.62791,0.89189
adapt,4,w=8,satcomp(2),12,1,0.4,222,0.69767,0.89189
adapt,4,w=8,satcomp(2),12,1,0.5,222,0.69767,0.89189
adapt,4,w=8,satcomp(2),12,1,0.6,222,0.65116,0.89189
adapt,4,w=8,satcomp(2),12,1,0.7,222,0.66279,0.89189
adapt,4,w=8,satcomp(2),12,1,0.8,222,0.7093,0.89189
adapt,4,w=8,satcomp(2),12,1,0.9,222,0.83721,0.89189
adapt,4,w=8,satcomp(2),12,1,1.0,222,0.9186,0.89189
adapt,4,w=8,satcomp(2),10,0,0.0,202,0.5375,0.75743
adapt,4,w=8,satcomp(2),10,0,0.1,202,0.5375,0.75743
adapt,4,w=8,satcomp(2),10,0,0.2,202,0.5375,0.75743
adapt,4,w=8,satcomp(2),10,0,0.3,202,0.5375,0.75743
adapt,4,w=8,satcomp(2),10,0,0.4,202,0.5375,0.75743
adapt,4,w=8,satcomp(2),10,0,0.5,202,0.5375,0.75743
adapt,4,w=8,satcomp(2),10,0,0.6,202,0.5375,0.75743
adapt,4,w=8,satcomp(2),10,0,0.7,202,0.5375,0.75743
adapt,4,w=8,satcomp(2),10,0,0.8,202,0.5375,0.75743
adapt,4,w=8,satcomp(2),10,0,0.9,202,0.5375,0.75743
adapt,4,w=8,satcomp(2),10,0,1.0,202,0.5375,0.75743
adapt,4,w=8,satcomp(2),10,1,0.0,202,0.5375,0.90594
adapt,4,w=8,satcomp(2),10,1,0.1,202,0.5375,0.90594
adapt,4,w=8,satcomp(2),10,1,0.2,202,0.5375,0.90594
adapt,4,w=8,satcomp(2),10,1,0.3,202,0.5375,0.90594
adapt,4,w=8,satcomp(2),10,1,0.4,202,0.5875,0.90594
adapt,4,w=8,satcomp(2),10,1,0.5,202,0.5875,0.90594
adapt,4,w=8,satcomp(2),10,1,0.6,202,0.5875,0.90594
adapt,4,w=8,satcomp(2),10,1,0.7,202,0.55,0.90594
adapt,4,w=8,satcomp(2),10,1,0.8,202,0.6,0.90594
adapt,4,w=8,satcomp(2),10,1,0.9,202,0.6625,0.90594
adapt,4,w=8,satcomp(2),10,1,1.0,202,0.675,0.90594
adapt,4,w=8,satcomp(2),13,0,0.0,225,0.93333,0.93778
adapt,4,w=8,satcomp(2),13,0,0.1,225,0.93333,0.93778
adapt,4,w=8,satcomp(2),13,0,0.2,225,0.93333,0.93778
adapt,4,w=8,satcomp(2),13,0,0.3,225,0.93333,0.93778
adapt,4,w=8,satcomp(2),13,0,0.4,225,0.93333,0.93778
adapt,4,w=8,satcomp(2),13,0,0.5,225,0.93333,0.93778
adapt,4,w=8,satcomp(2),13,0,0.6,225,0.93333,0.93778
adapt,4,w=8,satcomp(2),13,0,0.7,225,0.93333,0.93778
adapt,4,w=8,satcomp(2),13,0,0.8,225,0.93333,0.93778
adapt,4,w=8,satcomp(2),13,0,0.9,225,0.93333,0.93778
adapt,4,w=8,satcomp(2),13,0,1.0,225,0.93333,0.93778
adapt,4,w=8,satcomp(2),13,1,0.0,225,0.93333,0.94222
adapt,4,w=8,satcomp(2),13,1,0.1,225,0.9,0.94222
adapt,4,w=8,satcomp(2),13,1,0.2,225,0.93333,0.94222
adapt,4,w=8,satcomp(2),13,1,0.3,225,0.93333,0.94222
adapt,4,w=8,satcomp(2),13,1,0.4,225,0.93333,0.94222
adapt,4,w=8,satcomp(2),13,1,0.5,225,0.93333,0.94222
adapt,4,w=8,satcomp(2),13,1,0.6,225,0.91111,0.94222
adapt,4,w=8,satcomp(2),13,1,0.7,225,0.93333,0.94222
adapt,4,w=8,satcomp(2),13,1,0.8,225,0.83333,0.94222
adapt,4,w=8,satcomp(2),13,1,0.9,225,0.83333,0.94222
adapt,4,w=8,satcomp(2),13,1,1.0,225,0.81111,0.94222
adapt,4,w=8,satcomp(2),18,0,0.0,252,0.78,0.80159
adapt,4,w=8,satcomp(2),18,0,0.1,252,0.78,0.80159
adapt,4,w=8,satcomp(2),18,0,0.2,252,0.78,0.80159
adapt,4,w=8,satcomp(2),18,0,0.3,252,0.78,0.80159
adapt,4,w=8,satcomp(2),18,0,0.4,252,0.78,0.80159
adapt,4,w=8,satcomp(2),18,0,0.5,252,0.78,0.80159
adapt,4,w=8,satcomp(2),18,0,0.6,252,0.78,0.80159
adapt,4,w=8,satcomp(2),18,0,0.7,252,0.78,0.80159
adapt,4,w=8,satcomp(2),18,0,0.8,252,0.78,0.80159
adapt,4,w=8,satcomp(2),18,0,0.9,252,0.78,0.80159
adapt,4,w=8,satcomp(2),18,0,1.0,252,0.78,0.80159
adapt,4,w=8,satcomp(2),18,1,0.0,252,0.78,0.92857
adapt,4,w=8,satcomp(2),18,1,0.1,252,0.74,0.92857
adapt,4,w=8,satcomp(2),18,1,0.2,252,0.77,0.92857
adapt,4,w=8,satcomp(2),18,1,0.3,252,0.77,0.92857
adapt,4,w=8,satcomp(2),18,1,0.4,252,0.77,0.92857
adapt,4,w=8,satcomp(2),18,1,0.5,252,0.85,0.92857
adapt,4,w=8,satcomp(2),18,1,0.6,252,0.82,0.92857
adapt,4,w=8,satcomp(2),18,1,0.7,252,0.87,0.92857
adapt,4,w=8,satcomp(2),18,1,0.8,252,0.86,0.92857
adapt,4,w=8,satcomp(2),18,1,0.9,252,0.87,0.92857
adapt,4,w=8,satcomp(2),18,1,1.0,252,0.86,0.92857
adapt,4,w=8,satcomp(2),24,0,0.0,264,0.91429,0.89394
adapt,4,w=8,satcomp(2),24,0,0.1,264,0.91429,0.89394
adapt,4,w=8,satcomp(2),24,0,0.2,264,0.91429,0.89394
adapt,4,w=8,satcomp(2),24,0,0.3,264,0.91429,0.89394
adapt,4,w=8,satcomp(2),24,0,0.4,264,0.91429,0.89394
adapt,4,w=8,satcomp(2),24,0,0.5,264,0.91429,0.89394
adapt,4,w=8,satcomp(2),24,0,0.6,264,0.91429,0.89394
adapt,4,w=8,satcomp(2),24,0,0.7,264,0.91429,0.89394
adapt,4,w=8,satcomp(2),24,0,0.8,264,0.91429,0.89394
adapt,4,w=8,satcomp(2),24,0,0.9,264,0.91429,0.89394
adapt,4,w=8,satcomp(2),24,0,1.0,264,0.91429,0.89394
adapt,4,w=8,satcomp(2),24,1,0.0,264,0.91429,0.94318
adapt,4,w=8,satcomp(2),24,1,0.1,264,0.88571,0.94318
adapt,4,w=8,satcomp(2),24,1,0.2,264,0.90476,0.94318
adapt,4,w=8,satcomp(2),24,1,0.3,264,0.90476,0.94318
adapt,4,w=8,satcomp(2),24,1,0.4,264,0.85714,0.94318
adapt,4,w=8,satcomp(2),24,1,0.5,264,0.85714,0.94318
adapt,4,w=8,satcomp(2),24,1,0.6,264,0.89524,0.94318
adapt,4,w=8,satcomp(2),24,1,0.7,264,0.93333,0.94318
adapt,4,w=8,satcomp(2),24,1,0.8,264,0.95238,0.94318
adapt,4,w=8,satcomp(2),24,1,0.9,264,0.95238,0.94318
adapt,4,w=8,satcomp(2),24,1,1.0,264,0.95238,0.94318
adapt,4,w=8,satcomp(2),20,0,0.0,245,0.86598,0.89796
adapt,4,w=8,satcomp(2),20,0,0.1,245,0.86598,0.89796
adapt,4,w=8,satcomp(2),20,0,0.2,245,0.86598,0.89796
adapt,4,w=8,satcomp(2),20,0,0.3,245,0.86598,0.89796
adapt,4,w=8,satcomp(2),20,0,0.4,245,0.86598,0.89796
adapt,4,w=8,satcomp(2),20,0,0.5,245,0.86598,0.89796
adapt,4,w=8,satcomp(2),20,0,0.6,245,0.86598,0.89796
adapt,4,w=8,satcomp(2),20,0,0.7,245,0.86598,0.89796
adapt,4,w=8,satcomp(2),20,0,0.8,245,0.86598,0.89796
adapt,4,w=8,satcomp(2),20,0,0.9,245,0.86598,0.89796
adapt,4,w=8,satcomp(2),20,0,1.0,245,0.86598,0.89796
adapt,4,w=8,satcomp(2),20,1,0.0,245,0.86598,0.92653
adapt,4,w=8,satcomp(2),20,1,0.1,245,0.78351,0.92653
adapt,4,w=8,satcomp(2),20,1,0.2,245,0.7732,0.92653
adapt,4,w=8,satcomp(2),20,1,0.3,245,0.86598,0.92653
adapt,4,w=8,satcomp(2),20,1,0.4,245,0.86598,0.92653
adapt,4,w=8,satcomp(2),20,1,0.5,245,0.86598,0.92653
adapt,4,w=8,satcomp(2),20,1,0.6,245,0.84536,0.92653
adapt,4,w=8,satcomp(2),20,1,0.7,245,0.79381,0.92653
adapt,4,w=8,satcomp(2),20,1,0.8,245,0.81443,0.92653
adapt,4,w=8,satcomp(2),20,1,0.9,245,0.81443,0.92653
adapt,4,w=8,satcomp(2),20,1,1.0,245,0.83505,0.92653
adapt,4,w=8,sampled(4),2,0,0.0,208,0.84146,0.77404
adapt,4,w=8,sampled(4),2,0,0.1,208,0.84146,0.77404
adapt,4,w=8,sampled(4),2,0,0.2,208,0.84146,0.77404
adapt,4,w=8,sampled(4),2,0,0.3,208,0.84146,0.77404
adapt,4,w=8,sampled(4),2,0,0.4,208,0.84146,0.77404
adapt,4,w=8,sampled(4),2,0,0.5,208,0.84146,0.77404
adapt,4,w=8,sampled(4),2,0,0.6,208,0.84146,0.77404
adapt,4,w=8,sampled(4),2,0,0.7,208,0.84146,0.77404
adapt,4,w=8,sampled(4),2,0,0.8,208,0.84146,0.77404
adapt,4,w=8,sampled(4),2,0,0.9,208,0.84146,0.77404
adapt,4,w=8,sampled(4),2,0,1.0,208,0.84146,0.77404
adapt,4,w=8,sampled(4),2,1,0.0,208,0.84146,0.875
adapt,4,w=8,sampled(4),2,1,0.1,208,0.76829,0.875
adapt,4,w=8,sampled(4),2,1,0.2,208,0.70732,0.875
adapt,4,w=8,sampled(4),2,1,0.3,208,0.78049,0.875
adapt,4,w=8,sampled(4),2,1,0.4,208,0.78049,0.875
adapt,4,w=8,sampled(4),2,1,0.5,208,0.78049,0.875
adapt,4,w=8,sampled(4),2,1,0.6,208,0.7561,0.875
adapt,4,w=8,sampled(4),2,1,0.7,208,0.78049,0.875
adapt,4,w=8,sampled(4),2,1,0.8,208,0.70732,0.875
adapt,4,w=8,sampled(4),2,1,0.9,208,0.71951,0.875
adapt,4,w=8,sampled(4),2,1,1.0,208,0.69512,0.875
adapt,4,w=8,sampled(4),4,0,0.0,220,0.62353,0.72273
adapt,4,w=8,sampled(4),4,0,0.1,220,0.62353,0.72273
adapt,4,w=8,sampled(4),4,0,0.2,220,0.62353,0.72273
adapt,4,w=8,sampled(4),4,0,0.3,220,0.62353,0.72273
adapt,4,w=8,sampled(4),4,0,0.4,220,0.62353,0.72273
adapt,4,w=8,sampled(4),4,0,0.5,220,0.62353,0.72273
adapt,4,w=8,sampled(4),4,0,0.6,220,0.62353,0.72273
adapt,4,w=8,sampled(4),4,0,0.7,220,0.62353,0.72273
adapt,4,w=8,sampled(4),4,0,0.8,220,0.62353,0.72273
adapt,4,w=8,sampled(4),4,0,0.9,220,0.62353,0.72273
adapt,4,w=8,sampled(4),4,0,1.0,220,0.62353,0.72273
adapt,4,w=8,sampled(4),4,1,0.0,220,0.62353,0.82727
adapt,4,w=8,sampled(4),4,1,0.1,220,0.62353,0.82727
adapt,4,w=8,sampled(4),4,1,0.2,220,0.64706,0.82727
adapt,4,w=8,sampled(4),4,1,0.3,220,0.62353,0.82727
adapt,4,w=8,sampled(4),4,1,0.4,220,0.64706,0.82727
adapt,4,w=8,sampled(4),4,1,0.5,220,0.65882,0.82727
adapt,4,w=8,sampled(4),4,1,0.6,220,0.62353,0.82727
adapt,4,w=8,sampled(4),4,1,0.7,220,0.64706,0.82727
adapt,4,w=8,sampled(4),4,1,0.8,220,0.68235,0.82727
adapt,4,w=8,sampled(4),4,1,0.9,220,0.72941,0.82727
adapt,4,w=8,sampled(4),4,1,1.0,220,0.74118,0.82727
adapt,4,w=8,sampled(4),10,0,0.0,202,0.5375,0.72277
adapt,4,w=8,sampled(4),10,0,0.1,202,0.5375,0.72277
adapt,4,w=8,sampled(4),10,0,0.2,202,0.5375,0.72277
adapt,4,w=8,sampled(4),10,0,0.3,202,0.5375,0.72277
adapt,4,w=8,sampled(4),10,0,0.4,202,0.5375,0.72277
adapt,4,w=8,sampled(4),10,0,0.5,202,0.5375,0.72277
adapt,4,w=8,sampled(4),10,0,0.6,202,0.5375,0.72277
adapt,4,w=8,sampled(4),10,0,0.7,202,0.5375,0.72277
adapt,4,w=8,sampled(4),10,0,0.8,202,0.5375,0.72277
adapt,4,w=8,sampled(4),10,0,0.9,202,0.5375,0.72277
adapt,4,w=8,sampled(4),10,0,1.0,202,0.5375,0.72277
adapt,4,w=8,sampled(4),10,1,0.0,202,0.5375,0.87129
adapt,4,w=8,sampled(4),10,1,0.1,202,0.5875,0.87129
adapt,4,w=8,sampled(4),10,1,0.2,202,0.625,0.87129
adapt,4,w=8,sampled(4),10,1,0.3,202,0.625,0.87129
adapt,4,w=8,sampled(4),10,1,0.4,202,0.625,0.87129
adapt,4,w=8,sampled(4),10,1,0.5,202,0.625,0.87129
adapt,4,w=8,sampled(4),10,1,0.6,202,0.625,0.87129
adapt,4,w=8,sampled(4),10,1,0.7,202,0.6375,0.87129
adapt,4,w=8,sampled(4),10,1,0.8,202,0.675,0.87129
adapt,4,w=8,sampled(4),10,1,0.9,202,0.6875,0.87129
adapt,4,w=8,sampled(4),10,1,1.0,202,0.6875,0.87129
adapt,4,w=8,sampled(4),9,0,0.0,200,0.64474,0.67
adapt,4,w=8,sampled(4),9,0,0.1,200,0.64474,0.67
adapt,4,w=8,sampled(4),9,0,0.2,200,0.64474,0.67
adapt,4,w=8,sampled(4),9,0,0.3,200,0.64474,0.67
adapt,4,w=8,sampled(4),9,0,0.4,200,0.64474,0.67
adapt,4,w=8,sampled(4),9,0,0.5,200,0.64474,0.67
adapt,4,w=8,sampled(4),9,0,0.6,200,0.64474,0.67
adapt,4,w=8,sampled(4),9,0,0.7,200,0.64474,0.67
adapt,4,w=8,sampled(4),9,0,0.8,200,0.64474,0.67
adapt,4,w=8,sampled(4),9,0,0.9,200,0.64474,0.67
adapt,4,w=8,sampled(4),9,0,1.0,200,0.64474,0.67
adapt,4,w=8,sampled(4),9,1,0.0,200,0.64474,0.825
adapt,4,w=8,sampled(4),9,1,0.1,200,0.64474,0.825
adapt,4,w=8,sampled(4),9,1,0.2,200,0.64474,0.825
adapt,4,w=8,sampled(4),9,1,0.3,200,0.57895,0.825
adapt,4,w=8,sampled(4),9,1,0.4,200,0.59211,0.825
adapt,4,w=8,sampled(4),9,1,0.5,200,0.61842,0.825
adapt,4,w=8,sampled(4),9,1,0.6,200,0.63158,0.825
adapt,4,w=8,sampled(4),9,1,0.7,200,0.63158,0.825
adapt,4,w=8,sampled(4),9,1,0.8,200,0.73684,0.825
adapt,4,w=8,sampled(4),9,1,0.9,200,0.73684,0.825
adapt,4,w=8,sampled(4),9,1,1.0,200,0.76316,0.825
adapt,4,w=8,sampled(4),13,0,0.0,225,0.66667,0.81333
adapt,4,w=8,sampled(4),13,0,0.1,225,0.66667,0.81333
adapt,4,w=8,sampled(4),13,0,0.2,225,0.66667,0.81333
adapt,4,w=8,sampled(4),13,0,0.3,225,0.66667,0.81333
adapt,4,w=8,sampled(4),13,0,0.4,225,0.66667,0.81333
adapt,4,w=8,sampled(4),13,0,0.5,225,0.66667,0.81333
adapt,4,w=8,sampled(4),13,0,0.6,225,0.66667,0.81333
adapt,4,w=8,sampled(4),13,0,0.7,225,0.66667,0.81333
adapt,4,w=8,sampled(4),13,0,0.8,225,0.66667,0.81333
adapt,4,w=8,sampled(4),13,0,0.9,225,0.66667,0.81333
adapt,4,w=8,sampled(4),13,0,1.0,225,0.66667,0.81333
adapt,4,w=8,sampled(4),13,1,0.0,225,0.66667,0.84889
adapt,4,w=8,sampled(4),13,1,0.1,225,0.67778,0.84889
adapt,4,w=8,sampled(4),13,1,0.2,225,0.71111,0.84889
adapt,4,w=8,sampled(4),13,1,0.3,225,0.71111,0.84889
adapt,4,w=8,sampled(4),13,1,0.4,225,0.72222,0.84889
adapt,4,w=8,sampled(4),13,1,0.5,225,0.72222,0.84889
adapt,4,w=8,sampled(4),13,1,0.6,225,0.66667,0.84889
adapt,4,w=8,sampled(4),13,1,0.7,225,0.68889,0.84889
adapt,4,w=8,sampled(4),13,1,0.8,225,0.68889,0.84889
adapt,4,w=8,sampled(4),13,1,0.9,225,0.71111,0.84889
adapt,4,w=8,sampled(4),13,1,1.0,225,0.72222,0.84889
adapt,4,w=8,sampled(4),12,0,0.0,222,0.52326,0.74324
adapt,4,w=8,sampled(4),12,0,0.1,222,0.52326,0.74324
adapt,4,w=8,sampled(4),12,0,0.2,222,0.52326,0.74324
adapt,4,w=8,sampled(4),12,0,0.3,222,0.52326,0.74324
adapt,4,w=8,sampled(4),12,0,0.4,222,0.52326,0.74324
adapt,4,w=8,sampled(4),12,0,0.5,222,0.52326,0.74324
adapt,4,w=8,sampled(4),12,0,0.6,222,0.52326,0.74324
adapt,4,w=8,sampled(4),12,0,0.7,222,0.52326,0.74324
adapt,4,w=8,sampled(4),12,0,0.8,222,0.52326,0.74324
adapt,4,w=8,sampled(4),12,0,0.9,222,0.52326,0.74324
adapt,4,w=8,sampled(4),12,0,1.0,222,0.52326,0.74324
adapt,4,w=8,sampled(4),12,1,0.0,222,0.52326,0.78829
adapt,4,w=8,sampled(4),12,1,0.1,222,0.53488,0.78829
adapt,4,w=8,sampled(4),12,1,0.2,222,0.54651,0.78829
adapt,4,w=8,sampled(4),12,1,0.3,222,0.55814,0.78829
adapt,4,w=8,sampled(4),12,1,0.4,222,0.65116,0.78829
adapt,4,w=8,sampled(4),12,1,0.5,222,0.61628,0.78829
adapt,4,w=8,sampled(4),12,1,0.6,222,0.63953,0.78829
adapt,4,w=8,sampled(4),12,1,0.7,222,0.62791,0.78829
adapt,4,w=8,sampled(4),12,1,0.8,222,0.66279,0.78829
adapt,4,w=8,sampled(4),12,1,0.9,222,0.67442,0.78829
adapt,4,w=8,sampled(4),12,1,1.0,222,0.75581,0.78829
adapt,4,w=8,sampled(4),20,0,0.0,245,0.71134,0.7551
adapt,4,w=8,sampled(4),20,0,0.1,245,0.71134,0.7551
adapt,4,w=8,sampled(4),20,0,0.2,245,0.71134,0.7551
adapt,4,w=8,sampled(4),20,0,0.3,245,0.71134,0.7551
adapt,4,w=8,sampled(4),20,0,0.4,245,0.71134,0.7551
adapt,4,w=8,sampled(4),20,0,0.5,245,0.71134,0.7551
adapt,4,w=8,sampled(4),20,0,0.6,245,0.71134,0.7551
adapt,4,w=8,sampled(4),20,0,0.7,245,0.71134,0.7551
adapt,4,w=8,sampled(4),20,0,0.8,245,0.71134,0.7551
adapt,4,w=8,sampled(4),20,0,0.9,245,0.71134,0.7551
adapt,4,w=8,sampled(4),20,0,1.0,245,0.71134,0.7551
adapt,4,w=8,sampled(4),20,1,0.0,245,0.71134,0.84082
adapt,4,w=8,sampled(4),20,1,0.1,245,0.69072,0.84082
adapt,4,w=8,sampled(4),20,1,0.2,245,0.60825,0.84082
adapt,4,w=8,sampled(4),20,1,0.3,245,0.72165,0.84082
adapt,4,w=8,sampled(4),20,1,0.4,245,0.72165,0.84082
adapt,4,w=8,sampled(4),20,1,0.5,245,0.72165,0.84082
adapt,4,w=8,sampled(4),20,1,0.6,245,0.74227,0.84082
adapt,4,w=8,sampled(4),20,1,0.7,245,0.73196,0.84082
adapt,4,w=8,sampled(4),20,1,0.8,245,0.76289,0.84082
adapt,4,w=8,sampled(4),20,1,0.9,245,0.79381,0.84082
adapt,4,w=8,sampled(4),20,1,1.0,245,0.83505,0.84082
adapt,4,w=8,sampled(4),18,0,0.0,252,0.67,0.7619
adapt,4,w=8,sampled(4),18,0,0.1,252,0.67,0.7619
adapt,4,w=8,sampled(4),18,0,0.2,252,0.67,0.7619
adapt,4,w=8,sampled(4),18,0,0.3,252,0.67,0.7619
adapt,4,w=8,sampled(4),18,0,0.4,252,0.67,0.7619
adapt,4,w=8,sampled(4),18,0,0.5,252,0.67,0.7619
adapt,4,w=8,sampled(4),18,0,0.6,252,0.67,0.7619
adapt,4,w=8,sampled(4),18,0,0.7,252,0.67,0.7619
adapt,4,w=8,sampled(4),18,0,0.8,252,0.67,0.7619
adapt,4,w=8,sampled(4),18,0,0.9,252,0.67,0.7619
adapt,4,w=8,sampled(4),18,0,1.0,252,0.67,0.7619
adapt,4,w=8,sampled(4),18,1,0.0,252,0.67,0.86905
adapt,4,w=8,sampled(4),18,1,0.1,252,0.66,0.86905
adapt,4,w=8,sampled(4),18,1,0.2,252,0.65,0.86905
adapt,4,w=8,sampled(4),18,1,0.3,252,0.65,0.86905
adapt,4,w=8,sampled(4),18,1,0.4,252,0.65,0.86905
adapt,4,w=8,sampled(4),18,1,0.5,252,0.67,0.86905
adapt,4,w=8,sampled(4),18,1,0.6,252,0.63,0.86905
adapt,4,w=8,sampled(4),18,1,0.7,252,0.67,0.86905
adapt,4,w=8,sampled(4),18,1,0.8,252,0.72,0.86905
adapt,4,w=8,sampled(4),18,1,0.9,252,0.68,0.86905
adapt,4,w=8,sampled(4),18,1,1.0,252,0.69,0.86905
adapt,4,w=8,sampled(4),24,0,0.0,264,0.85714,0.85606
adapt,4,w=8,sampled(4),24,0,0.1,264,0.85714,0.85606
adapt,4,w=8,sampled(4),24,0,0.2,264,0.85714,0.85606
adapt,4,w=8,sampled(4),24,0,0.3,264,0.85714,0.85606
adapt,4,w=8,sampled(4),24,0,0.4,264,0.85714,0.85606
adapt,4,w=8,sampled(4),24,0,0.5,264,0.85714,0.85606
adapt,4,w=8,sampled(4),24,0,0.6,264,0.85714,0.85606
adapt,4,w=8,sampled(4),24,0,0.7,264,0.85714,0.85606
adapt,4,w=8,sampled(4),24,0,0.8,264,0.85714,0.85606
adapt,4,w=8,sampled(4),24,0,0.9,264,0.85714,0.85606
adapt,4,w=8,sampled(4),24,0,1.0,264,0.85714,0.85606
adapt,4,w=8,sampled(4),24,1,0.0,264,0.85714,0.89015
adapt,4,w=8,sampled(4),24,1,0.1,264,0.78095,0.89015
adapt,4,w=8,sampled(4),24,1,0.2,264,0.88571,0.89015
adapt,4,w=8,sampled(4),24,1,0.3,264,0.88571,0.89015
adapt,4,w=8,sampled(4),24,1,0.4,264,0.88571,0.89015
adapt,4,w=8,sampled(4),24,1,0.5,264,0.88571,0.89015
adapt,4,w=8,sampled(4),24,1,0.6,264,0.94286,0.89015
adapt,4,w=8,sampled(4),24,1,0.7,264,0.91429,0.89015
adapt,4,w=8,sampled(4),24,1,0.8,264,0.89524,0.89015
adapt,4,w=8,sampled(4),24,1,0.9,264,0.91429,0.89015
adapt,4,w=8,sampled(4),24,1,1.0,264,0.93333,0.89015
adapt,4,"w=4, k=3",exact,2,0,0.0,208,0.73171,0.72115
adapt,4,"w=4, k=3",exact,2,0,0.1,208,0.73171,0.72115
adapt,4,"w=4, k=3",exact,2,0,0.2,208,0.73171,0.72115
adapt,4,"w=4, k=3",exact,2,0,0.3,208,0.73171,0.72115
adapt,4,"w=4, k=3",exact,2,0,0.4,208,0.73171,0.72115
adapt,4,"w=4, k=3",exact,2,0,0.5,208,0.73171,0.72115
adapt,4,"w=4, k=3",exact,2,0,0.6,208,0.73171,0.72115
adapt,4,"w=4, k=3",exact,2,0,0.7,208,0.73171,0.72115
adapt,4,"w=4, k=3",exact,2,0,0.8,208,0.73171,0.72115
adapt,4,"w=4, k=3",exact,2,0,0.9,208,0.73171,0.72115
adapt,4,"w=4, k=3",exact,2,0,1.0,208,0.73171,0.72115
adapt,4,"w=4, k=3",exact,2,1,0.0,208,0.73171,0.91827
adapt,4,"w=4, k=3",exact,2,1,0.1,208,0.73171,0.91827
adapt,4,"w=4, k=3",exact,2,1,0.2,208,0.68293,0.91827
adapt,4,"w=4, k=3",exact,2,1,0.3,208,0.68293,0.91827
adapt,4,"w=4, k=3",exact,2,1,0.4,208,0.68293,0.91827
adapt,4,"w=4, k=3",exact,2,1,0.5,208,0.65854,0.91827
adapt,4,"w=4, k=3",exact,2,1,0.6,208,0.62195,0.91827
adapt,4,"w=4, k=3",exact,2,1,0.7,208,0.70732,0.91827
adapt,4,"w=4, k=3",exact,2,1,0.8,208,0.73171,0.91827
adapt,4,"w=4, k=3",exact,2,1,0.9,208,0.76829,0.91827
adapt,4,"w=4, k=3",exact,2,1,1.0,208,0.79268,0.91827
adapt,4,"w=4, k=3",exact,9,0,0.0,200,0.68421,0.65
adapt,4,"w=4, k=3",exact,9,0,0.1,200,0.68421,0.65
adapt,4,"w=4, k=3",exact,9,0,0.2,200,0.68421,0.65
adapt,4,"w=4, k=3",exact,9,0,0.3,200,0.68421,0.65
adapt,4,"w=4, k=3",exact,9,0,0.4,200,0.68421,0.65
adapt,4,"w=4, k=3",exact,9,0,0.5,200,0.68421,0.65
adapt,4,"w=4, k=3",exact,9,0,0.6,200,0.68421,0.65
adapt,4,"w=4, k=3",exact,9,0,0.7,200,0.68421,0.65
adapt,4,"w=4, k=3",exact,9,0,0.8,200,0.68421,0.65
adapt,4,"w=4, k=3",exact,9,0,0.9,200,0.68421,0.65
adapt,4,"w=4, k=3",exact,9,0,1.0,200,0.68421,0.65
adapt,4,"w=4, k=3",exact,9,1,0.0,200,0.68421,0.915
adapt,4,"w=4, k=3",exact,9,1,0.1,200,0.68421,0.915
adapt,4,"w=4, k=3",exact,9,1,0.2,200,0.69737,0.915
adapt,4,"w=4, k=3",exact,9,1,0.3,200,0.69737,0.915
adapt,4,"w=4, k=3",exact,9,1,0.4,200,0.67105,0.915
adapt,4,"w=4, k=3",exact,9,1,0.5,200,0.69737,0.915
adapt,4,"w=4, k=3",exact,9,1,0.6,200,0.73684,0.915
adapt,4,"w=4, k=3",exact,9,1,0.7,200,0.77632,0.915
adapt,4,"w=4, k=3",exact,9,1,0.8,200,0.69737,0.915
adapt,4,"w=4, k=3",exact,9,1,0.9,200,0.76316,0.915
adapt,4,"w=4, k=3",exact,9,1,1.0,200,0.78947,0.915
adapt,4,"w=4, k=3",exact,10,0,0.0,202,0.4875,0.64356
adapt,4,"w=4, k=3",exact,10,0,0.1,202,0.4875,0.64356
adapt,4,"w=4, k=3",exact,10,0,0.2,202,0.4875,0.64356
adapt,4,"w=4, k=3",exact,10,0,0.3,202,0.4875,0.64356
adapt,4,"w=4, k=3",exact,10,0,0.4,202,0.4875,0.64356
adapt,4,"w=4, k=3",exact,10,0,0.5,202,0.4875,0.64356
adapt,4,"w=4, k=3",exact,10,0,0.6,202,0.4875,0.64356
adapt,4,"w=4, k=3",exact,10,0,0.7,202,0.4875,0.64356
adapt,4,"w=4, k=3",exact,10,0,0.8,202,0.4875,0.64356
adapt,4,"w=4, k=3",exact,10,0,0.9,202,0.4875,0.64356
adapt,4,"w=4, k=3",exact,10,0,1.0,202,0.4875,0.64356
adapt,4,"w=4, k=3",exact,10,1,0.0,202,0.4875,0.90099
adapt,4,"w=4, k=3",exact,10,1,0.1,202,0.4875,0.90099
adapt,4,"w=4, k=3",exact,10,1,0.2,202,0.525,0.90099
adapt,4,"w=4, k=3",exact,10,1,0.3,202,0.525,0.90099
adapt,4,"w=4, k=3",exact,10,1,0.4,202,0.525,0.90099
adapt,4,"w=4, k=3",exact,10,1,0.5,202,0.6,0.90099
adapt,4,"w=4, k=3",exact,10,1,0.6,202,0.55,0.90099
adapt,4,"w=4, k=3",exact,10,1,0.7,202,0.6,0.90099
adapt,4,"w=4, k=3",exact,10,1,0.8,202,0.6,0.90099
adapt,4,"w=4, k=3",exact,10,1,0.9,202,0.6625,0.90099
adapt,4,"w=4, k=3",exact,10,1,1.0,202,0.6125,0.90099
adapt,4,"w=4, k=3",exact,4,0,0.0,220,0.63529,0.65
adapt,4,"w=4, k=3",exact,4,0,0.1,220,0.63529,0.65
adapt,4,"w=4, k=3",exact,4,0,0.2,220,0.63529,0.65
adapt,4,"w=4, k=3",exact,4,0,0.3,220,0.63529,0.65
adapt,4,"w=4, k=3",exact,4,0,0.4,220,0.63529,0.65
adapt,4,"w=4, k=3",exact,4,0,0.5,220,0.63529,0.65
adapt,4,"w=4, k=3",exact,4,0,0.6,220,0.63529,0.65
adapt,4,"w=4, k=3",exact,4,0,0.7,220,0.63529,0.65
adapt,4,"w=4, k=3",exact,4,0,0.8,220,0.63529,0.65
adapt,4,"w=4, k=3",exact,4,0,0.9,220,0.63529,0.65
adapt,4,"w=4, k=3",exact,4,0,1.0,220,0.63529,0.65
adapt,4,"w=4, k=3",exact,4,1,0.0,220,0.63529,0.90455
adapt,4,"w=4, k=3",exact,4,1,0.1,220,0.63529,0.90455
adapt,4,"w=4, k=3",exact,4,1,0.2,220,0.61176,0.90455
adapt,4,"w=4, k=3",exact,4,1,0.3,220,0.61176,0.90455
adapt,4,"w=4, k=3",exact,4,1,0.4,220,0.61176,0.90455
adapt,4,"w=4, k=3",exact,4,1,0.5,220,0.6,0.90455
adapt,4,"w=4, k=3",exact,4,1,0.6,220,0.36471,0.90455
adapt,4,"w=4, k=3",exact,4,1,0.7,220,0.57647,0.90455
adapt,4,"w=4, k=3",exact,4,1,0.8,220,0.62353,0.90455
adapt,4,"w=4, k=3",exact,4,1,0.9,220,0.63529,0.90455
adapt,4,"w=4, k=3",exact,4,1,1.0,220,0.55294,0.90455
adapt,4,"w=4, k=3",exact,13,0,0.0,225,0.75556,0.68
adapt,4,"w=4, k=3",exact,13,0,0.1,225,0.75556,0.68
adapt,4,"w=4, k=3",exact,13,0,0.2,225,0.75556,0.68
adapt,4,"w=4, k=3",exact,13,0,0.3,225,0.75556,0.68
adapt,4,"w=4, k=3",exact,13,0,0.4,225,0.75556,0.68
adapt,4,"w=4, k=3",exact,13,0,0.5,225,0.75556,0.68
adapt,4,"w=4, k=3",exact,13,0,0.6,225,0.75556,0.68
adapt,4,"w=4, k=3",exact,13,0,0.7,225,0.75556,0.68
adapt,4,"w=4, k=3",exact,13,0,0.8,225,0.75556,0.68
adapt,4,"w=4, k=3",exact,13,0,0.9,225,0.75556,0.68
adapt,4,"w=4, k=3",exact,13,0,1.0,225,0.75556,0.68
adapt,4,"w=4, k=3",exact,13,1,0.0,225,0.75556,0.93333
adapt,4,"w=4, k=3",exact,13,1,0.1,225,0.75556,0.93333
adapt,4,"w=4, k=3",exact,13,1,0.2,225,0.7,0.93333
adapt,4,"w=4, k=3",exact,13,1,0.3,225,0.7,0.93333
adapt,4,"w=4, k=3",exact,13,1,0.4,225,0.7,0.93333
adapt,4,"w=4, k=3",exact,13,1,0.5,225,0.7,0.93333
adapt,4,"w=4, k=3",exact,13,1,0.6,225,0.51111,0.93333
adapt,4,"w=4, k=3",exact,13,1,0.7,225,0.64444,0.93333
adapt,4,"w=4, k=3",exact,13,1,0.8,225,0.71111,0.93333
adapt,4,"w=4, k=3",exact,13,1,0.9,225,0.71111,0.93333
adapt,4,"w=4, k=3",exact,13,1,1.0,225,0.82222,0.93333
adapt,4,"w=4, k=3",exact,12,0,0.0,222,0.52326,0.64414
adapt,4,"w=4, k=3",exact,12,0,0.1,222,0.52326,0.64414
adapt,4,"w=4, k=3",exact,12,0,0.2,222,0.52326,0.64414
adapt,4,"w=4, k=3",exact,12,0,0.3,222,0.52326,0.64414
adapt,4,"w=4, k=3",exact,12,0,0.4,222,0.52326,0.64414
adapt,4,"w=4, k=3",exact,12,0,0.5,222,0.52326,0.64414
adapt,4,"w=4, k=3",exact,12,0,0.6,222,0.52326,0.64414
adapt,4,"w=4, k=3",exact,12,0,0.7,222,0.52326,0.64414
adapt,4,"w=4, k=3",exact,12,0,0.8,222,0.52326,0.64414
adapt,4,"w=4, k=3",exact,12,0,0.9,222,0.52326,0.64414
adapt,4,"w=4, k=3",exact,12,0,1.0,222,0.52326,0.64414
adapt,4,"w=4, k=3",exact,12,1,0.0,222,0.52326,0.92342
adapt,4,"w=4, k=3",exact,12,1,0.1,222,0.52326,0.92342
adapt,4,"w=4, k=3",exact,12,1,0.2,222,0.52326,0.92342
adapt,4,"w=4, k=3",exact,12,1,0.3,222,0.52326,0.92342
adapt,4,"w=4, k=3",exact,12,1,0.4,222,0.56977,0.92342
adapt,4,"w=4, k=3",exact,12,1,0.5,222,0.54651,0.92342
adapt,4,"w=4, k=3",exact,12,1,0.6,222,0.56977,0.92342
adapt,4,"w=4, k=3",exact,12,1,0.7,222,0.59302,0.92342
adapt,4,"w=4, k=3",exact,12,1,0.8,222,0.61628,0.92342
adapt,4,"w=4, k=3",exact,12,1,0.9,222,0.7093,0.92342
adapt,4,"w=4, k=3",exact,12,1,1.0,222,0.66279,0.92342
adapt,4,"w=4, k=3",exact,24,0,0.0,264,0.62857,0.68182
adapt,4,"w=4, k=3",exact,24,0,0.1,264,0.62857,0.68182
adapt,4,"w=4, k=3",exact,24,0,0.2,264,0.62857,0.68182
adapt,4,"w=4, k=3",exact,24,0,0.3,264,0.62857,0.68182
adapt,4,"w=4, k=3",exact,24,0,0.4,264,0.62857,0.68182
adapt,4,"w=4, k=3",exact,24,0,0.5,264,0.62857,0.68182
adapt,4,"w=4, k=3",exact,24,0,0.6,264,0.62857,0.68182
adapt,4,"w=4, k=3",exact,24,0,0.7,264,0.62857,0.68182
adapt,4,"w=4, k=3",exact,24,0,0.8,264,0.62857,0.68182
adapt,4,"w=4, k=3",exact,24,0,0.9,264,0.62857,0.68182
adapt,4,"w=4, k=3",exact,24,0,1.0,264,0.62857,0.68182
adapt,4,"w=4, k=3",exact,24,1,0.0,264,0.62857,0.94318
adapt,4,"w=4, k=3",exact,24,1,0.1,264,0.62857,0.94318
adapt,4,"w=4, k=3",exact,24,1,0.2,264,0.77143,0.94318
adapt,4,"w=4, k=3",exact,24,1,0.3,264,0.62857,0.94318
adapt,4,"w=4, k=3",exact,24,1,0.4,264,0.62857,0.94318
adapt,4,"w=4, k=3",exact,24,1,0.5,264,0.60952,0.94318
adapt,4,"w=4, k=3",exact,24,1,0.6,264,0.66667,0.94318
adapt,4,"w=4, k=3",exact,24,1,0.7,264,0.66667,0.94318
adapt,4,"w=4, k=3",exact,24,1,0.8,264,0.81905,0.94318
adapt,4,"w=4, k=3",exact,24,1,0.9,264,0.86667,0.94318
adapt,4,"w=4, k=3",exact,24,1,1.0,264,0.93333,0.94318
adapt,4,"w=4, k=3",exact,18,0,0.0,252,0.66,0.64683
adapt,4,"w=4, k=3",exact,18,0,0.1,252,0.66,0.64683
adapt,4,"w=4, k=3",exact,18,0,0.2,252,0.66,0.64683
adapt,4,"w=4, k=3",exact,18,0,0.3,252,0.66,0.64683
adapt,4,"w=4, k=3",exact,18,0,0.4,252,0.66,0.64683
adapt,4,"w=4, k=3",exact,18,0,0.5,252,0.66,0.64683
adapt,4,"w=4, k=3",exact,18,0,0.6,252,0.66,0.64683
adapt,4,"w=4, k=3",exact,18,0,0.7,252,0.66,0.64683
adapt,4,"w=4, k=3",exact,18,0,0.8,252,0.66,0.64683
adapt,4,"w=4, k=3",exact,18,0,0.9,252,0.66,0.64683
adapt,4,"w=4, k=3",exact,18,0,1.0,252,0.66,0.64683
adapt,4,"w=4, k=3",exact,18,1,0.0,252,0.66,0.9246
adapt,4,"w=4, k=3",exact,18,1,0.1,252,0.66,0.9246
adapt,4,"w=4, k=3",exact,18,1,0.2,252,0.75,0.9246
adapt,4,"w=4, k=3",exact,18,1,0.3,252,0.62,0.9246
adapt,4,"w=4, k=3",exact,18,1,0.4,252,0.62,0.9246
adapt,4,"w=4, k=3",exact,18,1,0.5,252,0.5,0.9246
adapt,4,"w=4, k=3",exact,18,1,0.6,252,0.59,0.9246
adapt,4,"w=4, k=3",exact,18,1,0.7,252,0.59,0.9246
adapt,4,"w=4, k=3",exact,18,1,0.8,252,0.71,0.9246
adapt,4,"w=4, k=3",exact,18,1,0.9,252,0.79,0.9246
adapt,4,"w=4, k=3",exact,18,1,1.0,252,0.75,0.9246
adapt,4,"w=4, k=3",trunc(1),2,0,0.0,208,0.70732,0.72115
adapt,4,"w=4, k=3",trunc(1),2,0,0.1,208,0.70732,0.72115
adapt,4,"w=4, k=3",trunc(1),2,0,0.2,208,0.70732,0.72115
adapt,4,"w=4, k=3",trunc(1),2,0,0.3,208,0.70732,0.72115
adapt,4,"w=4, k=3",trunc(1),2,0,0.4,208,0.70732,0.72115
adapt,4,"w=4, k=3",trunc(1),2,0,0.5,208,0.70732,0.72115
adapt,4,"w=4, k=3",trunc(1),2,0,0.6,208,0.70732,0.72115
adapt,4,"w=4, k=3",trunc(1),2,0,0.7,208,0.70732,0.72115
adapt,4,"w=4, k=3",trunc(1),2,0,0.8,208,0.70732,0.72115
adapt,4,"w=4, k=3",trunc(1),2,0,0.9,208,0.70732,0.72115
adapt,4,"w=4, k=3",trunc(1),2,0,1.0,208,0.70732,0.72115
adapt,4,"w=4, k=3",trunc(1),2,1,0.0,208,0.70732,0.92308
adapt,4,"w=4, k=3",trunc(1),2,1,0.1,208,0.70732,0.92308
adapt,4,"w=4, k=3",trunc(1),2,1,0.2,208,0.65854,0.92308
adapt,4,"w=4, k=3",trunc(1),2,1,0.3,208,0.65854,0.92308
adapt,4,"w=4, k=3",trunc(1),2,1,0.4,208,0.65854,0.92308
adapt,4,"w=4, k=3",trunc(1),2,1,0.5,208,0.65854,0.92308
adapt,4,"w=4, k=3",trunc(1),2,1,0.6,208,0.67073,0.92308
adapt,4,"w=4, k=3",trunc(1),2,1,0.7,208,0.73171,0.92308
adapt,4,"w=4, k=3",trunc(1),2,1,0.8,208,0.80488,0.92308
adapt,4,"w=4, k=3",trunc(1),2,1,0.9,208,0.76829,0.92308
adapt,4,"w=4, k=3",trunc(1),2,1,1.0,208,0.73171,0.92308
adapt,4,"w=4, k=3",exact,20,0,0.0,245,0.63918,0.69388
adapt,4,"w=4, k=3",exact,20,0,0.1,245,0.63918,0.69388
adapt,4,"w=4, k=3",exact,20,0,0.2,245,0.63918,0.69388
adapt,4,"w=4, k=3",exact,20,0,0.3,245,0.63918,0.69388
adapt,4,"w=4, k=3",exact,20,0,0.4,245,0.63918,0.69388
adapt,4,"w=4, k=3",exact,20,0,0.5,245,0.63918,0.69388
adapt,4,"w=4, k=3",exact,20,0,0.6,245,0.63918,0.69388
adapt,4,"w=4, k=3",exact,20,0,0.7,245,0.63918,0.69388
adapt,4,"w=4, k=3",exact,20,0,0.8,245,0.63918,0.69388
adapt,4,"w=4, k=3",exact,20,0,0.9,245,0.63918,0.69388
adapt,4,"w=4, k=3",exact,20,0,1.0,245,0.63918,0.69388
adapt,4,"w=4, k=3",exact,20,1,0.0,245,0.63918,0.91837
adapt,4,"w=4, k=3",exact,20,1,0.1,245,0.63918,0.91837
adapt,4,"w=4, k=3",exact,20,1,0.2,245,0.6701,0.91837
adapt,4,"w=4, k=3",exact,20,1,0.3,245,0.63918,0.91837
adapt,4,"w=4, k=3",exact,20,1,0.4,245,0.63918,0.91837
adapt,4,"w=4, k=3",exact,20,1,0.5,245,0.60825,0.91837
adapt,4,"w=4, k=3",exact,20,1,0.6,245,0.5567,0.91837
adapt,4,"w=4, k=3",exact,20,1,0.7,245,0.60825,0.91837
adapt,4,"w=4, k=3",exact,20,1,0.8,245,0.71134,0.91837
adapt,4,"w=4, k=3",exact,20,1,0.9,245,0.72165,0.91837
adapt,4,"w=4, k=3",exact,20,1,1.0,245,0.70103,0.91837
adapt,4,"w=4, k=3",trunc(1),4,0,0.0,220,0.62353,0.64545
adapt,4,"w=4, k=3",trunc(1),4,0,0.1,220,0.62353,0.64545
adapt,4,"w=4, k=3",trunc(1),4,0,0.2,220,0.62353,0.64545
adapt,4,"w=4, k=3",trunc(1),4,0,0.3,220,0.62353,0.64545
adapt,4,"w=4, k=3",trunc(1),4,0,0.4,220,0.62353,0.64545
adapt,4,"w=4, k=3",trunc(1),4,0,0.5,220,0.62353,0.64545
adapt,4,"w=4, k=3",trunc(1),4,0,0.6,220,0.62353,0.64545
adapt,4,"w=4, k=3",trunc(1),4,0,0.7,220,0.62353,0.64545
adapt,4,"w=4, k=3",trunc(1),4,0,0.8,220,0.62353,0.64545
adapt,4,"w=4, k=3",trunc(1),4,0,0.9,220,0.62353,0.64545
adapt,4,"w=4, k=3",trunc(1),4,0,1.0,220,0.62353,0.64545
adapt,4,"w=4, k=3",trunc(1),4,1,0.0,220,0.62353,0.9
adapt,4,"w=4, k=3",trunc(1),4,1,0.1,220,0.62353,0.9
adapt,4,"w=4, k=3",trunc(1),4,1,0.2,220,0.58824,0.9
adapt,4,"w=4, k=3",trunc(1),4,1,0.3,220,0.58824,0.9
adapt,4,"w=4, k=3",trunc(1),4,1,0.4,220,0.58824,0.9
adapt,4,"w=4, k=3",trunc(1),4,1,0.5,220,0.65882,0.9
adapt,4,"w=4, k=3",trunc(1),4,1,0.6,220,0.38824,0.9
adapt,4,"w=4, k=3",trunc(1),4,1,0.7,220,0.6,0.9
adapt,4,"w=4, k=3",trunc(1),4,1,0.8,220,0.6,0.9
adapt,4,"w=4, k=3",trunc(1),4,1,0.9,220,0.67059,0.9
adapt,4,"w=4, k=3",trunc(1),4,1,1.0,220,0.48235,0.9
adapt,4,"w=4, k=3",trunc(1),10,0,0.0,202,0.35,0.65842
adapt,4,"w=4, k=3",trunc(1),10,0,0.1,202,0.35,0.65842
adapt,4,"w=4, k=3",trunc(1),10,0,0.2,202,0.35,0.65842
adapt,4,"w=4, k=3",trunc(1),10,0,0.3,202,0.35,0.65842
adapt,4,"w=4, k=3",trunc(1),10,0,0.4,202,0.35,0.65842
adapt,4,"w=4, k=3",trunc(1),10,0,0.5,202,0.35,0.65842
adapt,4,"w=4, k=3",trunc(1),10,0,0.6,202,0.35,0.65842
adapt,4,"w=4, k=3",trunc(1),10,0,0.7,202,0.35,0.65842
adapt,4,"w=4, k=3",trunc(1),10,0,0.8,202,0.35,0.65842
adapt,4,"w=4, k=3",trunc(1),10,0,0.9,202,0.35,0.65842
adapt,4,"w=4, k=3",trunc(1),10,0,1.0,202,0.35,0.65842
adapt,4,"w=4, k=3",trunc(1),10,1,0.0,202,0.35,0.90594
adapt,4,"w=4, k=3",trunc(1),10,1,0.1,202,0.35,0.90594
adapt,4,"w=4, k=3",trunc(1),10,1,0.2,202,0.3125,0.90594
adapt,4,"w=4, k=3",trunc(1),10,1,0.3,202,0.5,0.90594
adapt,4,"w=4, k=3",trunc(1),10,1,0.4,202,0.5,0.90594
adapt,4,"w=4, k=3",trunc(1),10,1,0.5,202,0.525,0.90594
adapt,4,"w=4, k=3",trunc(1),10,1,0.6,202,0.475,0.90594
adapt,4,"w=4, k=3",trunc(1),10,1,0.7,202,0.5875,0.90594
adapt,4,"w=4, k=3",trunc(1),10,1,0.8,202,0.625,0.90594
adapt,4,"w=4, k=3",trunc(1),10,1,0.9,202,0.6625,0.90594
adapt,4,"w=4, k=3",trunc(1),10,1,1.0,202,0.6,0.90594
adapt,4,"w=4, k=3",trunc(1),9,0,0.0,200,0.68421,0.65
adapt,4,"w=4, k=3",trunc(1),9,0,0.1,200,0.68421,0.65
adapt,4,"w=4, k=3",trunc(1),9,0,0.2,200,0.68421,0.65
adapt,4,"w=4, k=3",trunc(1),9,0,0.3,200,0.68421,0.65
adapt,4,"w=4, k=3",trunc(1),9,0,0.4,200,0.68421,0.65
adapt,4,"w=4, k=3",trunc(1),9,0,0.5,200,0.68421,0.65
adapt,4,"w=4, k=3",trunc(1),9,0,0.6,200,0.68421,0.65
adapt,4,"w=4, k=3",trunc(1),9,0,0.7,200,0.68421,0.65
adapt,4,"w=4, k=3",trunc(1),9,0,0.8,200,0.68421,0.65
adapt,4,"w=4, k=3",trunc(1),9,0,0.9,200,0.68421,0.65
adapt,4,"w=4, k=3",trunc(1),9,0,1.0,200,0.68421,0.65
adapt,4,"w=4, k=3",trunc(1),9,1,0.0,200,0.68421,0.9
adapt,4,"w=4, k=3",trunc(1),9,1,0.1,200,0.68421,0.9
adapt,4,"w=4, k=3",trunc(1),9,1,0.2,200,0.67105,0.9
adapt,4,"w=4, k=3",trunc(1),9,1,0.3,200,0.67105,0.9
adapt,4,"w=4, k=3",trunc(1),9,1,0.4,200,0.65789,0.9
adapt,4,"w=4, k=3",trunc(1),9,1,0.5,200,0.67105,0.9
adapt,4,"w=4, k=3",trunc(1),9,1,0.6,200,0.75,0.9
adapt,4,"w=4, k=3",trunc(1),9,1,0.7,200,0.75,0.9
adapt,4,"w=4, k=3",trunc(1),9,1,0.8,200,0.65789,0.9
adapt,4,"w=4, k=3",trunc(1),9,1,0.9,200,0.75,0.9
adapt,4,"w=4, k=3",trunc(1),9,1,1.0,200,0.61842,0.9
adapt,4,"w=4, k=3",trunc(1),13,0,0.0,225,0.77778,0.65333
adapt,4,"w=4, k=3",trunc(1),13,0,0.1,225,0.77778,0.65333
adapt,4,"w=4, k=3",trunc(1),13,0,0.2,225,0.77778,0.65333
adapt,4,"w=4, k=3",trunc(1),13,0,0.3,225,0.77778,0.65333
adapt,4,"w=4, k=3",trunc(1),13,0,0.4,225,0.77778,0.65333
adapt,4,"w=4, k=3",trunc(1),13,0,0.5,225,0.77778,0.65333
adapt,4,"w=4, k=3",trunc(1),13,0,0.6,225,0.77778,0.65333
adapt,4,"w=4, k=3",trunc(1),13,0,0.7,225,0.77778,0.65333
adapt,4,"w=4, k=3",trunc(1),13,0,0.8,225,0.77778,0.65333
adapt,4,"w=4, k=3",trunc(1),13,0,0.9,225,0.77778,0.65333
adapt,4,"w=4, k=3",trunc(1),13,0,1.0,225,0.77778,0.65333
adapt,4,"w=4, k=3",trunc(1),13,1,0.0,225,0.77778,0.90667
adapt,4,"w=4, k=3",trunc(1),13,1,0.1,225,0.77778,0.90667
adapt,4,"w=4, k=3",trunc(1),13,1,0.2,225,0.68889,0.90667
adapt,4,"w=4, k=3",trunc(1),13,1,0.3,225,0.68889,0.90667
adapt,4,"w=4, k=3",trunc(1),13,1,0.4,225,0.76667,0.90667
adapt,4,"w=4, k=3",trunc(1),13,1,0.5,225,0.7,0.90667
adapt,4,"w=4, k=3",trunc(1),13,1,0.6,225,0.55556,0.90667
adapt,4,"w=4, k=3",trunc(1),13,1,0.7,225,0.74444,0.90667
adapt,4,"w=4, k=3",trunc(1),13,1,0.8,225,0.73333,0.90667
adapt,4,"w=4, k=3",trunc(1),13,1,0.9,225,0.7,0.90667
adapt,4,"w=4, k=3",trunc(1),13,1,1.0,225,0.71111,0.90667
adapt,4,"w=4, k=3",trunc(1),12,0,0.0,222,0.55814,0.64414
adapt,4,"w=4, k=3",trunc(1),12,0,0.1,222,0.55814,0.64414
adapt,4,"w=4, k=3",trunc(1),12,0,0.2,222,0.55814,0.64414
adapt,4,"w=4, k=3",trunc(1),12,0,0.3,222,0.55814,0.64414
adapt,4,"w=4, k=3",trunc(1),12,0,0.4,222,0.55814,0.64414
adapt,4,"w=4, k=3",trunc(1),12,0,0.5,222,0.55814,0.64414
adapt,4,"w=4, k=3",trunc(1),12,0,0.6,222,0.55814,0.64414
adapt,4,"w=4, k=3",trunc(1),12,0,0.7,222,0.55814,0.64414
adapt,4,"w=4, k=3",trunc(1),12,0,0.8,222,0.55814,0.64414
adapt,4,"w=4, k=3",trunc(1),12,0,0.9,222,0.55814,0.64414
adapt,4,"w=4, k=3",trunc(1),12,0,1.0,222,0.55814,0.64414
adapt,4,"w=4, k=3",trunc(1),12,1,0.0,222,0.55814,0.90991
adapt,4,"w=4, k=3",trunc(1),12,1,0.1,222,0.55814,0.90991
adapt,4,"w=4, k=3",trunc(1),12,1,0.2,222,0.60465,0.90991
adapt,4,"w=4, k=3",trunc(1),12,1,0.3,222,0.67442,0.90991
adapt,4,"w=4, k=3",trunc(1),12,1,0.4,222,0.69767,0.90991
adapt,4,"w=4, k=3",trunc(1),12,1,0.5,222,0.69767,0.90991
adapt,4,"w=4, k=3",trunc(1),12,1,0.6,222,0.66279,0.90991
adapt,4,"w=4, k=3",trunc(1),12,1,0.7,222,0.68605,0.90991
adapt,4,"w=4, k=3",trunc(1),12,1,0.8,222,0.73256,0.90991
adapt,4,"w=4, k=3",trunc(1),12,1,0.9,222,0.7093,0.90991
adapt,4,"w=4, k=3",trunc(1),12,1,1.0,222,0.66279,0.90991
adapt,4,"w=4, k=3",trunc(1),18,0,0.0,252,0.62,0.60317
adapt,4,"w=4, k=3",trunc(1),18,0,0.1,252,0.62,0.60317
adapt,4,"w=4, k=3",trunc(1),18,0,0.2,252,0.62,0.60317
adapt,4,"w=4, k=3",trunc(1),18,0,0.3,252,0.62,0.60317
adapt,4,"w=4, k=3",trunc(1),18,0,0.4,252,0.62,0.60317
adapt,4,"w=4, k=3",trunc(1),18,0,0.5,252,0.62,0.60317
adapt,4,"w=4, k=3",trunc(1),18,0,0.6,252,0.62,0.60317
adapt,4,"w=4, k=3",trunc(1),18,0,0.7,252,0.62,0.60317
adapt,4,"w=4, k=3",trunc(1),18,0,0.8,252,0.62,0.60317
adapt,4,"w=4, k=3",trunc(1),18,0,0.9,252,0.62,0.60317
adapt,4,"w=4, k=3",trunc(1),18,0,1.0,252,0.62,0.60317
adapt,4,"w=4, k=3",trunc(1),18,1,0.0,252,0.62,0.90873
adapt,4,"w=4, k=3",trunc(1),18,1,0.1,252,0.62,0.90873
adapt,4,"w=4, k=3",trunc(1),18,1,0.2,252,0.67,0.90873
adapt,4,"w=4, k=3",trunc(1),18,1,0.3,252,0.67,0.90873
adapt,4,"w=4, k=3",trunc(1),18,1,0.4,252,0.43,0.90873
adapt,4,"w=4, k=3",trunc(1),18,1,0.5,252,0.36,0.90873
adapt,4,"w=4, k=3",trunc(1),18,1,0.6,252,0.45,0.90873
adapt,4,"w=4, k=3",trunc(1),18,1,0.7,252,0.46,0.90873
adapt,4,"w=4, k=3",trunc(1),18,1,0.8,252,0.76,0.90873
adapt,4,"w=4, k=3",trunc(1),18,1,0.9,252,0.75,0.90873
adapt,4,"w=4, k=3",trunc(1),18,1,1.0,252,0.76,0.90873
adapt,4,"w=4, k=3",trunc(1),24,0,0.0,264,0.61905,0.64773
adapt,4,"w=4, k=3",trunc(1),24,0,0.1,264,0.61905,0.64773
adapt,4,"w=4, k=3",trunc(1),24,0,0.2,264,0.61905,0.64773
adapt,4,"w=4, k=3",trunc(1),24,0,0.3,264,0.61905,0.64773
adapt,4,"w=4, k=3",trunc(1),24,0,0.4,264,0.61905,0.64773
adapt,4,"w=4, k=3",trunc(1),24,0,0.5,264,0.61905,0.64773
adapt,4,"w=4, k=3",trunc(1),24,0,0.6,264,0.61905,0.64773
adapt,4,"w=4, k=3",trunc(1),24,0,0.7,264,0.61905,0.64773
adapt,4,"w=4, k=3",trunc(1),24,0,0.8,264,0.61905,0.64773
adapt,4,"w=4, k=3",trunc(1),24,0,0.9,264,0.61905,0.64773
adapt,4,"w=4, k=3",trunc(1),24,0,1.0,264,0.61905,0.64773
adapt,4,"w=4, k=3",trunc(1),24,1,0.0,264,0.61905,0.94318
adapt,4,"w=4, k=3",trunc(1),24,1,0.1,264,0.61905,0.94318
adapt,4,"w=4, k=3",trunc(1),24,1,0.2,264,0.67619,0.94318
adapt,4,"w=4, k=3",trunc(1),24,1,0.3,264,0.67619,0.94318
adapt,4,"w=4, k=3",trunc(1),24,1,0.4,264,0.67619,0.94318
adapt,4,"w=4, k=3",trunc(1),24,1,0.5,264,0.64762,0.94318
adapt,4,"w=4, k=3",trunc(1),24,1,0.6,264,0.70476,0.94318
adapt,4,"w=4, k=3",trunc(1),24,1,0.7,264,0.68571,0.94318
adapt,4,"w=4, k=3",trunc(1),24,1,0.8,264,0.75238,0.94318
adapt,4,"w=4, k=3",trunc(1),24,1,0.9,264,0.8381,0.94318
adapt,4,"w=4, k=3",trunc(1),24,1,1.0,264,0.8,0.94318
adapt,4,"w=4, k=3",trunc(1),20,0,0.0,245,0.62887,0.67755
adapt,4,"w=4, k=3",trunc(1),20,0,0.1,245,0.62887,0.67755
adapt,4,"w=4, k=3",trunc(1),20,0,0.2,245,0.62887,0.67755
adapt,4,"w=4, k=3",trunc(1),20,0,0.3,245,0.62887,0.67755
adapt,4,"w=4, k=3",trunc(1),20,0,0.4,245,0.62887,0.67755
adapt,4,"w=4, k=3",trunc(1),20,0,0.5,245,0.62887,0.67755
adapt,4,"w=4, k=3",trunc(1),20,0,0.6,245,0.62887,0.67755
adapt,4,"w=4, k=3",trunc(1),20,0,0.7,245,0.62887,0.67755
adapt,4,"w=4, k=3",trunc(1),20,0,0.8,245,0.62887,0.67755
adapt,4,"w=4, k=3",trunc(1),20,0,0.9,245,0.62887,0.67755
adapt,4,"w=4, k=3",trunc(1),20,0,1.0,245,0.62887,0.67755
adapt,4,"w=4, k=3",trunc(1),20,1,0.0,245,0.62887,0.91837
adapt,4,"w=4, k=3",trunc(1),20,1,0.1,245,0.62887,0.91837
adapt,4,"w=4, k=3",trunc(1),20,1,0.2,245,0.64948,0.91837
adapt,4,"w=4, k=3",trunc(1),20,1,0.3,245,0.64948,0.91837
adapt,4,"w=4, k=3",trunc(1),20,1,0.4,245,0.64948,0.91837
adapt,4,"w=4, k=3",trunc(1),20,1,0.5,245,0.64948,0.91837
adapt,4,"w=4, k=3",trunc(1),20,1,0.6,245,0.53608,0.91837
adapt,4,"w=4, k=3",trunc(1),20,1,0.7,245,0.61856,0.91837
adapt,4,"w=4, k=3",trunc(1),20,1,0.8,245,0.61856,0.91837
adapt,4,"w=4, k=3",trunc(1),20,1,0.9,245,0.72165,0.91837
adapt,4,"w=4, k=3",trunc(1),20,1,1.0,245,0.7732,0.91837
adapt,4,"w=4, k=3",satcomp(2),9,0,0.0,200,0.38158,0.395
adapt,4,"w=4, k=3",satcomp(2),9,0,0.1,200,0.38158,0.395
adapt,4,"w=4, k=3",satcomp(2),9,0,0.2,200,0.38158,0.395
adapt,4,"w=4, k=3",satcomp(2),9,0,0.3,200,0.38158,0.395
adapt,4,"w=4, k=3",satcomp(2),9,0,0.4,200,0.38158,0.395
adapt,4,"w=4, k=3",satcomp(2),9,0,0.5,200,0.38158,0.395
adapt,4,"w=4, k=3",satcomp(2),9,0,0.6,200,0.38158,0.395
adapt,4,"w=4, k=3",satcomp(2),9,0,0.7,200,0.38158,0.395
adapt,4,"w=4, k=3",satcomp(2),9,0,0.8,200,0.38158,0.395
adapt,4,"w=4, k=3",satcomp(2),9,0,0.9,200,0.38158,0.395
adapt,4,"w=4, k=3",satcomp(2),9,0,1.0,200,0.38158,0.395
adapt,4,"w=4, k=3",satcomp(2),9,1,0.0,200,0.38158,0.785
adapt,4,"w=4, k=3",satcomp(2),9,1,0.1,200,0.44737,0.785
adapt,4,"w=4, k=3",satcomp(2),9,1,0.2,200,0.42105,0.785
adapt,4,"w=4, k=3",satcomp(2),9,1,0.3,200,0.42105,0.785
adapt,4,"w=4, k=3",satcomp(2),9,1,0.4,200,0.47368,0.785
adapt,4,"w=4, k=3",satcomp(2),9,1,0.5,200,0.64474,0.785
adapt,4,"w=4, k=3",satcomp(2),9,1,0.6,200,0.68421,0.785
adapt,4,"w=4, k=3",satcomp(2),9,1,0.7,200,0.75,0.785
adapt,4,"w=4, k=3",satcomp(2),9,1,0.8,200,0.56579,0.785
adapt,4,"w=4, k=3",satcomp(2),9,1,0.9,200,0.65789,0.785
adapt,4,"w=4, k=3",satcomp(2),9,1,1.0,200,0.68421,0.785
adapt,4,"w=4, k=3",satcomp(2),2,0,0.0,208,0.40244,0.41346
adapt,4,"w=4, k=3",satcomp(2),2,0,0.1,208,0.40244,0.41346
adapt,4,"w=4, k=3",satcomp(2),2,0,0.2,208,0.40244,0.41346
adapt,4,"w=4, k=3",satcomp(2),2,0,0.3,208,0.40244,0.41346
adapt,4,"w=4, k=3",satcomp(2),2,0,0.4,208,0.40244,0.41346
adapt,4,"w=4, k=3",satcomp(2),2,0,0.5,208,0.40244,0.41346
adapt,4,"w=4, k=3",satcomp(2),2,0,0.6,208,0.40244,0.41346
adapt,4,"w=4, k=3",satcomp(2),2,0,0.7,208,0.40244,0.41346
adapt,4,"w=4, k=3",satcomp(2),2,0,0.8,208,0.40244,0.41346
adapt,4,"w=4, k=3",satcomp(2),2,0,0.9,208,0.40244,0.41346
adapt,4,"w=4, k=3",satcomp(2),2,0,1.0,208,0.40244,0.41346
adapt,4,"w=4, k=3",satcomp(2),2,1,0.0,208,0.40244,0.83654
adapt,4,"w=4, k=3",satcomp(2),2,1,0.1,208,0.5,0.83654
adapt,4,"w=4, k=3",satcomp(2),2,1,0.2,208,0.5122,0.83654
adapt,4,"w=4, k=3",satcomp(2),2,1,0.3,208,0.46341,0.83654
adapt,4,"w=4, k=3",satcomp(2),2,1,0.4,208,0.56098,0.83654
adapt,4,"w=4, k=3",satcomp(2),2,1,0.5,208,0.57317,0.83654
adapt,4,"w=4, k=3",satcomp(2),2,1,0.6,208,0.5122,0.83654
adapt,4,"w=4, k=3",satcomp(2),2,1,0.7,208,0.71951,0.83654
adapt,4,"w=4, k=3",satcomp(2),2,1,0.8,208,0.62195,0.83654
adapt,4,"w=4, k=3",satcomp(2),2,1,0.9,208,0.69512,0.83654
adapt,4,"w=4, k=3",satcomp(2),2,1,1.0,208,0.67073,0.83654
adapt,4,"w=4, k=3",satcomp(2),4,0,0.0,220,0.42353,0.39545
adapt,4,"w=4, k=3",satcomp(2),4,0,0.1,220,0.42353,0.39545
adapt,4,"w=4, k=3",satcomp(2),4,0,0.2,220,0.42353,0.39545
adapt,4,"w=4, k=3",satcomp(2),4,0,0.3,220,0.42353,0.39545
adapt,4,"w=4, k=3",satcomp(2),4,0,0.4,220,0.42353,0.39545
adapt,4,"w=4, k=3",satcomp(2),4,0,0.5,220,0.42353,0.39545
adapt,4,"w=4, k=3",satcomp(2),4,0,0.6,220,0.42353,0.39545
adapt,4,"w=4, k=3",satcomp(2),4,0,0.7,220,0.42353,0.39545
adapt,4,"w=4, k=3",satcomp(2),4,0,0.8,220,0.42353,0.39545
adapt,4,"w=4, k=3",satcomp(2),4,0,0.9,220,0.42353,0.39545
adapt,4,"w=4, k=3",satcomp(2),4,0,1.0,220,0.42353,0.39545
adapt,4,"w=4, k=3",satcomp(2),4,1,0.0,220,0.42353,0.81818
adapt,4,"w=4, k=3",satcomp(2),4,1,0.1,220,0.48235,0.81818
adapt,4,"w=4, k=3",satcomp(2),4,1,0.2,220,0.49412,0.81818
adapt,4,"w=4, k=3",satcomp(2),4,1,0.3,220,0.48235,0.81818
adapt,4,"w=4, k=3",satcomp(2),4,1,0.4,220,0.45882,0.81818
adapt,4,"w=4, k=3",satcomp(2),4,1,0.5,220,0.43529,0.81818
adapt,4,"w=4, k=3",satcomp(2),4,1,0.6,220,0.35294,0.81818
adapt,4,"w=4, k=3",satcomp(2),4,1,0.7,220,0.49412,0.81818
adapt,4,"w=4, k=3",satcomp(2),4,1,0.8,220,0.55294,0.81818
adapt,4,"w=4, k=3",satcomp(2),4,1,0.9,220,0.56471,0.81818
adapt,4,"w=4, k=3",satcomp(2),4,1,1.0,220,0.6,0.81818
adapt,4,"w=4, k=3",satcomp(2),12,0,0.0,222,0.33721,0.36486
adapt,4,"w=4, k=3",satcomp(2),12,0,0.1,222,0.33721,0.36486
adapt,4,"w=4, k=3",satcomp(2),12,0,0.2,222,0.33721,0.36486
adapt,4,"w=4, k=3",satcomp(2),12,0,0.3,222,0.33721,0.36486
adapt,4,"w=4, k=3",satcomp(2),12,0,0.4,222,0.33721,0.36486
adapt,4,"w=4, k=3",satcomp(2),12,0,0.5,222,0.33721,0.36486
adapt,4,"w=4, k=3",satcomp(2),12,0,0.6,222,0.33721,0.36486
adapt,4,"w=4, k=3",satcomp(2),12,0,0.7,222,0.33721,0.36486
adapt,4,"w=4, k=3",satcomp(2),12,0,0.8,222,0.33721,0.36486
adapt,4,"w=4, k=3",satcomp(2),12,0,0.9,222,0.33721,0.36486
adapt,4,"w=4, k=3",satcomp(2),12,0,1.0,222,0.33721,0.36486
adapt,4,"w=4, k=3",satcomp(2),12,1,0.0,222,0.33721,0.81081
adapt,4,"w=4, k=3",satcomp(2),12,1,0.1,222,0.5,0.81081
adapt,4,"w=4, k=3",satcomp(2),12,1,0.2,222,0.52326,0.81081
adapt,4,"w=4, k=3",satcomp(2),12,1,0.3,222,0.52326,0.81081
adapt,4,"w=4, k=3",satcomp(2),12,1,0.4,222,0.60465,0.81081
adapt,4,"w=4, k=3",satcomp(2),12,1,0.5,222,0.60465,0.81081
adapt,4,"w=4, k=3",satcomp(2),12,1,0.6,222,0.55814,0.81081
adapt,4,"w=4, k=3",satcomp(2),12,1,0.7,222,0.7093,0.81081
adapt,4,"w=4, k=3",satcomp(2),12,1,0.8,222,0.66279,0.81081
adapt,4,"w=4, k=3",satcomp(2),12,1,0.9,222,0.59302,0.81081
adapt,4,"w=4, k=3",satcomp(2),12,1,1.0,222,0.63953,0.81081
adapt,4,"w=4, k=3",satcomp(2),18,0,0.0,252,0.35,0.35714
adapt,4,"w=4, k=3",satcomp(2),18,0,0.1,252,0.35,0.35714
adapt,4,"w=4, k=3",satcomp(2),18,0,0.2,252,0.35,0.35714
adapt,4,"w=4, k=3",satcomp(2),18,0,0.3,252,0.35,0.35714
adapt,4,"w=4, k=3",satcomp(2),18,0,0.4,252,0.35,0.35714
adapt,4,"w=4, k=3",satcomp(2),18,0,0.5,252,0.35,0.35714
adapt,4,"w=4, k=3",satcomp(2),18,0,0.6,252,0.35,0.35714
adapt,4,"w=4, k=3",satcomp(2),18,0,0.7,252,0.35,0.35714
adapt,4,"w=4, k=3",satcomp(2),18,0,0.8,252,0.35,0.35714
adapt,4,"w=4, k=3",satcomp(2),18,0,0.9,252,0.35,0.35714
adapt,4,"w=4, k=3",satcomp(2),18,0,1.0,252,0.35,0.35714
adapt,4,"w=4, k=3",satcomp(2),18,1,0.0,252,0.35,0.86111
adapt,4,"w=4, k=3",satcomp(2),18,1,0.1,252,0.51,0.86111
adapt,4,"w=4, k=3",satcomp(2),18,1,0.2,252,0.54,0.86111
adapt,4,"w=4, k=3",satcomp(2),18,1,0.3,252,0.51,0.86111
adapt,4,"w=4, k=3",satcomp(2),18,1,0.4,252,0.51,0.86111
adapt,4,"w=4, k=3",satcomp(2),18,1,0.5,252,0.51,0.86111
adapt,4,"w=4, k=3",satcomp(2),18,1,0.6,252,0.74,0.86111
adapt,4,"w=4, k=3",satcomp(2),18,1,0.7,252,0.44,0.86111
adapt,4,"w=4, k=3",satcomp(2),18,1,0.8,252,0.66,0.86111
adapt,4,"w=4, k=3",satcomp(2),18,1,0.9,252,0.76,0.86111
adapt,4,"w=4, k=3",satcomp(2),18,1,1.0,252,0.64,0.86111
adapt,4,"w=4, k=3",satcomp(2),10,0,0.0,202,0.325,0.34158
adapt,4,"w=4, k=3",satcomp(2),10,0,0.1,202,0.325,0.34158
adapt,4,"w=4, k=3",satcomp(2),10,0,0.2,202,0.325,0.34158
adapt,4,"w=4, k=3",satcomp(2),10,0,0.3,202,0.325,0.34158
adapt,4,"w=4, k=3",satcomp(2),10,0,0.4,202,0.325,0.34158
adapt,4,"w=4, k=3",satcomp(2),10,0,0.5,202,0.325,0.34158
adapt,4,"w=4, k=3",satcomp(2),10,0,0.6,202,0.325,0.34158
adapt,4,"w=4, k=3",satcomp(2),10,0,0.7,202,0.325,0.34158
adapt,4,"w=4, k=3",satcomp(2),10,0,0.8,202,0.325,0.34158
adapt,4,"w=4, k=3",satcomp(2),10,0,0.9,202,0.325,0.34158
adapt,4,"w=4, k=3",satcomp(2),10,0,1.0,202,0.325,0.34158
adapt,4,"w=4, k=3",satcomp(2),10,1,0.0,202,0.325,0.81188
adapt,4,"w=4, k=3",satcomp(2),10,1,0.1,202,0.3125,0.81188
adapt,4,"w=4, k=3",satcomp(2),10,1,0.2,202,0.4625,0.81188
adapt,4,"w=4, k=3",satcomp(2),10,1,0.3,202,0.45,0.81188
adapt,4,"w=4, k=3",satcomp(2),10,1,0.4,202,0.3625,0.81188
adapt,4,"w=4, k=3",satcomp(2),10,1,0.5,202,0.4125,0.81188
adapt,4,"w=4, k=3",satcomp(2),10,1,0.6,202,0.3125,0.81188
adapt,4,"w=4, k=3",satcomp(2),10,1,0.7,202,0.3625,0.81188
adapt,4,"w=4, k=3",satcomp(2),10,1,0.8,202,0.4625,0.81188
adapt,4,"w=4, k=3",satcomp(2),10,1,0.9,202,0.45,0.81188
adapt,4,"w=4, k=3",satcomp(2),10,1,1.0,202,0.6125,0.81188
adapt,4,"w=4, k=3",satcomp(2),13,0,0.0,225,0.45556,0.41778
adapt,4,"w=4, k=3",satcomp(2),13,0,0.1,225,0.45556,0.41778
adapt,4,"w=4, k=3",satcomp(2),13,0,0.2,225,0.45556,0.41778
adapt,4,"w=4, k=3",satcomp(2),13,0,0.3,225,0.45556,0.41778
adapt,4,"w=4, k=3",satcomp(2),13,0,0.4,225,0.45556,0.41778
adapt,4,"w=4, k=3",satcomp(2),13,0,0.5,225,0.45556,0.41778
adapt,4,"w=4, k=3",satcomp(2),13,0,0.6,225,0.45556,0.41778
adapt,4,"w=4, k=3",satcomp(2),13,0,0.7,225,0.45556,0.41778
adapt,4,"w=4, k=3",satcomp(2),13,0,0.8,225,0.45556,0.41778
adapt,4,"w=4, k=3",satcomp(2),13,0,0.9,225,0.45556,0.41778
adapt,4,"w=4, k=3",satcomp(2),13,0,1.0,225,0.45556,0.41778
adapt,4,"w=4, k=3",satcomp(2),13,1,0.0,225,0.45556,0.86667
adapt,4,"w=4, k=3",satcomp(2),13,1,0.1,225,0.55556,0.86667
adapt,4,"w=4, k=3",satcomp(2),13,1,0.2,225,0.55556,0.86667
adapt,4,"w=4, k=3",satcomp(2),13,1,0.3,225,0.54444,0.86667
adapt,4,"w=4, k=3",satcomp(2),13,1,0.4,225,0.54444,0.86667
adapt,4,"w=4, k=3",satcomp(2),13,1,0.5,225,0.52222,0.86667
adapt,4,"w=4, k=3",satcomp(2),13,1,0.6,225,0.36667,0.86667
adapt,4,"w=4, k=3",satcomp(2),13,1,0.7,225,0.55556,0.86667
adapt,4,"w=4, k=3",satcomp(2),13,1,0.8,225,0.63333,0.86667
adapt,4,"w=4, k=3",satcomp(2),13,1,0.9,225,0.66667,0.86667
adapt,4,"w=4, k=3",satcomp(2),13,1,1.0,225,0.72222,0.86667
adapt,4,"w=4, k=3",satcomp(2),20,0,0.0,245,0.39175,0.41224
adapt,4,"w=4, k=3",satcomp(2),20,0,0.1,245,0.39175,0.41224
adapt,4,"w=4, k=3",satcomp(2),20,0,0.2,245,0.39175,0.41224
adapt,4,"w=4, k=3",satcomp(2),20,0,0.3,245,0.39175,0.41224
adapt,4,"w=4, k=3",satcomp(2),20,0,0.4,245,0.39175,0.41224
adapt,4,"w=4, k=3",satcomp(2),20,0,0.5,245,0.39175,0.41224
adapt,4,"w=4, k=3",satcomp(2),20,0,0.6,245,0.39175,0.41224
adapt,4,"w=4, k=3",satcomp(2),20,0,0.7,245,0.39175,0.41224
adapt,4,"w=4, k=3",satcomp(2),20,0,0.8,245,0.39175,0.41224
adapt,4,"w=4, k=3",satcomp(2),20,0,0.9,245,0.39175,0.41224
adapt,4,"w=4, k=3",satcomp(2),20,0,1.0,245,0.39175,0.41224
adapt,4,"w=4, k=3",satcomp(2),20,1,0.0,245,0.39175,0.82041
adapt,4,"w=4, k=3",satcomp(2),20,1,0.1,245,0.50515,0.82041
adapt,4,"w=4, k=3",satcomp(2),20,1,0.2,245,0.51546,0.82041
adapt,4,"w=4, k=3",satcomp(2),20,1,0.3,245,0.49485,0.82041
adapt,4,"w=4, k=3",satcomp(2),20,1,0.4,245,0.49485,0.82041
adapt,4,"w=4, k=3",satcomp(2),20,1,0.5,245,0.4433,0.82041
adapt,4,"w=4, k=3",satcomp(2),20,1,0.6,245,0.52577,0.82041
adapt,4,"w=4, k=3",satcomp(2),20,1,0.7,245,0.57732,0.82041
adapt,4,"w=4, k=3",satcomp(2),20,1,0.8,245,0.57732,0.82041
adapt,4,"w=4, k=3",satcomp(2),20,1,0.9,245,0.5567,0.82041
adapt,4,"w=4, k=3",satcomp(2),20,1,1.0,245,0.62887,0.82041
adapt,4,"w=4, k=3",sampled(4),9,0,0.0,200,0.30263,0.29
adapt,4,"w=4, k=3",sampled(4),9,0,0.1,200,0.30263,0.29
adapt,4,"w=4, k=3",sampled(4),9,0,0.2,200,0.30263,0.29
adapt,4,"w=4, k=3",sampled(4),9,0,0.3,200,0.30263,0.29
adapt,4,"w=4, k=3",sampled(4),9,0,0.4,200,0.30263,0.29
adapt,4,"w=4, k=3",sampled(4),9,0,0.5,200,0.30263,0.29
adapt,4,"w=4, k=3",sampled(4),9,0,0.6,200,0.30263,0.29
adapt,4,"w=4, k=3",sampled(4),9,0,0.7,200,0.30263,0.29
adapt,4,"w=4, k=3",sampled(4),9,0,0.8,200,0.30263,0.29
adapt,4,"w=4, k=3",sampled(4),9,0,0.9,200,0.30263,0.29
adapt,4,"w=4, k=3",sampled(4),9,0,1.0,200,0.30263,0.29
adapt,4,"w=4, k=3",sampled(4),9,1,0.0,200,0.30263,0.785
adapt,4,"w=4, k=3",sampled(4),9,1,0.1,200,0.32895,0.785
adapt,4,"w=4, k=3",sampled(4),9,1,0.2,200,0.36842,0.785
adapt,4,"w=4, k=3",sampled(4),9,1,0.3,200,0.38158,0.785
adapt,4,"w=4, k=3",sampled(4),9,1,0.4,200,0.53947,0.785
adapt,4,"w=4, k=3",sampled(4),9,1,0.5,200,0.57895,0.785
adapt,4,"w=4, k=3",sampled(4),9,1,0.6,200,0.64474,0.785
adapt,4,"w=4, k=3",sampled(4),9,1,0.7,200,0.64474,0.785
adapt,4,"w=4, k=3",sampled(4),9,1,0.8,200,0.56579,0.785
adapt,4,"w=4, k=3",sampled(4),9,1,0.9,200,0.69737,0.785
adapt,4,"w=4, k=3",sampled(4),9,1,1.0,200,0.80263,0.785
adapt,4,"w=4, k=3",satcomp(2),24,0,0.0,264,0.42857,0.44697
adapt,4,"w=4, k=3",satcomp(2),24,0,0.1,264,0.42857,0.44697
adapt,4,"w=4, k=3",satcomp(2),24,0,0.2,264,0.42857,0.44697
adapt,4,"w=4, k=3",satcomp(2),24,0,0.3,264,0.42857,0.44697
adapt,4,"w=4, k=3",satcomp(2),24,0,0.4,264,0.42857,0.44697
adapt,4,"w=4, k=3",satcomp(2),24,0,0.5,264,0.42857,0.44697
adapt,4,"w=4, k=3",satcomp(2),24,0,0.6,264,0.42857,0.44697
adapt,4,"w=4, k=3",satcomp(2),24,0,0.7,264,0.42857,0.44697
adapt,4,"w=4, k=3",satcomp(2),24,0,0.8,264,0.42857,0.44697
adapt,4,"w=4, k=3",satcomp(2),24,0,0.9,264,0.42857,0.44697
adapt,4,"w=4, k=3",satcomp(2),24,0,1.0,264,0.42857,0.44697
adapt,4,"w=4, k=3",satcomp(2),24,1,0.0,264,0.42857,0.875
adapt,4,"w=4, k=3",satcomp(2),24,1,0.1,264,0.5619,0.875
adapt,4,"w=4, k=3",satcomp(2),24,1,0.2,264,0.70476,0.875
adapt,4,"w=4, k=3",satcomp(2),24,1,0.3,264,0.70476,0.875
adapt,4,"w=4, k=3",satcomp(2),24,1,0.4,264,0.62857,0.875
adapt,4,"w=4, k=3",satcomp(2),24,1,0.5,264,0.5619,0.875
adapt,4,"w=4, k=3",satcomp(2),24,1,0.6,264,0.57143,0.875
adapt,4,"w=4, k=3",satcomp(2),24,1,0.7,264,0.66667,0.875
adapt,4,"w=4, k=3",satcomp(2),24,1,0.8,264,0.73333,0.875
adapt,4,"w=4, k=3",satcomp(2),24,1,0.9,264,0.84762,0.875
adapt,4,"w=4, k=3",satcomp(2),24,1,1.0,264,0.88571,0.875
adapt,4,"w=4, k=3",sampled(4),2,0,0.0,208,0.31707,0.31731
adapt,4,"w=4, k=3",sampled(4),2,0,0.1,208,0.31707,0.31731
adapt,4,"w=4, k=3",sampled(4),2,0,0.2,208,0.31707,0.31731
adapt,4,"w=4, k=3",sampled(4),2,0,0.3,208,0.31707,0.31731
adapt,4,"w=4, k=3",sampled(4),2,0,0.4,208,0.31707,0.31731
adapt,4,"w=4, k=3",sampled(4),2,0,0.5,208,0.31707,0.31731
adapt,4,"w=4, k=3",sampled(4),2,0,0.6,208,0.31707,0.31731
adapt,4,"w=4, k=3",sampled(4),2,0,0.7,208,0.31707,0.31731
adapt,4,"w=4, k=3",sampled(4),2,0,0.8,208,0.31707,0.31731
adapt,4,"w=4, k=3",sampled(4),2,0,0.9,208,0.31707,0.31731
adapt,4,"w=4, k=3",sampled(4),2,0,1.0,208,0.31707,0.31731
adapt,4,"w=4, k=3",sampled(4),2,1,0.0,208,0.31707,0.87019
adapt,4,"w=4, k=3",sampled(4),2,1,0.1,208,0.59756,0.87019
adapt,4,"w=4, k=3",sampled(4),2,1,0.2,208,0.53659,0.87019
adapt,4,"w=4, k=3",sampled(4),2,1,0.3,208,0.57317,0.87019
adapt,4,"w=4, k=3",sampled(4),2,1,0.4,208,0.67073,0.87019
adapt,4,"w=4, k=3",sampled(4),2,1,0.5,208,0.59756,0.87019
adapt,4,"w=4, k=3",sampled(4),2,1,0.6,208,0.69512,0.87019
adapt,4,"w=4, k=3",sampled(4),2,1,0.7,208,0.73171,0.87019
adapt,4,"w=4, k=3",sampled(4),2,1,0.8,208,0.84146,0.87019
adapt,4,"w=4, k=3",sampled(4),2,1,0.9,208,0.78049,0.87019
adapt,4,"w=4, k=3",sampled(4),2,1,1.0,208,0.85366,0.87019
adapt,4,"w=4, k=3",sampled(4),4,0,0.0,220,0.23529,0.29091
adapt,4,"w=4, k=3",sampled(4),4,0,0.1,220,0.23529,0.29091
adapt,4,"w=4, k=3",sampled(4),4,0,0.2,220,0.23529,0.29091
adapt,4,"w=4, k=3",sampled(4),4,0,0.3,220,0.23529,0.29091
adapt,4,"w=4, k=3",sampled(4),4,0,0.4,220,0.23529,0.29091
adapt,4,"w=4, k=3",sampled(4),4,0,0.5,220,0.23529,0.29091
adapt,4,"w=4, k=3",sampled(4),4,0,0.6,220,0.23529,0.29091
adapt,4,"w=4, k=3",sampled(4),4,0,0.7,220,0.23529,0.29091
adapt,4,"w=4, k=3",sampled(4),4,0,0.8,220,0.23529,0.29091
adapt,4,"w=4, k=3",sampled(4),4,0,0.9,220,0.23529,0.29091
adapt,4,"w=4, k=3",sampled(4),4,0,1.0,220,0.23529,0.29091
adapt,4,"w=4, k=3",sampled(4),4,1,0.0,220,0.23529,0.79545
adapt,4,"w=4, k=3",sampled(4),4,1,0.1,220,0.37647,0.79545
adapt,4,"w=4, k=3",sampled(4),4,1,0.2,220,0.44706,0.79545
adapt,4,"w=4, k=3",sampled(4),4,1,0.3,220,0.43529,0.79545
adapt,4,"w=4, k=3",sampled(4),4,1,0.4,220,0.62353,0.79545
adapt,4,"w=4, k=3",sampled(4),4,1,0.5,220,0.54118,0.79545
adapt,4,"w=4, k=3",sampled(4),4,1,0.6,220,0.47059,0.79545
adapt,4,"w=4, k=3",sampled(4),4,1,0.7,220,0.56471,0.79545
adapt,4,"w=4, k=3",sampled(4),4,1,0.8,220,0.61176,0.79545
adapt,4,"w=4, k=3",sampled(4),4,1,0.9,220,0.62353,0.79545
adapt,4,"w=4, k=3",sampled(4),4,1,1.0,220,0.58824,0.79545
adapt,4,"w=4, k=3",sampled(4),10,0,0.0,202,0.3,0.30693
adapt,4,"w=4, k=3",sampled(4),10,0,0.1,202,0.3,0.30693
adapt,4,"w=4, k=3",sampled(4),10,0,0.2,202,0.3,0.30693
adapt,4,"w=4, k=3",sampled(4),10,0,0.3,202,0.3,0.30693
adapt,4,"w=4, k=3",sampled(4),10,0,0.4,202,0.3,0.30693
adapt,4,"w=4, k=3",sampled(4),10,0,0.5,202,0.3,0.30693
adapt,4,"w=4, k=3",sampled(4),10,0,0.6,202,0.3,0.30693
adapt,4,"w=4, k=3",sampled(4),10,0,0.7,202,0.3,0.30693
adapt,4,"w=4, k=3",sampled(4),10,0,0.8,202,0.3,0.30693
adapt,4,"w=4, k=3",sampled(4),10,0,0.9,202,0.3,0.30693
adapt,4,"w=4, k=3",sampled(4),10,0,1.0,202,0.3,0.30693
adapt,4,"w=4, k=3",sampled(4),10,1,0.0,202,0.3,0.82178
adapt,4,"w=4, k=3",sampled(4),10,1,0.1,202,0.2125,0.82178
adapt,4,"w=4, k=3",sampled(4),10,1,0.2,202,0.3125,0.82178
adapt,4,"w=4, k=3",sampled(4),10,1,0.3,202,0.3375,0.82178
adapt,4,"w=4, k=3",sampled(4),10,1,0.4,202,0.3625,0.82178
adapt,4,"w=4, k=3",sampled(4),10,1,0.5,202,0.4125,0.82178
adapt,4,"w=4, k=3",sampled(4),10,1,0.6,202,0.55,0.82178
adapt,4,"w=4, k=3",sampled(4),10,1,0.7,202,0.5375,0.82178
adapt,4,"w=4, k=3",sampled(4),10,1,0.8,202,0.5875,0.82178
adapt,4,"w=4, k=3",sampled(4),10,1,0.9,202,0.55,0.82178
adapt,4,"w=4, k=3",sampled(4),10,1,1.0,202,0.5125,0.82178
adapt,4,"w=4, k=3",sampled(4),12,0,0.0,222,0.30233,0.28829
adapt,4,"w=4, k=3",sampled(4),12,0,0.1,222,0.30233,0.28829
adapt,4,"w=4, k=3",sampled(4),12,0,0.2,222,0.30233,0.28829
adapt,4,"w=4, k=3",sampled(4),12,0,0.3,222,0.30233,0.28829
adapt,4,"w=4, k=3",sampled(4),12,0,0.4,222,0.30233,0.28829
adapt,4,"w=4, k=3",sampled(4),12,0,0.5,222,0.30233,0.28829
adapt,4,"w=4, k=3",sampled(4),12,0,0.6,222,0.30233,0.28829
adapt,4,"w=4, k=3",sampled(4),12,0,0.7,222,0.30233,0.28829
adapt,4,"w=4, k=3",sampled(4),12,0,0.8,222,0.30233,0.28829
adapt,4,"w=4, k=3",sampled(4),12,0,0.9,222,0.30233,0.28829
adapt,4,"w=4, k=3",sampled(4),12,0,1.0,222,0.30233,0.28829
adapt,4,"w=4, k=3",sampled(4),12,1,0.0,222,0.30233,0.80631
adapt,4,"w=4, k=3",sampled(4),12,1,0.1,222,0.45349,0.80631
adapt,4,"w=4, k=3",sampled(4),12,1,0.2,222,0.46512,0.80631
adapt,4,"w=4, k=3",sampled(4),12,1,0.3,222,0.53488,0.80631
adapt,4,"w=4, k=3",sampled(4),12,1,0.4,222,0.54651,0.80631
adapt,4,"w=4, k=3",sampled(4),12,1,0.5,222,0.55814,0.80631
adapt,4,"w=4, k=3",sampled(4),12,1,0.6,222,0.52326,0.80631
adapt,4,"w=4, k=3",sampled(4),12,1,0.7,222,0.63953,0.80631
adapt,4,"w=4, k=3",sampled(4),12,1,0.8,222,0.75581,0.80631
adapt,4,"w=4, k=3",sampled(4),12,1,0.9,222,0.73256,0.80631
adapt,4,"w=4, k=3",sampled(4),12,1,1.0,222,0.62791,0.80631
adapt,4,"w=4, k=3",sampled(4),20,0,0.0,245,0.3299,0.31429
adapt,4,"w=4, k=3",sampled(4),20,0,0.1,245,0.3299,0.31429
adapt,4,"w=4, k=3",sampled(4),20,0,0.2,245,0.3299,0.31429
adapt,4,"w=4, k=3",sampled(4),20,0,0.3,245,0.3299,0.31429
adapt,4,"w=4, k=3",sampled(4),20,0,0.4,245,0.3299,0.31429
adapt,4,"w=4, k=3",sampled(4),20,0,0.5,245,0.3299,0.31429
adapt,4,"w=4, k=3",sampled(4),20,0,0.6,245,0.3299,0.31429
adapt,4,"w=4, k=3",sampled(4),20,0,0.7,245,0.3299,0.31429
adapt,4,"w=4, k=3",sampled(4),20,0,0.8,245,0.3299,0.31429
adapt,4,"w=4, k=3",sampled(4),20,0,0.9,245,0.3299,0.31429
adapt,4,"w=4, k=3",sampled(4),20,0,1.0,245,0.3299,0.31429
adapt,4,"w=4, k=3",sampled(4),20,1,0.0,245,0.3299,0.84898
adapt,4,"w=4, k=3",sampled(4),20,1,0.1,245,0.51546,0.84898
adapt,4,"w=4, k=3",sampled(4),20,1,0.2,245,0.51546,0.84898
adapt,4,"w=4, k=3",sampled(4),20,1,0.3,245,0.49485,0.84898
adapt,4,"w=4, k=3",sampled(4),20,1,0.4,245,0.52577,0.84898
adapt,4,"w=4, k=3",sampled(4),20,1,0.5,245,0.56701,0.84898
adapt,4,"w=4, k=3",sampled(4),20,1,0.6,245,0.53608,0.84898
adapt,4,"w=4, k=3",sampled(4),20,1,0.7,245,0.72165,0.84898
adapt,4,"w=4, k=3",sampled(4),20,1,0.8,245,0.6701,0.84898
adapt,4,"w=4, k=3",sampled(4),20,1,0.9,245,0.69072,0.84898
adapt,4,"w=4, k=3",sampled(4),20,1,1.0,245,0.75258,0.84898
adapt,4,"w=4, k=3",sampled(4),13,0,0.0,225,0.28889,0.28889
adapt,4,"w=4, k=3",sampled(4),13,0,0.1,225,0.28889,0.28889
adapt,4,"w=4, k=3",sampled(4),13,0,0.2,225,0.28889,0.28889
adapt,4,"w=4, k=3",sampled(4),13,0,0.3,225,0.28889,0.28889
adapt,4,"w=4, k=3",sampled(4),13,0,0.4,225,0.28889,0.28889
adapt,4,"w=4, k=3",sampled(4),13,0,0.5,225,0.28889,0.28889
adapt,4,"w=4, k=3",sampled(4),13,0,0.6,225,0.28889,0.28889
adapt,4,"w=4, k=3",sampled(4),13,0,0.7,225,0.28889,0.28889
adapt,4,"w=4, k=3",sampled(4),13,0,0.8,225,0.28889,0.28889
adapt,4,"w=4, k=3",sampled(4),13,0,0.9,225,0.28889,0.28889
adapt,4,"w=4, k=3",sampled(4),13,0,1.0,225,0.28889,0.28889
adapt,4,"w=4, k=3",sampled(4),13,1,0.0,225,0.28889,0.88
adapt,4,"w=4, k=3",sampled(4),13,1,0.1,225,0.48889,0.88
adapt,4,"w=4, k=3",sampled(4),13,1,0.2,225,0.44444,0.88
adapt,4,"w=4, k=3",sampled(4),13,1,0.3,225,0.52222,0.88
adapt,4,"w=4, k=3",sampled(4),13,1,0.4,225,0.66667,0.88
adapt,4,"w=4, k=3",sampled(4),13,1,0.5,225,0.7,0.88
adapt,4,"w=4, k=3",sampled(4),13,1,0.6,225,0.6,0.88
adapt,4,"w=4, k=3",sampled(4),13,1,0.7,225,0.74444,0.88
adapt,4,"w=4, k=3",sampled(4),13,1,0.8,225,0.73333,0.88
adapt,4,"w=4, k=3",sampled(4),13,1,0.9,225,0.73333,0.88
adapt,4,"w=4, k=3",sampled(4),13,1,1.0,225,0.77778,0.88
adapt,4,"w=4, k=3",sampled(4),24,0,0.0,264,0.35238,0.36364
adapt,4,"w=4, k=3",sampled(4),24,0,0.1,264,0.35238,0.36364
adapt,4,"w=4, k=3",sampled(4),24,0,0.2,264,0.35238,0.36364
adapt,4,"w=4, k=3",sampled(4),24,0,0.3,264,0.35238,0.36364
adapt,4,"w=4, k=3",sampled(4),24,0,0.4,264,0.35238,0.36364
adapt,4,"w=4, k=3",sampled(4),24,0,0.5,264,0.35238,0.36364
adapt,4,"w=4, k=3",sampled(4),24,0,0.6,264,0.35238,0.36364
adapt,4,"w=4, k=3",sampled(4),24,0,0.7,264,0.35238,0.36364
adapt,4,"w=4, k=3",sampled(4),24,0,0.8,264,0.35238,0.36364
adapt,4,"w=4, k=3",sampled(4),24,0,0.9,264,0.35238,0.36364
adapt,4,"w=4, k=3",sampled(4),24,0,1.0,264,0.35238,0.36364
adapt,4,"w=4, k=3",sampled(4),24,1,0.0,264,0.35238,0.86742
adapt,4,"w=4, k=3",sampled(4),24,1,0.1,264,0.50476,0.86742
adapt,4,"w=4, k=3",sampled(4),24,1,0.2,264,0.53333,0.86742
adapt,4,"w=4, k=3",sampled(4),24,1,0.3,264,0.53333,0.86742
adapt,4,"w=4, k=3",sampled(4),24,1,0.4,264,0.6,0.86742
adapt,4,"w=4, k=3",sampled(4),24,1,0.5,264,0.65714,0.86742
adapt,4,"w=4, k=3",sampled(4),24,1,0.6,264,0.58095,0.86742
adapt,4,"w=4, k=3",sampled(4),24,1,0.7,264,0.66667,0.86742
adapt,4,"w=4, k=3",sampled(4),24,1,0.8,264,0.85714,0.86742
adapt,4,"w=4, k=3",sampled(4),24,1,0.9,264,0.88571,0.86742
adapt,4,"w=4, k=3",sampled(4),24,1,1.0,264,0.91429,0.86742
adapt,4,"w=4, k=3",sampled(4),18,0,0.0,252,0.31,0.30556
adapt,4,"w=4, k=3",sampled(4),18,0,0.1,252,0.31,0.30556
adapt,4,"w=4, k=3",sampled(4),18,0,0.2,252,0.31,0.30556
adapt,4,"w=4, k=3",sampled(4),18,0,0.3,252,0.31,0.30556
adapt,4,"w=4, k=3",sampled(4),18,0,0.4,252,0.31,0.30556
adapt,4,"w=4, k=3",sampled(4),18,0,0.5,252,0.31,0.30556
adapt,4,"w=4, k=3",sampled(4),18,0,0.6,252,0.31,0.30556
adapt,4,"w=4, k=3",sampled(4),18,0,0.7,252,0.31,0.30556
adapt,4,"w=4, k=3",sampled(4),18,0,0.8,252,0.31,0.30556
adapt,4,"w=4, k=3",sampled(4),18,0,0.9,252,0.31,0.30556
adapt,4,"w=4, k=3",sampled(4),18,0,1.0,252,0.31,0.30556
adapt,4,"w=4, k=3",sampled(4),18,1,0.0,252,0.31,0.83333
adapt,4,"w=4, k=3",sampled(4),18,1,0.1,252,0.54,0.83333
adapt,4,"w=4, k=3",sampled(4),18,1,0.2,252,0.5,0.83333
adapt,4,"w=4, k=3",sampled(4),18,1,0.3,252,0.56,0.83333
adapt,4,"w=4, k=3",sampled(4),18,1,0.4,252,0.56,0.83333
adapt,4,"w=4, k=3",sampled(4),18,1,0.5,252,0.63,0.83333
adapt,4,"w=4, k=3",sampled(4),18,1,0.6,252,0.68,0.83333
adapt,4,"w=4, k=3",sampled(4),18,1,0.7,252,0.61,0.83333
adapt,4,"w=4, k=3",sampled(4),18,1,0.8,252,0.73,0.83333
adapt,4,"w=4, k=3",sampled(4),18,1,0.9,252,0.69,0.83333
adapt,4,"w=4, k=3",sampled(4),18,1,1.0,252,0.76,0.83333
