D,P,variant,knob,learn,w,k,acc,acc_static,err,area_mm2,power_vectorless_mw,cycles,latency_us,pareto
256,32,exact,0,0,8,0,0.65292,0.66766,0.34708000000000006,0.14555,6.1641,523,10.46,1
256,32,exact,0,1,2,0,0.78762,0.6006,0.21238,0.25658,198.309,523,10.46,1
256,32,exact,0,1,2,1,0.78409,0.59038,0.21591000000000005,0.26369,195.5562,523,10.46,0
256,32,exact,0,1,2,2,0.77473,0.62927,0.22526999999999997,0.26944,223.4734,523,10.46,0
256,32,exact,0,1,2,3,0.78891,0.61456,0.21109,0.27518,185.6591,523,10.46,1
256,32,exact,0,1,2,4,0.73677,0.56195,0.26322999999999996,0.28068,185.6591,523,10.46,0
256,32,exact,0,1,3,0,0.80143,0.65819,0.19857000000000002,0.37076,189.3997,523,10.46,0
256,32,exact,0,1,3,1,0.78848,0.67066,0.21152000000000004,0.37787,186.6469,523,10.46,0
256,32,exact,0,1,3,2,0.76389,0.66966,0.23611000000000004,0.38362,214.564,523,10.46,0
256,32,exact,0,1,3,3,0.75312,0.65246,0.24688,0.38936,176.7497,523,10.46,0
256,32,exact,0,1,3,4,0.69824,0.62304,0.30176000000000003,0.39486,176.7497,523,10.46,0
256,32,exact,0,1,4,0,0.7643,0.65445,0.23570000000000002,0.47203,185.9722,523,10.46,0
256,32,exact,0,1,4,1,0.78388,0.67115,0.21611999999999998,0.47915,183.2195,523,10.46,0
256,32,exact,0,1,4,2,0.73746,0.66417,0.26254,0.4849,208.65,523,10.46,0
256,32,exact,0,1,4,3,0.68919,0.65395,0.31081000000000003,0.49064,158.8496,523,10.46,0
256,32,exact,0,1,4,4,0.66861,0.63849,0.33138999999999996,0.49613,158.8496,523,10.46,0
256,32,exact,0,1,5,0,0.77805,0.6547,0.22194999999999998,0.58135,184.9274,523,10.46,0
256,32,exact,0,1,5,1,0.7244,0.66343,0.27559999999999996,0.58846,182.1746,523,10.46,0
256,32,exact,0,1,5,2,0.68941,0.64174,0.31059000000000003,0.59421,208.65,523,10.46,0
256,32,exact,0,1,5,3,0.6567,0.65694,0.34330000000000005,0.59995,158.8496,523,10.46,0
256,32,exact,0,1,5,4,0.64409,0.63675,0.35590999999999995,0.60545,158.8496,523,10.46,0
256,32,exact,0,1,6,0,0.70341,0.66442,0.29659,0.69008,180.9985,523,10.46,0
256,32,exact,0,1,6,1,0.65775,0.6532,0.34225000000000005,0.69719,178.2458,523,10.46,0
256,32,exact,0,1,6,2,0.66347,0.64797,0.33653,0.70294,204.7212,523,10.46,0
256,32,exact,0,1,6,3,0.65365,0.65694,0.34635000000000005,0.70868,154.9208,523,10.46,0
256,32,exact,0,1,6,4,0.64409,0.63675,0.35590999999999995,0.71417,154.9208,523,10.46,0
256,32,exact,0,1,7,0,0.65278,0.66243,0.34722,0.79161,180.9985,523,10.46,0
256,32,exact,0,1,7,1,0.64638,0.6532,0.35362000000000005,0.79873,178.2458,523,10.46,0
256,32,exact,0,1,7,2,0.66347,0.64797,0.33653,0.80448,204.7212,523,10.46,0
256,32,exact,0,1,7,3,0.65365,0.65694,0.34635000000000005,0.81022,154.9208,523,10.46,0
256,32,exact,0,1,7,4,0.64409,0.63675,0.35590999999999995,0.81571,154.9208,523,10.46,0
256,32,exact,0,1,8,0,0.65101,0.66243,0.34899,0.90584,222.3979,523,10.46,0
256,32,exact,0,1,8,1,0.64638,0.6532,0.35362000000000005,0.91295,219.6451,523,10.46,0
256,32,exact,0,1,8,2,0.66347,0.64797,0.33653,0.9187,242.1252,523,10.46,0
256,32,exact,0,1,8,3,0.65365,0.65694,0.34635000000000005,0.92444,191.1594,523,10.46,0
256,32,exact,0,1,8,4,0.64409,0.63675,0.35590999999999995,0.92993,191.1594,523,10.46,0
256,32,exact,0,2,2,0,0.36114,0.31488,0.63886,0.25658,223.1686,523,10.46,0
256,32,exact,0,2,2,1,0.31085,0.30616,0.6891499999999999,0.26369,220.4159,523,10.46,0
256,32,exact,0,2,2,2,0.32305,0.3999,0.6769499999999999,0.26944,244.2305,523,10.46,0
256,32,exact,0,2,2,3,0.51526,0.42134,0.48473999999999995,0.27518,205.158,523,10.46,0
256,32,exact,0,2,2,4,0.51981,0.56619,0.48019,0.28068,205.158,523,10.46,0
256,32,exact,0,2,3,0,0.4004,0.38943,0.5996,0.37076,214.2593,523,10.46,0
256,32,exact,0,2,3,1,0.49808,0.40115,0.5019199999999999,0.37787,211.5066,523,10.46,0
256,32,exact,0,2,3,2,0.57253,0.54824,0.42747,0.38362,235.3212,523,10.46,0
256,32,exact,0,2,3,3,0.55072,0.55024,0.44928,0.38936,196.2487,523,10.46,0
256,32,exact,0,2,3,4,0.57649,0.59437,0.42351000000000005,0.39486,196.2487,523,10.46,0
256,32,exact,0,2,4,0,0.48052,0.45201,0.5194799999999999,0.47203,208.8873,523,10.46,0
256,32,exact,0,2,4,1,0.64564,0.60234,0.35436,0.47915,206.1345,523,10.46,0
256,32,exact,0,2,4,2,0.6276,0.59935,0.37239999999999995,0.4849,227.4626,523,10.46,0
256,32,exact,0,2,4,3,0.68744,0.65046,0.31255999999999995,0.49064,176.404,523,10.46,0
256,32,exact,0,2,4,4,0.66324,0.6921,0.33675999999999995,0.49613,176.404,523,10.46,0
256,32,exact,0,2,5,0,0.58893,0.59985,0.41107000000000005,0.58135,207.8424,523,10.46,0
256,32,exact,0,2,5,1,0.65371,0.69559,0.34629,0.58846,205.0897,523,10.46,0
256,32,exact,0,2,5,2,0.71361,0.70332,0.28639000000000003,0.59421,227.4626,523,10.46,0
256,32,exact,0,2,5,3,0.76847,0.76141,0.23153,0.59995,176.404,523,10.46,0
256,32,exact,0,2,5,4,0.69418,0.728,0.30582,0.60545,176.404,523,10.46,0
256,32,exact,0,2,6,0,0.69355,0.67764,0.30645,0.69008,203.9136,523,10.46,0
256,32,exact,0,2,6,1,0.78435,0.72825,0.21565,0.69719,201.1608,523,10.46,0
256,32,exact,0,2,6,2,0.77728,0.75318,0.22272000000000003,0.70294,223.5338,523,10.46,0
256,32,exact,0,2,6,3,0.78001,0.71005,0.21999000000000002,0.70868,172.4752,523,10.46,0
256,32,exact,0,2,6,4,0.73925,0.68711,0.26075000000000004,0.71417,172.4752,523,10.46,0
256,32,exact,0,2,7,0,0.80936,0.75019,0.19064000000000003,0.79161,203.9136,523,10.46,0
256,32,exact,0,2,7,1,0.80102,0.72052,0.19898000000000005,0.79873,201.1608,523,10.46,0
256,32,exact,0,2,7,2,0.7876,0.74919,0.21240000000000003,0.80448,223.5338,523,10.46,0
256,32,exact,0,2,7,3,0.74875,0.729,0.25125,0.81022,172.4752,523,10.46,0
256,32,exact,0,2,7,4,0.73174,0.7078,0.26826000000000005,0.81571,172.4752,523,10.46,0
256,32,exact,0,2,8,0,0.8252,0.71179,0.17479999999999996,0.90584,245.3129,523,10.46,0
256,32,exact,0,2,8,1,0.76699,0.70905,0.23301000000000005,0.91295,242.5602,523,10.46,0
256,32,exact,0,2,8,2,0.73887,0.70855,0.26113,0.9187,260.9378,523,10.46,0
256,32,exact,0,2,8,3,0.75158,0.7088,0.24841999999999997,0.92444,208.7138,523,10.46,0
256,32,exact,0,2,8,4,0.73485,0.72999,0.26515,0.92993,208.7138,523,10.46,0
256,32,trunc,1,0,8,0,0.53939,0.53478,0.46060999999999996,0.14498,6.8252,523,10.46,0
256,32,trunc,1,1,2,0,0.66746,0.47669,0.33253999999999995,0.25601,198.9702,523,10.46,0
256,32,trunc,1,1,2,1,0.65655,0.4555,0.34345000000000003,0.26312,196.2174,523,10.46,0
256,32,trunc,1,1,2,2,0.67184,0.49414,0.32816,0.26888,223.4734,523,10.46,0
256,32,trunc,1,1,2,3,0.67155,0.5278,0.32845,0.27461,185.6591,523,10.46,0
256,32,trunc,1,1,2,4,0.62471,0.455,0.37529,0.28011,185.6591,523,10.46,0
256,32,trunc,1,1,3,0,0.69143,0.49364,0.30857,0.37019,190.0608,523,10.46,0
256,32,trunc,1,1,3,1,0.65567,0.47569,0.34433,0.3773,187.3081,523,10.46,0
256,32,trunc,1,1,3,2,0.66523,0.51608,0.33477,0.38306,214.564,523,10.46,0
256,32,trunc,1,1,3,3,0.6339,0.50087,0.3661,0.38879,176.7497,523,10.46,0
256,32,trunc,1,1,3,4,0.56888,0.4717,0.43111999999999995,0.39429,176.7497,523,10.46,0
256,32,trunc,1,1,4,0,0.64999,0.48517,0.35001000000000004,0.47147,186.6334,523,10.46,0
256,32,trunc,1,1,4,1,0.64388,0.49339,0.35612,0.47858,183.8806,523,10.46,0
256,32,trunc,1,1,4,2,0.61675,0.49464,0.38325,0.48434,208.65,523,10.46,0
256,32,trunc,1,1,4,3,0.54148,0.50237,0.45852000000000004,0.49007,158.8496,523,10.46,0
256,32,trunc,1,1,4,4,0.53662,0.48866,0.46338,0.49557,158.8496,523,10.46,0
256,32,trunc,1,1,5,0,0.62383,0.48566,0.37617,0.58078,185.5885,523,10.46,0
256,32,trunc,1,1,5,1,0.57747,0.49464,0.42252999999999996,0.58789,182.8358,523,10.46,0
256,32,trunc,1,1,5,2,0.55221,0.49813,0.44779,0.59365,208.65,523,10.46,0
256,32,trunc,1,1,5,3,0.52006,0.49988,0.47994000000000003,0.59938,158.8496,523,10.46,0
256,32,trunc,1,1,5,4,0.50612,0.4899,0.49388,0.60488,158.8496,523,10.46,0
256,32,trunc,1,1,6,0,0.55472,0.49838,0.44528,0.68951,181.6597,523,10.46,0
256,32,trunc,1,1,6,1,0.53319,0.49713,0.46680999999999995,0.69662,178.9069,523,10.46,0
256,32,trunc,1,1,6,2,0.53023,0.49688,0.46977,0.70238,204.7212,523,10.46,0
256,32,trunc,1,1,6,3,0.51741,0.49988,0.48258999999999996,0.70811,154.9208,523,10.46,0
256,32,trunc,1,1,6,4,0.50612,0.4899,0.49388,0.71361,154.9208,523,10.46,0
256,32,trunc,1,1,7,0,0.51646,0.49713,0.48353999999999997,0.79105,181.6597,523,10.46,0
256,32,trunc,1,1,7,1,0.53389,0.49713,0.46611,0.79816,178.9069,523,10.46,0
256,32,trunc,1,1,7,2,0.53023,0.49688,0.46977,0.80392,204.7212,523,10.46,0
256,32,trunc,1,1,7,3,0.51741,0.49988,0.48258999999999996,0.80965,154.9208,523,10.46,0
256,32,trunc,1,1,7,4,0.50612,0.4899,0.49388,0.81515,154.9208,523,10.46,0
256,32,trunc,1,1,8,0,0.51646,0.49713,0.48353999999999997,0.90527,223.059,523,10.46,0
256,32,trunc,1,1,8,1,0.53389,0.49713,0.46611,0.91238,220.3063,523,10.46,0
256,32,trunc,1,1,8,2,0.53023,0.49688,0.46977,0.91814,242.1252,523,10.46,0
256,32,trunc,1,1,8,3,0.51741,0.49988,0.48258999999999996,0.92387,191.1594,523,10.46,0
256,32,trunc,1,1,8,4,0.50612,0.4899,0.49388,0.92937,191.1594,523,10.46,0
256,32,trunc,1,2,2,0,0.25976,0.31389,0.74024,0.25601,223.8298,523,10.46,0
256,32,trunc,1,2,2,1,0.34603,0.2745,0.6539699999999999,0.26312,221.0771,523,10.46,0
256,32,trunc,1,2,2,2,0.38519,0.42084,0.6148100000000001,0.26888,244.2305,523,10.46,0
256,32,trunc,1,2,2,3,0.44626,0.42807,0.55374,0.27461,205.158,523,10.46,0
256,32,trunc,1,2,2,4,0.41804,0.44503,0.58196,0.28011,205.158,523,10.46,0
256,32,trunc,1,2,3,0,0.39283,0.40937,0.60717,0.37019,214.9205,523,10.46,0
256,32,trunc,1,2,3,1,0.4753,0.54351,0.5246999999999999,0.3773,212.1677,523,10.46,0
256,32,trunc,1,2,3,2,0.54663,0.51783,0.45337000000000005,0.38306,235.3212,523,10.46,0
256,32,trunc,1,2,3,3,0.56906,0.53553,0.43094,0.38879,196.2487,523,10.46,0
256,32,trunc,1,2,3,4,0.55522,0.5819,0.44477999999999995,0.39429,196.2487,523,10.46,0
256,32,trunc,1,2,4,0,0.53366,0.50885,0.46634,0.47147,209.5485,523,10.46,0
256,32,trunc,1,2,4,1,0.57273,0.59387,0.42727000000000004,0.47858,206.7957,523,10.46,0
256,32,trunc,1,2,4,2,0.65267,0.66343,0.34733,0.48434,227.4626,523,10.46,0
256,32,trunc,1,2,4,3,0.66397,0.65046,0.33603000000000005,0.49007,176.404,523,10.46,0
256,32,trunc,1,2,4,4,0.65428,0.66343,0.34572,0.49557,176.404,523,10.46,0
256,32,trunc,1,2,5,0,0.65641,0.52755,0.34358999999999995,0.58078,208.5036,523,10.46,0
256,32,trunc,1,2,5,1,0.70035,0.68861,0.29964999999999997,0.58789,205.7509,523,10.46,0
256,32,trunc,1,2,5,2,0.67706,0.66068,0.32294,0.59365,227.4626,523,10.46,0
256,32,trunc,1,2,5,3,0.7121,0.68686,0.28790000000000004,0.59938,176.404,523,10.46,0
256,32,trunc,1,2,5,4,0.69359,0.65719,0.30640999999999996,0.60488,176.404,523,10.46,0
256,32,trunc,1,2,6,0,0.54419,0.47843,0.45581000000000005,0.68951,204.5748,523,10.46,0
256,32,trunc,1,2,6,1,0.69487,0.69409,0.30513,0.69662,201.822,523,10.46,0
256,32,trunc,1,2,6,2,0.72144,0.70805,0.27856000000000003,0.70238,223.5338,523,10.46,0
256,32,trunc,1,2,6,3,0.70459,0.68786,0.29540999999999995,0.70811,172.4752,523,10.46,0
256,32,trunc,1,2,6,4,0.62752,0.62603,0.37248000000000003,0.71361,172.4752,523,10.46,0
256,32,trunc,1,2,7,0,0.68504,0.63999,0.31496,0.79105,204.5748,523,10.46,0
256,32,trunc,1,2,7,1,0.75116,0.75492,0.24883999999999995,0.79816,201.822,523,10.46,0
256,32,trunc,1,2,7,2,0.68921,0.68487,0.31079,0.80392,223.5338,523,10.46,0
256,32,trunc,1,2,7,3,0.66128,0.6542,0.33872,0.80965,172.4752,523,10.46,0
256,32,trunc,1,2,7,4,0.61558,0.60833,0.38442,0.81515,172.4752,523,10.46,0
256,32,trunc,1,2,8,0,0.68879,0.70007,0.31121,0.90527,245.9741,523,10.46,0
256,32,trunc,1,2,8,1,0.66797,0.64149,0.33203000000000005,0.91238,243.2214,523,10.46,0
256,32,trunc,1,2,8,2,0.67035,0.63077,0.32965,0.91814,260.9378,523,10.46,0
256,32,trunc,1,2,8,3,0.61131,0.57143,0.38869,0.92387,208.7138,523,10.46,0
256,32,trunc,1,2,8,4,0.63012,0.64872,0.36988,0.92937,208.7138,523,10.46,0
256,32,satcomp,2,0,8,0,0.65105,0.66642,0.34895,0.14157,-12.9788,523,10.46,1
256,32,satcomp,2,1,2,0,0.78676,0.59885,0.21323999999999999,0.2526,154.5384,523,10.46,1
256,32,satcomp,2,1,2,1,0.78409,0.59038,0.21591000000000005,0.25971,144.5231,523,10.46,0
256,32,satcomp,2,1,2,2,0.77473,0.62877,0.22526999999999997,0.26547,164.0491,523,10.46,0
256,32,satcomp,2,1,2,3,0.78806,0.61406,0.21194000000000002,0.2712,120.6055,523,10.46,1
256,32,satcomp,2,1,2,4,0.73693,0.56096,0.26307,0.2767,120.6055,523,10.46,0
256,32,satcomp,2,1,3,0,0.80143,0.65844,0.19857000000000002,0.36678,145.6291,523,10.46,1
256,32,satcomp,2,1,3,1,0.78848,0.67091,0.21152000000000004,0.37389,135.6138,523,10.46,0
256,32,satcomp,2,1,3,2,0.76295,0.66916,0.23704999999999998,0.37965,155.1398,523,10.46,0
256,32,satcomp,2,1,3,3,0.75312,0.65171,0.24688,0.38538,111.6961,523,10.46,0
256,32,satcomp,2,1,3,4,0.70081,0.62304,0.29918999999999996,0.39088,111.6961,523,10.46,0
256,32,satcomp,2,1,4,0,0.7643,0.6537,0.23570000000000002,0.46806,142.2016,523,10.46,0
256,32,satcomp,2,1,4,1,0.78388,0.6714,0.21611999999999998,0.47517,132.1864,523,10.46,0
256,32,satcomp,2,1,4,2,0.73566,0.66392,0.26434,0.48092,149.2258,523,10.46,0
256,32,satcomp,2,1,4,3,0.69005,0.6537,0.30994999999999995,0.48666,93.796,523,10.46,0
256,32,satcomp,2,1,4,4,0.66768,0.63849,0.33231999999999995,0.49215,93.796,523,10.46,0
256,32,satcomp,2,1,5,0,0.77805,0.6537,0.22194999999999998,0.57737,141.1568,523,10.46,0
256,32,satcomp,2,1,5,1,0.7244,0.66318,0.27559999999999996,0.58448,131.1415,523,10.46,0
256,32,satcomp,2,1,5,2,0.68941,0.64124,0.31059000000000003,0.59024,149.2258,523,10.46,0
256,32,satcomp,2,1,5,3,0.6567,0.6562,0.34330000000000005,0.59597,93.796,523,10.46,0
256,32,satcomp,2,1,5,4,0.64315,0.63675,0.35685,0.60147,93.796,523,10.46,0
256,32,satcomp,2,1,6,0,0.70341,0.66367,0.29659,0.6861,134.1594,523,10.46,0
256,32,satcomp,2,1,6,1,0.65775,0.65295,0.34225000000000005,0.69321,124.1442,523,10.46,0
256,32,satcomp,2,1,6,2,0.66347,0.64747,0.33653,0.69896,142.2284,523,10.46,0
256,32,satcomp,2,1,6,3,0.65365,0.6562,0.34635000000000005,0.7047,86.7987,523,10.46,0
256,32,satcomp,2,1,6,4,0.64315,0.63675,0.35685,0.7102,86.7987,523,10.46,0
256,32,satcomp,2,1,7,0,0.65278,0.66093,0.34722,0.78764,134.1594,523,10.46,0
256,32,satcomp,2,1,7,1,0.64638,0.65295,0.35362000000000005,0.79475,124.1442,523,10.46,0
256,32,satcomp,2,1,7,2,0.66347,0.64747,0.33653,0.8005,142.2284,523,10.46,0
256,32,satcomp,2,1,7,3,0.65365,0.6562,0.34635000000000005,0.80624,86.7987,523,10.46,0
256,32,satcomp,2,1,7,4,0.64315,0.63675,0.35685,0.81173,86.7987,523,10.46,0
256,32,satcomp,2,1,8,0,0.65101,0.66093,0.34899,0.90186,174.058,523,10.46,0
256,32,satcomp,2,1,8,1,0.64638,0.65295,0.35362000000000005,0.90897,164.0427,523,10.46,0
256,32,satcomp,2,1,8,2,0.66347,0.64747,0.33653,0.91472,178.1317,523,10.46,0
256,32,satcomp,2,1,8,3,0.65365,0.6562,0.34635000000000005,0.92046,121.5365,523,10.46,0
256,32,satcomp,2,1,8,4,0.64315,0.63675,0.35685,0.92595,121.5365,523,10.46,0
256,32,satcomp,2,2,2,0,0.34262,0.32959,0.6573800000000001,0.2526,179.3981,523,10.46,0
256,32,satcomp,2,2,2,1,0.28254,0.33957,0.71746,0.25971,169.3828,523,10.46,0
256,32,satcomp,2,2,2,2,0.32456,0.38743,0.67544,0.26547,184.8063,523,10.46,0
256,32,satcomp,2,2,2,3,0.30182,0.34081,0.69818,0.2712,140.1044,523,10.46,0
256,32,satcomp,2,2,2,4,0.41084,0.43455,0.58916,0.2767,140.1044,523,10.46,0
256,32,satcomp,2,2,3,0,0.38393,0.34306,0.61607,0.36678,170.4887,523,10.46,0
256,32,satcomp,2,2,3,1,0.49344,0.47794,0.50656,0.37389,160.4735,523,10.46,0
256,32,satcomp,2,2,3,2,0.48267,0.44652,0.5173300000000001,0.37965,175.897,523,10.46,0
256,32,satcomp,2,2,3,3,0.52825,0.47694,0.47175,0.38538,131.1951,523,10.46,0
256,32,satcomp,2,2,3,4,0.56624,0.47569,0.43376000000000003,0.39088,131.1951,523,10.46,0
256,32,satcomp,2,2,4,0,0.51379,0.53204,0.48621000000000003,0.46806,165.1167,523,10.46,0
256,32,satcomp,2,2,4,1,0.53116,0.51409,0.46884000000000003,0.47517,155.1014,523,10.46,0
256,32,satcomp,2,2,4,2,0.57327,0.62902,0.42673000000000005,0.48092,168.0384,523,10.46,0
256,32,satcomp,2,2,4,3,0.60183,0.59661,0.39817,0.48666,111.3504,523,10.46,0
256,32,satcomp,2,2,4,4,0.63713,0.66417,0.36287,0.49215,111.3504,523,10.46,0
256,32,satcomp,2,2,5,0,0.60977,0.48517,0.39022999999999997,0.57737,164.0719,523,10.46,0
256,32,satcomp,2,2,5,1,0.6272,0.56819,0.3728,0.58448,154.0566,523,10.46,0
256,32,satcomp,2,2,5,2,0.64481,0.66966,0.35519,0.59024,168.0384,523,10.46,0
256,32,satcomp,2,2,5,3,0.72639,0.68013,0.27361,0.59597,111.3504,523,10.46,0
256,32,satcomp,2,2,5,4,0.7419,0.70107,0.2581,0.60147,111.3504,523,10.46,0
256,32,satcomp,2,2,6,0,0.70443,0.66766,0.29557,0.6861,157.0745,523,10.46,0
256,32,satcomp,2,2,6,1,0.75652,0.70855,0.24348000000000003,0.69321,147.0592,523,10.46,0
256,32,satcomp,2,2,6,2,0.75389,0.73972,0.24611000000000005,0.69896,161.041,523,10.46,0
256,32,satcomp,2,2,6,3,0.758,0.69359,0.242,0.7047,104.3531,523,10.46,0
256,32,satcomp,2,2,6,4,0.71469,0.70905,0.28530999999999995,0.7102,104.3531,523,10.46,0
256,32,satcomp,2,2,7,0,0.81288,0.77437,0.18711999999999995,0.78764,157.0745,523,10.46,0
256,32,satcomp,2,2,7,1,0.77186,0.74221,0.22814,0.79475,147.0592,523,10.46,0
256,32,satcomp,2,2,7,2,0.73631,0.70855,0.26369,0.8005,161.041,523,10.46,0
256,32,satcomp,2,2,7,3,0.73038,0.68088,0.26961999999999997,0.80624,104.3531,523,10.46,0
256,32,satcomp,2,2,7,4,0.71068,0.67614,0.28932,0.81173,104.3531,523,10.46,0
256,32,satcomp,2,2,8,0,0.79785,0.75143,0.20215000000000005,0.90186,196.9731,523,10.46,0
256,32,satcomp,2,2,8,1,0.76529,0.68736,0.23470999999999997,0.90897,186.9578,523,10.46,0
256,32,satcomp,2,2,8,2,0.74194,0.68237,0.25805999999999996,0.91472,196.9443,523,10.46,0
256,32,satcomp,2,2,8,3,0.72528,0.69384,0.27471999999999996,0.92046,139.0909,523,10.46,0
256,32,satcomp,2,2,8,4,0.74503,0.68861,0.25497000000000003,0.92595,139.0909,523,10.46,0
256,32,satcomp,3,0,8,0,0.65292,0.66766,0.34708000000000006,0.14555,-12.9788,523,10.46,1
256,32,satcomp,3,1,2,0,0.78762,0.6006,0.21238,0.25658,154.5384,523,10.46,1
256,32,satcomp,3,1,2,1,0.78409,0.59038,0.21591000000000005,0.26369,144.5231,523,10.46,0
256,32,satcomp,3,1,2,2,0.77473,0.62927,0.22526999999999997,0.26944,164.0491,523,10.46,0
256,32,satcomp,3,1,2,3,0.78891,0.61456,0.21109,0.27518,120.6055,523,10.46,1
256,32,satcomp,3,1,2,4,0.73677,0.56195,0.26322999999999996,0.28068,120.6055,523,10.46,0
256,32,satcomp,3,1,3,0,0.80143,0.65819,0.19857000000000002,0.37076,145.6291,523,10.46,0
256,32,satcomp,3,1,3,1,0.78848,0.67066,0.21152000000000004,0.37787,135.6138,523,10.46,0
256,32,satcomp,3,1,3,2,0.76389,0.66966,0.23611000000000004,0.38362,155.1398,523,10.46,0
256,32,satcomp,3,1,3,3,0.75312,0.65246,0.24688,0.38936,111.6961,523,10.46,0
256,32,satcomp,3,1,3,4,0.69824,0.62304,0.30176000000000003,0.39486,111.6961,523,10.46,0
256,32,satcomp,3,1,4,0,0.7643,0.65445,0.23570000000000002,0.47203,142.2016,523,10.46,0
256,32,satcomp,3,1,4,1,0.78388,0.67115,0.21611999999999998,0.47915,132.1864,523,10.46,0
256,32,satcomp,3,1,4,2,0.73746,0.66417,0.26254,0.4849,149.2258,523,10.46,0
256,32,satcomp,3,1,4,3,0.68919,0.65395,0.31081000000000003,0.49064,93.796,523,10.46,0
256,32,satcomp,3,1,4,4,0.66861,0.63849,0.33138999999999996,0.49613,93.796,523,10.46,0
256,32,satcomp,3,1,5,0,0.77805,0.6547,0.22194999999999998,0.58135,141.1568,523,10.46,0
256,32,satcomp,3,1,5,1,0.7244,0.66343,0.27559999999999996,0.58846,131.1415,523,10.46,0
256,32,satcomp,3,1,5,2,0.68941,0.64174,0.31059000000000003,0.59421,149.2258,523,10.46,0
256,32,satcomp,3,1,5,3,0.6567,0.65694,0.34330000000000005,0.59995,93.796,523,10.46,0
256,32,satcomp,3,1,5,4,0.64409,0.63675,0.35590999999999995,0.60545,93.796,523,10.46,0
256,32,satcomp,3,1,6,0,0.70341,0.66442,0.29659,0.69008,134.1594,523,10.46,0
256,32,satcomp,3,1,6,1,0.65775,0.6532,0.34225000000000005,0.69719,124.1442,523,10.46,0
256,32,satcomp,3,1,6,2,0.66347,0.64797,0.33653,0.70294,142.2284,523,10.46,0
256,32,satcomp,3,1,6,3,0.65365,0.65694,0.34635000000000005,0.70868,86.7987,523,10.46,0
256,32,satcomp,3,1,6,4,0.64409,0.63675,0.35590999999999995,0.71417,86.7987,523,10.46,0
256,32,satcomp,3,1,7,0,0.65278,0.66243,0.34722,0.79161,134.1594,523,10.46,0
256,32,satcomp,3,1,7,1,0.64638,0.6532,0.35362000000000005,0.79873,124.1442,523,10.46,0
256,32,satcomp,3,1,7,2,0.66347,0.64797,0.33653,0.80448,142.2284,523,10.46,0
256,32,satcomp,3,1,7,3,0.65365,0.65694,0.34635000000000005,0.81022,86.7987,523,10.46,0
256,32,satcomp,3,1,7,4,0.64409,0.63675,0.35590999999999995,0.81571,86.7987,523,10.46,0
256,32,satcomp,3,1,8,0,0.65101,0.66243,0.34899,0.90584,174.058,523,10.46,0
256,32,satcomp,3,1,8,1,0.64638,0.6532,0.35362000000000005,0.91295,164.0427,523,10.46,0
256,32,satcomp,3,1,8,2,0.66347,0.64797,0.33653,0.9187,178.1317,523,10.46,0
256,32,satcomp,3,1,8,3,0.65365,0.65694,0.34635000000000005,0.92444,121.5365,523,10.46,0
256,32,satcomp,3,1,8,4,0.64409,0.63675,0.35590999999999995,0.92993,121.5365,523,10.46,0
256,32,satcomp,3,2,2,0,0.36114,0.31488,0.63886,0.25658,179.3981,523,10.46,0
256,32,satcomp,3,2,2,1,0.33791,0.29319,0.6620900000000001,0.26369,169.3828,523,10.46,0
256,32,satcomp,3,2,2,2,0.36493,0.33283,0.63507,0.26944,184.8063,523,10.46,0
256,32,satcomp,3,2,2,3,0.38656,0.40613,0.61344,0.27518,140.1044,523,10.46,0
256,32,satcomp,3,2,2,4,0.47784,0.45251,0.52216,0.28068,140.1044,523,10.46,0
256,32,satcomp,3,2,3,0,0.4004,0.38943,0.5996,0.37076,170.4887,523,10.46,0
256,32,satcomp,3,2,3,1,0.4652,0.50337,0.5347999999999999,0.37787,160.4735,523,10.46,0
256,32,satcomp,3,2,3,2,0.51197,0.53378,0.48802999999999996,0.38362,175.897,523,10.46,0
256,32,satcomp,3,2,3,3,0.61922,0.55572,0.38078,0.38936,131.1951,523,10.46,0
256,32,satcomp,3,2,3,4,0.63822,0.5804,0.36178,0.39486,131.1951,523,10.46,0
256,32,satcomp,3,2,4,0,0.48052,0.45201,0.5194799999999999,0.47203,165.1167,523,10.46,0
256,32,satcomp,3,2,4,1,0.60865,0.62802,0.39135,0.47915,155.1014,523,10.46,0
256,32,satcomp,3,2,4,2,0.67577,0.59162,0.32423,0.4849,168.0384,523,10.46,0
256,32,satcomp,3,2,4,3,0.66987,0.65345,0.33013000000000003,0.49064,111.3504,523,10.46,0
256,32,satcomp,3,2,4,4,0.67518,0.6537,0.32482,0.49613,111.3504,523,10.46,0
256,32,satcomp,3,2,5,0,0.58893,0.59985,0.41107000000000005,0.58135,164.0719,523,10.46,0
256,32,satcomp,3,2,5,1,0.69697,0.6906,0.30303,0.58846,154.0566,523,10.46,0
256,32,satcomp,3,2,5,2,0.69328,0.6906,0.30672,0.59421,168.0384,523,10.46,0
256,32,satcomp,3,2,5,3,0.7705,0.76141,0.22950000000000004,0.59995,111.3504,523,10.46,0
256,32,satcomp,3,2,5,4,0.69418,0.728,0.30582,0.60545,111.3504,523,10.46,0
256,32,satcomp,3,2,6,0,0.69355,0.67764,0.30645,0.69008,157.0745,523,10.46,0
256,32,satcomp,3,2,6,1,0.78435,0.72825,0.21565,0.69719,147.0592,523,10.46,0
256,32,satcomp,3,2,6,2,0.77728,0.75318,0.22272000000000003,0.70294,161.041,523,10.46,0
256,32,satcomp,3,2,6,3,0.78001,0.71005,0.21999000000000002,0.70868,104.3531,523,10.46,0
256,32,satcomp,3,2,6,4,0.73925,0.68711,0.26075000000000004,0.71417,104.3531,523,10.46,0
256,32,satcomp,3,2,7,0,0.80936,0.75019,0.19064000000000003,0.79161,157.0745,523,10.46,0
256,32,satcomp,3,2,7,1,0.80102,0.72052,0.19898000000000005,0.79873,147.0592,523,10.46,0
256,32,satcomp,3,2,7,2,0.7876,0.74919,0.21240000000000003,0.80448,161.041,523,10.46,0
256,32,satcomp,3,2,7,3,0.74875,0.729,0.25125,0.81022,104.3531,523,10.46,0
256,32,satcomp,3,2,7,4,0.73174,0.7078,0.26826000000000005,0.81571,104.3531,523,10.46,0
256,32,satcomp,3,2,8,0,0.8252,0.71179,0.17479999999999996,0.90584,196.9731,523,10.46,0
256,32,satcomp,3,2,8,1,0.76699,0.70905,0.23301000000000005,0.91295,186.9578,523,10.46,0
256,32,satcomp,3,2,8,2,0.73887,0.70855,0.26113,0.9187,196.9443,523,10.46,0
256,32,satcomp,3,2,8,3,0.75158,0.7088,0.24841999999999997,0.92444,139.0909,523,10.46,0
256,32,satcomp,3,2,8,4,0.73485,0.72999,0.26515,0.92993,139.0909,523,10.46,0
256,32,sampled,4,0,8,0,0.56617,0.55647,0.43383000000000005,0.14555,13.4587,267,5.34,1
256,32,sampled,4,1,2,0,0.72158,0.53129,0.27842,0.25658,205.6036,267,5.34,1
256,32,sampled,4,1,2,1,0.74007,0.53628,0.25993,0.26369,202.8509,267,5.34,1
256,32,sampled,4,1,2,2,0.71216,0.52082,0.28784,0.26944,230.768,267,5.34,0
256,32,sampled,4,1,2,3,0.71614,0.52007,0.28386,0.27518,192.9537,267,5.34,0
256,32,sampled,4,1,2,4,0.66502,0.547,0.33498000000000006,0.28068,192.9537,267,5.34,0
256,32,sampled,4,1,3,0,0.75089,0.55622,0.24911000000000005,0.37076,196.6943,267,5.34,0
256,32,sampled,4,1,3,1,0.72126,0.5824,0.27874,0.37787,193.9415,267,5.34,0
256,32,sampled,4,1,3,2,0.70905,0.59137,0.29095000000000004,0.38362,221.8586,267,5.34,0
256,32,sampled,4,1,3,3,0.68037,0.56146,0.31962999999999997,0.38936,184.0444,267,5.34,0
256,32,sampled,4,1,3,4,0.63075,0.5455,0.36924999999999997,0.39486,184.0444,267,5.34,0
256,32,sampled,4,1,4,0,0.72481,0.54525,0.27519000000000005,0.47203,197.3056,267,5.34,0
256,32,sampled,4,1,4,1,0.70818,0.55497,0.29181999999999997,0.47915,194.5529,267,5.34,0
256,32,sampled,4,1,4,2,0.67458,0.57068,0.32542000000000004,0.4849,219.9834,267,5.34,0
256,32,sampled,4,1,4,3,0.63176,0.57342,0.36824,0.49064,170.1831,267,5.34,0
256,32,sampled,4,1,4,4,0.58387,0.5637,0.41613,0.49613,170.1831,267,5.34,0
256,32,sampled,4,1,5,0,0.67121,0.55148,0.32879,0.58135,196.2608,267,5.34,0
256,32,sampled,4,1,5,1,0.66855,0.55647,0.33145,0.58846,193.5081,267,5.34,0
256,32,sampled,4,1,5,2,0.61457,0.56096,0.38543000000000005,0.59421,219.9834,267,5.34,0
256,32,sampled,4,1,5,3,0.58777,0.55323,0.41223,0.59995,170.1831,267,5.34,0
256,32,sampled,4,1,5,4,0.5657,0.56021,0.4343,0.60545,170.1831,267,5.34,0
256,32,sampled,4,1,6,0,0.63707,0.54899,0.36293,0.69008,192.3319,267,5.34,0
256,32,sampled,4,1,6,1,0.58831,0.56171,0.41169,0.69719,189.5792,267,5.34,0
256,32,sampled,4,1,6,2,0.58195,0.55996,0.41805000000000003,0.70294,216.0546,267,5.34,0
256,32,sampled,4,1,6,3,0.58068,0.55323,0.41932,0.70868,166.2542,267,5.34,0
256,32,sampled,4,1,6,4,0.5657,0.56021,0.4343,0.71417,166.2542,267,5.34,0
256,32,sampled,4,1,7,0,0.58242,0.54924,0.41757999999999995,0.79161,192.3319,267,5.34,0
256,32,sampled,4,1,7,1,0.58033,0.56171,0.41967,0.79873,189.5792,267,5.34,0
256,32,sampled,4,1,7,2,0.58195,0.55996,0.41805000000000003,0.80448,216.0546,267,5.34,0
256,32,sampled,4,1,7,3,0.58068,0.55323,0.41932,0.81022,166.2542,267,5.34,0
256,32,sampled,4,1,7,4,0.5657,0.56021,0.4343,0.81571,166.2542,267,5.34,0
256,32,sampled,4,1,8,0,0.57621,0.54924,0.42379,0.90584,233.7313,267,5.34,0
256,32,sampled,4,1,8,1,0.58033,0.56171,0.41967,0.91295,230.9786,267,5.34,0
256,32,sampled,4,1,8,2,0.58195,0.55996,0.41805000000000003,0.9187,253.4587,267,5.34,0
256,32,sampled,4,1,8,3,0.58068,0.55323,0.41932,0.92444,202.4928,267,5.34,0
256,32,sampled,4,1,8,4,0.5657,0.56021,0.4343,0.92993,202.4928,267,5.34,0
256,32,sampled,4,2,2,0,0.28674,0.34131,0.71326,0.25658,230.4633,267,5.34,0
256,32,sampled,4,2,2,1,0.28429,0.40588,0.7157100000000001,0.26369,227.7105,267,5.34,0
256,32,sampled,4,2,2,2,0.37295,0.32885,0.62705,0.26944,251.5252,267,5.34,0
256,32,sampled,4,2,2,3,0.33199,0.4176,0.66801,0.27518,212.4527,267,5.34,0
256,32,sampled,4,2,2,4,0.44914,0.41785,0.55086,0.28068,212.4527,267,5.34,0
256,32,sampled,4,2,3,0,0.45264,0.38095,0.5473600000000001,0.37076,221.5539,267,5.34,0
256,32,sampled,4,2,3,1,0.42218,0.46622,0.57782,0.37787,218.8012,267,5.34,0
256,32,sampled,4,2,3,2,0.49497,0.46098,0.50503,0.38362,242.6158,267,5.34,0
256,32,sampled,4,2,3,3,0.48744,0.54176,0.51256,0.38936,203.5433,267,5.34,0
256,32,sampled,4,2,3,4,0.5198,0.50386,0.48019999999999996,0.39486,203.5433,267,5.34,0
256,32,sampled,4,2,4,0,0.5386,0.51808,0.46140000000000003,0.47203,220.2207,267,5.34,0
256,32,sampled,4,2,4,1,0.55737,0.50586,0.44262999999999997,0.47915,217.468,267,5.34,0
256,32,sampled,4,2,4,2,0.61082,0.56894,0.38917999999999997,0.4849,238.7961,267,5.34,0
256,32,sampled,4,2,4,3,0.63891,0.56046,0.36109,0.49064,187.7375,267,5.34,0
256,32,sampled,4,2,4,4,0.62869,0.58015,0.37131000000000003,0.49613,187.7375,267,5.34,0
256,32,sampled,4,2,5,0,0.58122,0.54849,0.41878000000000004,0.58135,219.1759,267,5.34,0
256,32,sampled,4,2,5,1,0.63377,0.64697,0.36623000000000006,0.58846,216.4231,267,5.34,0
256,32,sampled,4,2,5,2,0.65101,0.63351,0.34899,0.59421,238.7961,267,5.34,0
256,32,sampled,4,2,5,3,0.65101,0.6173,0.34899,0.59995,187.7375,267,5.34,0
256,32,sampled,4,2,5,4,0.63351,0.65295,0.36649,0.60545,187.7375,267,5.34,0
256,32,sampled,4,2,6,0,0.65451,0.55448,0.34548999999999996,0.69008,215.247,267,5.34,0
256,32,sampled,4,2,6,1,0.66799,0.65221,0.33201,0.69719,212.4943,267,5.34,0
256,32,sampled,4,2,6,2,0.68724,0.66118,0.31276000000000004,0.70294,234.8672,267,5.34,0
256,32,sampled,4,2,6,3,0.67875,0.64971,0.32125000000000004,0.70868,183.8086,267,5.34,0
256,32,sampled,4,2,6,4,0.69465,0.62877,0.30535,0.71417,183.8086,267,5.34,0
256,32,sampled,4,2,7,0,0.65571,0.64273,0.34429,0.79161,215.247,267,5.34,0
256,32,sampled,4,2,7,1,0.69217,0.62703,0.30783000000000005,0.79873,212.4943,267,5.34,0
256,32,sampled,4,2,7,2,0.65922,0.63899,0.34077999999999997,0.80448,234.8672,267,5.34,0
256,32,sampled,4,2,7,3,0.67525,0.67664,0.32475,0.81022,183.8086,267,5.34,0
256,32,sampled,4,2,7,4,0.65263,0.63376,0.34736999999999996,0.81571,183.8086,267,5.34,0
256,32,sampled,4,2,8,0,0.68973,0.67963,0.31027000000000005,0.90584,256.6464,267,5.34,0
256,32,sampled,4,2,8,1,0.69583,0.66343,0.30417000000000005,0.91295,253.8936,267,5.34,0
256,32,sampled,4,2,8,2,0.66401,0.63725,0.33599,0.9187,272.2713,267,5.34,0
256,32,sampled,4,2,8,3,0.6399,0.56943,0.3601,0.92444,220.0472,267,5.34,0
256,32,sampled,4,2,8,4,0.63266,0.62553,0.36734,0.92993,220.0472,267,5.34,0
256,64,exact,0,0,8,0,0.65292,0.66766,0.34708000000000006,0.21165,16.6757,263,5.26,0
256,64,exact,0,1,2,0,0.78762,0.6006,0.21238,0.35111,209.9527,263,5.26,0
256,64,exact,0,1,2,1,0.78409,0.59038,0.21591000000000005,0.36375,207.2,263,5.26,0
256,64,exact,0,1,2,2,0.77473,0.62927,0.22526999999999997,0.37553,255.908,263,5.26,0
256,64,exact,0,1,2,3,0.78891,0.61456,0.21109,0.38609,222.7623,263,5.26,0
256,64,exact,0,1,2,4,0.73677,0.56195,0.26322999999999996,0.39894,222.7623,263,5.26,0
256,64,exact,0,1,3,0,0.80143,0.65819,0.19857000000000002,0.49667,201.0434,263,5.26,0
256,64,exact,0,1,3,1,0.78848,0.67066,0.21152000000000004,0.50931,198.2906,263,5.26,0
256,64,exact,0,1,3,2,0.76389,0.66966,0.23611000000000004,0.52109,246.9987,263,5.26,0
256,64,exact,0,1,3,3,0.75312,0.65246,0.24688,0.53165,213.8529,263,5.26,0
256,64,exact,0,1,3,4,0.69824,0.62304,0.30176000000000003,0.5445,213.8529,263,5.26,0
256,64,exact,0,1,4,0,0.7643,0.65445,0.23570000000000002,0.61703,194.8765,263,5.26,0
256,64,exact,0,1,4,1,0.78388,0.67115,0.21611999999999998,0.62967,192.1238,263,5.26,0
256,64,exact,0,1,4,2,0.73746,0.66417,0.26254,0.64145,238.3452,263,5.26,0
256,64,exact,0,1,4,3,0.68919,0.65395,0.31081000000000003,0.65201,193.2134,263,5.26,0
256,64,exact,0,1,4,4,0.66861,0.63849,0.33138999999999996,0.66486,193.2134,263,5.26,0
256,64,exact,0,1,5,0,0.77805,0.6547,0.22194999999999998,0.7533,193.8317,263,5.26,0
256,64,exact,0,1,5,1,0.7244,0.66343,0.27559999999999996,0.76594,191.0789,263,5.26,0
256,64,exact,0,1,5,2,0.68941,0.64174,0.31059000000000003,0.77772,238.3452,263,5.26,0
256,64,exact,0,1,5,3,0.6567,0.65694,0.34330000000000005,0.78828,193.2134,263,5.26,0
256,64,exact,0,1,5,4,0.64409,0.63675,0.35590999999999995,0.80113,193.2134,263,5.26,0
256,64,exact,0,1,6,0,0.70341,0.66442,0.29659,0.88808,189.9028,263,5.26,0
256,64,exact,0,1,6,1,0.65775,0.6532,0.34225000000000005,0.90072,187.1501,263,5.26,0
256,64,exact,0,1,6,2,0.66347,0.64797,0.33653,0.9125,234.4164,263,5.26,0
256,64,exact,0,1,6,3,0.65365,0.65694,0.34635000000000005,0.92306,189.2845,263,5.26,0
256,64,exact,0,1,6,4,0.64409,0.63675,0.35590999999999995,0.93591,189.2845,263,5.26,0
256,64,exact,0,1,7,0,0.65278,0.66243,0.34722,1.0081,189.9028,263,5.26,0
256,64,exact,0,1,7,1,0.64638,0.6532,0.35362000000000005,1.02074,187.1501,263,5.26,0
256,64,exact,0,1,7,2,0.66347,0.64797,0.33653,1.03252,234.4164,263,5.26,0
256,64,exact,0,1,7,3,0.65365,0.65694,0.34635000000000005,1.04307,189.2845,263,5.26,0
256,64,exact,0,1,7,4,0.64409,0.63675,0.35590999999999995,1.05592,189.2845,263,5.26,0
256,64,exact,0,1,8,0,0.65101,0.66243,0.34899,1.15261,218.5846,263,5.26,0
256,64,exact,0,1,8,1,0.64638,0.6532,0.35362000000000005,1.16525,215.8318,263,5.26,0
256,64,exact,0,1,8,2,0.66347,0.64797,0.33653,1.17703,259.1028,263,5.26,0
256,64,exact,0,1,8,3,0.65365,0.65694,0.34635000000000005,1.18759,212.8055,263,5.26,0
256,64,exact,0,1,8,4,0.64409,0.63675,0.35590999999999995,1.20044,212.8055,263,5.26,0
256,64,exact,0,2,2,0,0.36114,0.31488,0.63886,0.35111,230.8809,263,5.26,0
256,64,exact,0,2,2,1,0.31085,0.30616,0.6891499999999999,0.36375,228.1282,263,5.26,0
256,64,exact,0,2,2,2,0.32305,0.3999,0.6769499999999999,0.37553,272.7337,263,5.26,0
256,64,exact,0,2,2,3,0.51526,0.42134,0.48473999999999995,0.38609,238.3298,263,5.26,0
256,64,exact,0,2,2,4,0.51981,0.56619,0.48019,0.39894,238.3298,263,5.26,0
256,64,exact,0,2,3,0,0.4004,0.38943,0.5996,0.49667,221.9716,263,5.26,0
256,64,exact,0,2,3,1,0.49808,0.40115,0.5019199999999999,0.50931,219.2188,263,5.26,0
256,64,exact,0,2,3,2,0.57253,0.54824,0.42747,0.52109,263.8244,263,5.26,0
256,64,exact,0,2,3,3,0.55072,0.55024,0.44928,0.53165,229.4204,263,5.26,0
256,64,exact,0,2,3,4,0.57649,0.59437,0.42351000000000005,0.5445,229.4204,263,5.26,0
256,64,exact,0,2,4,0,0.48052,0.45201,0.5194799999999999,0.61703,213.8601,263,5.26,0
256,64,exact,0,2,4,1,0.64564,0.60234,0.35436,0.62967,211.1074,263,5.26,0
256,64,exact,0,2,4,2,0.6276,0.59935,0.37239999999999995,0.64145,253.2264,263,5.26,0
256,64,exact,0,2,4,3,0.68744,0.65046,0.31255999999999995,0.65201,206.8363,263,5.26,0
256,64,exact,0,2,4,4,0.66324,0.6921,0.33675999999999995,0.66486,206.8363,263,5.26,0
256,64,exact,0,2,5,0,0.58893,0.59985,0.41107000000000005,0.7533,212.8153,263,5.26,0
256,64,exact,0,2,5,1,0.65371,0.69559,0.34629,0.76594,210.0625,263,5.26,0
256,64,exact,0,2,5,2,0.71361,0.70332,0.28639000000000003,0.77772,253.2264,263,5.26,0
256,64,exact,0,2,5,3,0.76847,0.76141,0.23153,0.78828,206.8363,263,5.26,0
256,64,exact,0,2,5,4,0.69418,0.728,0.30582,0.80113,206.8363,263,5.26,0
256,64,exact,0,2,6,0,0.69355,0.67764,0.30645,0.88808,208.8864,263,5.26,0
256,64,exact,0,2,6,1,0.78435,0.72825,0.21565,0.90072,206.1337,263,5.26,0
256,64,exact,0,2,6,2,0.77728,0.75318,0.22272000000000003,0.9125,249.2975,263,5.26,0
256,64,exact,0,2,6,3,0.78001,0.71005,0.21999000000000002,0.92306,202.9075,263,5.26,0
256,64,exact,0,2,6,4,0.73925,0.68711,0.26075000000000004,0.93591,202.9075,263,5.26,0
256,64,exact,0,2,7,0,0.80936,0.75019,0.19064000000000003,1.0081,208.8864,263,5.26,0
256,64,exact,0,2,7,1,0.80102,0.72052,0.19898000000000005,1.02074,206.1337,263,5.26,0
256,64,exact,0,2,7,2,0.7876,0.74919,0.21240000000000003,1.03252,249.2975,263,5.26,0
256,64,exact,0,2,7,3,0.74875,0.729,0.25125,1.04307,202.9075,263,5.26,0
256,64,exact,0,2,7,4,0.73174,0.7078,0.26826000000000005,1.05592,202.9075,263,5.26,0
256,64,exact,0,2,8,0,0.8252,0.71179,0.17479999999999996,1.15261,237.5682,263,5.26,0
256,64,exact,0,2,8,1,0.76699,0.70905,0.23301000000000005,1.16525,234.8154,263,5.26,0
256,64,exact,0,2,8,2,0.73887,0.70855,0.26113,1.17703,273.984,263,5.26,0
256,64,exact,0,2,8,3,0.75158,0.7088,0.24841999999999997,1.18759,226.4285,263,5.26,0
256,64,exact,0,2,8,4,0.73485,0.72999,0.26515,1.20044,226.4285,263,5.26,0
256,64,trunc,1,0,8,0,0.53939,0.53478,0.46060999999999996,0.20793,17.3368,263,5.26,0
256,64,trunc,1,1,2,0,0.66746,0.47669,0.33253999999999995,0.3474,210.6139,263,5.26,0
256,64,trunc,1,1,2,1,0.65655,0.4555,0.34345000000000003,0.36004,207.8612,263,5.26,0
256,64,trunc,1,1,2,2,0.67184,0.49414,0.32816,0.37182,255.908,263,5.26,0
256,64,trunc,1,1,2,3,0.67155,0.5278,0.32845,0.38237,222.7623,263,5.26,0
256,64,trunc,1,1,2,4,0.62471,0.455,0.37529,0.39522,222.7623,263,5.26,0
256,64,trunc,1,1,3,0,0.69143,0.49364,0.30857,0.49296,201.7046,263,5.26,0
256,64,trunc,1,1,3,1,0.65567,0.47569,0.34433,0.5056,198.9518,263,5.26,0
256,64,trunc,1,1,3,2,0.66523,0.51608,0.33477,0.51738,246.9987,263,5.26,0
256,64,trunc,1,1,3,3,0.6339,0.50087,0.3661,0.52793,213.8529,263,5.26,0
256,64,trunc,1,1,3,4,0.56888,0.4717,0.43111999999999995,0.54078,213.8529,263,5.26,0
256,64,trunc,1,1,4,0,0.64999,0.48517,0.35001000000000004,0.61332,195.5377,263,5.26,0
256,64,trunc,1,1,4,1,0.64388,0.49339,0.35612,0.62596,192.7849,263,5.26,0
256,64,trunc,1,1,4,2,0.61675,0.49464,0.38325,0.63774,238.3452,263,5.26,0
256,64,trunc,1,1,4,3,0.54148,0.50237,0.45852000000000004,0.64829,193.2134,263,5.26,0
256,64,trunc,1,1,4,4,0.53662,0.48866,0.46338,0.66114,193.2134,263,5.26,0
256,64,trunc,1,1,5,0,0.62383,0.48566,0.37617,0.74959,194.4928,263,5.26,0
256,64,trunc,1,1,5,1,0.57747,0.49464,0.42252999999999996,0.76223,191.7401,263,5.26,0
256,64,trunc,1,1,5,2,0.55221,0.49813,0.44779,0.77401,238.3452,263,5.26,0
256,64,trunc,1,1,5,3,0.52006,0.49988,0.47994000000000003,0.78457,193.2134,263,5.26,0
256,64,trunc,1,1,5,4,0.50612,0.4899,0.49388,0.79742,193.2134,263,5.26,0
256,64,trunc,1,1,6,0,0.55472,0.49838,0.44528,0.88436,190.564,263,5.26,0
256,64,trunc,1,1,6,1,0.53319,0.49713,0.46680999999999995,0.89701,187.8112,263,5.26,0
256,64,trunc,1,1,6,2,0.53023,0.49688,0.46977,0.90879,234.4164,263,5.26,0
256,64,trunc,1,1,6,3,0.51741,0.49988,0.48258999999999996,0.91934,189.2845,263,5.26,0
256,64,trunc,1,1,6,4,0.50612,0.4899,0.49388,0.93219,189.2845,263,5.26,0
256,64,trunc,1,1,7,0,0.51646,0.49713,0.48353999999999997,1.00438,190.564,263,5.26,0
256,64,trunc,1,1,7,1,0.53389,0.49713,0.46611,1.01702,187.8112,263,5.26,0
256,64,trunc,1,1,7,2,0.53023,0.49688,0.46977,1.0288,234.4164,263,5.26,0
256,64,trunc,1,1,7,3,0.51741,0.49988,0.48258999999999996,1.03936,189.2845,263,5.26,0
256,64,trunc,1,1,7,4,0.50612,0.4899,0.49388,1.05221,189.2845,263,5.26,0
256,64,trunc,1,1,8,0,0.51646,0.49713,0.48353999999999997,1.14889,219.2457,263,5.26,0
256,64,trunc,1,1,8,1,0.53389,0.49713,0.46611,1.16153,216.493,263,5.26,0
256,64,trunc,1,1,8,2,0.53023,0.49688,0.46977,1.17331,259.1028,263,5.26,0
256,64,trunc,1,1,8,3,0.51741,0.49988,0.48258999999999996,1.18387,212.8055,263,5.26,0
256,64,trunc,1,1,8,4,0.50612,0.4899,0.49388,1.19672,212.8055,263,5.26,0
256,64,trunc,1,2,2,0,0.25976,0.31389,0.74024,0.3474,231.5421,263,5.26,0
256,64,trunc,1,2,2,1,0.34603,0.2745,0.6539699999999999,0.36004,228.7893,263,5.26,0
256,64,trunc,1,2,2,2,0.38519,0.42084,0.6148100000000001,0.37182,272.7337,263,5.26,0
256,64,trunc,1,2,2,3,0.44626,0.42807,0.55374,0.38237,238.3298,263,5.26,0
256,64,trunc,1,2,2,4,0.41804,0.44503,0.58196,0.39522,238.3298,263,5.26,0
256,64,trunc,1,2,3,0,0.39283,0.40937,0.60717,0.49296,222.6327,263,5.26,0
256,64,trunc,1,2,3,1,0.4753,0.54351,0.5246999999999999,0.5056,219.88,263,5.26,0
256,64,trunc,1,2,3,2,0.54663,0.51783,0.45337000000000005,0.51738,263.8244,263,5.26,0
256,64,trunc,1,2,3,3,0.56906,0.53553,0.43094,0.52793,229.4204,263,5.26,0
256,64,trunc,1,2,3,4,0.55522,0.5819,0.44477999999999995,0.54078,229.4204,263,5.26,0
256,64,trunc,1,2,4,0,0.53366,0.50885,0.46634,0.61332,214.5213,263,5.26,0
256,64,trunc,1,2,4,1,0.57273,0.59387,0.42727000000000004,0.62596,211.7685,263,5.26,0
256,64,trunc,1,2,4,2,0.65267,0.66343,0.34733,0.63774,253.2264,263,5.26,0
256,64,trunc,1,2,4,3,0.66397,0.65046,0.33603000000000005,0.64829,206.8363,263,5.26,0
256,64,trunc,1,2,4,4,0.65428,0.66343,0.34572,0.66114,206.8363,263,5.26,0
256,64,trunc,1,2,5,0,0.65641,0.52755,0.34358999999999995,0.74959,213.4764,263,5.26,0
256,64,trunc,1,2,5,1,0.70035,0.68861,0.29964999999999997,0.76223,210.7237,263,5.26,0
256,64,trunc,1,2,5,2,0.67706,0.66068,0.32294,0.77401,253.2264,263,5.26,0
256,64,trunc,1,2,5,3,0.7121,0.68686,0.28790000000000004,0.78457,206.8363,263,5.26,0
256,64,trunc,1,2,5,4,0.69359,0.65719,0.30640999999999996,0.79742,206.8363,263,5.26,0
256,64,trunc,1,2,6,0,0.54419,0.47843,0.45581000000000005,0.88436,209.5476,263,5.26,0
256,64,trunc,1,2,6,1,0.69487,0.69409,0.30513,0.89701,206.7948,263,5.26,0
256,64,trunc,1,2,6,2,0.72144,0.70805,0.27856000000000003,0.90879,249.2975,263,5.26,0
256,64,trunc,1,2,6,3,0.70459,0.68786,0.29540999999999995,0.91934,202.9075,263,5.26,0
256,64,trunc,1,2,6,4,0.62752,0.62603,0.37248000000000003,0.93219,202.9075,263,5.26,0
256,64,trunc,1,2,7,0,0.68504,0.63999,0.31496,1.00438,209.5476,263,5.26,0
256,64,trunc,1,2,7,1,0.75116,0.75492,0.24883999999999995,1.01702,206.7948,263,5.26,0
256,64,trunc,1,2,7,2,0.68921,0.68487,0.31079,1.0288,249.2975,263,5.26,0
256,64,trunc,1,2,7,3,0.66128,0.6542,0.33872,1.03936,202.9075,263,5.26,0
256,64,trunc,1,2,7,4,0.61558,0.60833,0.38442,1.05221,202.9075,263,5.26,0
256,64,trunc,1,2,8,0,0.68879,0.70007,0.31121,1.14889,238.2293,263,5.26,0
256,64,trunc,1,2,8,1,0.66797,0.64149,0.33203000000000005,1.16153,235.4766,263,5.26,0
256,64,trunc,1,2,8,2,0.67035,0.63077,0.32965,1.17331,273.984,263,5.26,0
256,64,trunc,1,2,8,3,0.61131,0.57143,0.38869,1.18387,226.4285,263,5.26,0
256,64,trunc,1,2,8,4,0.63012,0.64872,0.36988,1.19672,226.4285,263,5.26,0
256,64,satcomp,2,0,8,0,0.65105,0.66642,0.34895,0.20159,-0.7108,263,5.26,1
256,64,satcomp,2,1,2,0,0.78676,0.59885,0.21323999999999999,0.34105,167.9385,263,5.26,1
256,64,satcomp,2,1,2,1,0.78409,0.59038,0.21591000000000005,0.3537,157.9232,263,5.26,0
256,64,satcomp,2,1,2,2,0.77473,0.62877,0.22526999999999997,0.36548,198.2401,263,5.26,0
256,64,satcomp,2,1,2,3,0.78806,0.61406,0.21194000000000002,0.37603,159.465,263,5.26,1
256,64,satcomp,2,1,2,4,0.73693,0.56096,0.26307,0.38888,159.465,263,5.26,0
256,64,satcomp,2,1,3,0,0.80143,0.65844,0.19857000000000002,0.48662,159.0292,263,5.26,1
256,64,satcomp,2,1,3,1,0.78848,0.67091,0.21152000000000004,0.49926,149.0139,263,5.26,0
256,64,satcomp,2,1,3,2,0.76295,0.66916,0.23704999999999998,0.51104,189.3308,263,5.26,0
256,64,satcomp,2,1,3,3,0.75312,0.65171,0.24688,0.52159,150.5557,263,5.26,0
256,64,satcomp,2,1,3,4,0.70081,0.62304,0.29918999999999996,0.53444,150.5557,263,5.26,0
256,64,satcomp,2,1,4,0,0.7643,0.6537,0.23570000000000002,0.60697,152.8623,263,5.26,0
256,64,satcomp,2,1,4,1,0.78388,0.6714,0.21611999999999998,0.61962,142.847,263,5.26,0
256,64,satcomp,2,1,4,2,0.73566,0.66392,0.26434,0.6314,180.6773,263,5.26,0
256,64,satcomp,2,1,4,3,0.69005,0.6537,0.30994999999999995,0.64195,129.9162,263,5.26,0
256,64,satcomp,2,1,4,4,0.66768,0.63849,0.33231999999999995,0.6548,129.9162,263,5.26,0
256,64,satcomp,2,1,5,0,0.77805,0.6537,0.22194999999999998,0.74325,151.8174,263,5.26,0
256,64,satcomp,2,1,5,1,0.7244,0.66318,0.27559999999999996,0.75589,141.8022,263,5.26,0
256,64,satcomp,2,1,5,2,0.68941,0.64124,0.31059000000000003,0.76767,180.6773,263,5.26,0
256,64,satcomp,2,1,5,3,0.6567,0.6562,0.34330000000000005,0.77822,129.9162,263,5.26,0
256,64,satcomp,2,1,5,4,0.64315,0.63675,0.35685,0.79107,129.9162,263,5.26,0
256,64,satcomp,2,1,6,0,0.70341,0.66367,0.29659,0.87802,144.8201,263,5.26,0
256,64,satcomp,2,1,6,1,0.65775,0.65295,0.34225000000000005,0.89067,134.8048,263,5.26,0
256,64,satcomp,2,1,6,2,0.66347,0.64747,0.33653,0.90244,173.68,263,5.26,0
256,64,satcomp,2,1,6,3,0.65365,0.6562,0.34635000000000005,0.913,122.9188,263,5.26,0
256,64,satcomp,2,1,6,4,0.64315,0.63675,0.35685,0.92585,122.9188,263,5.26,0
256,64,satcomp,2,1,7,0,0.65278,0.66093,0.34722,0.99804,144.8201,263,5.26,0
256,64,satcomp,2,1,7,1,0.64638,0.65295,0.35362000000000005,1.01068,134.8048,263,5.26,0
256,64,satcomp,2,1,7,2,0.66347,0.64747,0.33653,1.02246,173.68,263,5.26,0
256,64,satcomp,2,1,7,3,0.65365,0.6562,0.34635000000000005,1.03302,122.9188,263,5.26,0
256,64,satcomp,2,1,7,4,0.64315,0.63675,0.35685,1.04587,122.9188,263,5.26,0
256,64,satcomp,2,1,8,0,0.65101,0.66093,0.34899,1.14255,172.001,263,5.26,0
256,64,satcomp,2,1,8,1,0.64638,0.65295,0.35362000000000005,1.15519,161.9858,263,5.26,0
256,64,satcomp,2,1,8,2,0.66347,0.64747,0.33653,1.16697,196.8656,263,5.26,0
256,64,satcomp,2,1,8,3,0.65365,0.6562,0.34635000000000005,1.17753,144.939,263,5.26,0
256,64,satcomp,2,1,8,4,0.64315,0.63675,0.35685,1.19038,144.939,263,5.26,0
256,64,satcomp,2,2,2,0,0.34262,0.32959,0.6573800000000001,0.34105,188.8667,263,5.26,0
256,64,satcomp,2,2,2,1,0.28254,0.33957,0.71746,0.3537,178.8514,263,5.26,0
256,64,satcomp,2,2,2,2,0.32456,0.38743,0.67544,0.36548,215.0658,263,5.26,0
256,64,satcomp,2,2,2,3,0.30182,0.34081,0.69818,0.37603,175.0325,263,5.26,0
256,64,satcomp,2,2,2,4,0.41084,0.43455,0.58916,0.38888,175.0325,263,5.26,0
256,64,satcomp,2,2,3,0,0.38393,0.34306,0.61607,0.48662,179.9574,263,5.26,0
256,64,satcomp,2,2,3,1,0.49344,0.47794,0.50656,0.49926,169.9421,263,5.26,0
256,64,satcomp,2,2,3,2,0.48267,0.44652,0.5173300000000001,0.51104,206.1565,263,5.26,0
256,64,satcomp,2,2,3,3,0.52825,0.47694,0.47175,0.52159,166.1232,263,5.26,0
256,64,satcomp,2,2,3,4,0.56624,0.47569,0.43376000000000003,0.53444,166.1232,263,5.26,0
256,64,satcomp,2,2,4,0,0.51379,0.53204,0.48621000000000003,0.60697,171.8459,263,5.26,0
256,64,satcomp,2,2,4,1,0.53116,0.51409,0.46884000000000003,0.61962,161.8306,263,5.26,0
256,64,satcomp,2,2,4,2,0.57327,0.62902,0.42673000000000005,0.6314,195.5585,263,5.26,0
256,64,satcomp,2,2,4,3,0.60183,0.59661,0.39817,0.64195,143.5391,263,5.26,0
256,64,satcomp,2,2,4,4,0.63713,0.66417,0.36287,0.6548,143.5391,263,5.26,0
256,64,satcomp,2,2,5,0,0.60977,0.48517,0.39022999999999997,0.74325,170.8011,263,5.26,0
256,64,satcomp,2,2,5,1,0.6272,0.56819,0.3728,0.75589,160.7858,263,5.26,0
256,64,satcomp,2,2,5,2,0.64481,0.66966,0.35519,0.76767,195.5585,263,5.26,0
256,64,satcomp,2,2,5,3,0.72639,0.68013,0.27361,0.77822,143.5391,263,5.26,0
256,64,satcomp,2,2,5,4,0.7419,0.70107,0.2581,0.79107,143.5391,263,5.26,0
256,64,satcomp,2,2,6,0,0.70443,0.66766,0.29557,0.87802,163.8037,263,5.26,0
256,64,satcomp,2,2,6,1,0.75652,0.70855,0.24348000000000003,0.89067,153.7884,263,5.26,0
256,64,satcomp,2,2,6,2,0.75389,0.73972,0.24611000000000005,0.90244,188.5611,263,5.26,0
256,64,satcomp,2,2,6,3,0.758,0.69359,0.242,0.913,136.5417,263,5.26,0
256,64,satcomp,2,2,6,4,0.71469,0.70905,0.28530999999999995,0.92585,136.5417,263,5.26,0
256,64,satcomp,2,2,7,0,0.81288,0.77437,0.18711999999999995,0.99804,163.8037,263,5.26,0
256,64,satcomp,2,2,7,1,0.77186,0.74221,0.22814,1.01068,153.7884,263,5.26,0
256,64,satcomp,2,2,7,2,0.73631,0.70855,0.26369,1.02246,188.5611,263,5.26,0
256,64,satcomp,2,2,7,3,0.73038,0.68088,0.26961999999999997,1.03302,136.5417,263,5.26,0
256,64,satcomp,2,2,7,4,0.71068,0.67614,0.28932,1.04587,136.5417,263,5.26,0
256,64,satcomp,2,2,8,0,0.79785,0.75143,0.20215000000000005,1.14255,190.9846,263,5.26,0
256,64,satcomp,2,2,8,1,0.76529,0.68736,0.23470999999999997,1.15519,180.9694,263,5.26,0
256,64,satcomp,2,2,8,2,0.74194,0.68237,0.25805999999999996,1.16697,211.7468,263,5.26,0
256,64,satcomp,2,2,8,3,0.72528,0.69384,0.27471999999999996,1.17753,158.5619,263,5.26,0
256,64,satcomp,2,2,8,4,0.74503,0.68861,0.25497000000000003,1.19038,158.5619,263,5.26,0
256,64,satcomp,3,0,8,0,0.65292,0.66766,0.34708000000000006,0.20908,-0.7108,263,5.26,1
256,64,satcomp,3,1,2,0,0.78762,0.6006,0.21238,0.34855,167.9385,263,5.26,1
256,64,satcomp,3,1,2,1,0.78409,0.59038,0.21591000000000005,0.36119,157.9232,263,5.26,0
256,64,satcomp,3,1,2,2,0.77473,0.62927,0.22526999999999997,0.37297,198.2401,263,5.26,0
256,64,satcomp,3,1,2,3,0.78891,0.61456,0.21109,0.38352,159.465,263,5.26,1
256,64,satcomp,3,1,2,4,0.73677,0.56195,0.26322999999999996,0.39637,159.465,263,5.26,0
256,64,satcomp,3,1,3,0,0.80143,0.65819,0.19857000000000002,0.49411,159.0292,263,5.26,0
256,64,satcomp,3,1,3,1,0.78848,0.67066,0.21152000000000004,0.50675,149.0139,263,5.26,0
256,64,satcomp,3,1,3,2,0.76389,0.66966,0.23611000000000004,0.51853,189.3308,263,5.26,0
256,64,satcomp,3,1,3,3,0.75312,0.65246,0.24688,0.52909,150.5557,263,5.26,0
256,64,satcomp,3,1,3,4,0.69824,0.62304,0.30176000000000003,0.54194,150.5557,263,5.26,0
256,64,satcomp,3,1,4,0,0.7643,0.65445,0.23570000000000002,0.61447,152.8623,263,5.26,0
256,64,satcomp,3,1,4,1,0.78388,0.67115,0.21611999999999998,0.62711,142.847,263,5.26,0
256,64,satcomp,3,1,4,2,0.73746,0.66417,0.26254,0.63889,180.6773,263,5.26,0
256,64,satcomp,3,1,4,3,0.68919,0.65395,0.31081000000000003,0.64944,129.9162,263,5.26,0
256,64,satcomp,3,1,4,4,0.66861,0.63849,0.33138999999999996,0.66229,129.9162,263,5.26,0
256,64,satcomp,3,1,5,0,0.77805,0.6547,0.22194999999999998,0.75074,151.8174,263,5.26,0
256,64,satcomp,3,1,5,1,0.7244,0.66343,0.27559999999999996,0.76338,141.8022,263,5.26,0
256,64,satcomp,3,1,5,2,0.68941,0.64174,0.31059000000000003,0.77516,180.6773,263,5.26,0
256,64,satcomp,3,1,5,3,0.6567,0.65694,0.34330000000000005,0.78572,129.9162,263,5.26,0
256,64,satcomp,3,1,5,4,0.64409,0.63675,0.35590999999999995,0.79857,129.9162,263,5.26,0
256,64,satcomp,3,1,6,0,0.70341,0.66442,0.29659,0.88552,144.8201,263,5.26,0
256,64,satcomp,3,1,6,1,0.65775,0.6532,0.34225000000000005,0.89816,134.8048,263,5.26,0
256,64,satcomp,3,1,6,2,0.66347,0.64797,0.33653,0.90994,173.68,263,5.26,0
256,64,satcomp,3,1,6,3,0.65365,0.65694,0.34635000000000005,0.92049,122.9188,263,5.26,0
256,64,satcomp,3,1,6,4,0.64409,0.63675,0.35590999999999995,0.93334,122.9188,263,5.26,0
256,64,satcomp,3,1,7,0,0.65278,0.66243,0.34722,1.00553,144.8201,263,5.26,0
256,64,satcomp,3,1,7,1,0.64638,0.6532,0.35362000000000005,1.01817,134.8048,263,5.26,0
256,64,satcomp,3,1,7,2,0.66347,0.64797,0.33653,1.02995,173.68,263,5.26,0
256,64,satcomp,3,1,7,3,0.65365,0.65694,0.34635000000000005,1.04051,122.9188,263,5.26,0
256,64,satcomp,3,1,7,4,0.64409,0.63675,0.35590999999999995,1.05336,122.9188,263,5.26,0
256,64,satcomp,3,1,8,0,0.65101,0.66243,0.34899,1.15004,172.001,263,5.26,0
256,64,satcomp,3,1,8,1,0.64638,0.6532,0.35362000000000005,1.16268,161.9858,263,5.26,0
256,64,satcomp,3,1,8,2,0.66347,0.64797,0.33653,1.17446,196.8656,263,5.26,0
256,64,satcomp,3,1,8,3,0.65365,0.65694,0.34635000000000005,1.18502,144.939,263,5.26,0
256,64,satcomp,3,1,8,4,0.64409,0.63675,0.35590999999999995,1.19787,144.939,263,5.26,0
256,64,satcomp,3,2,2,0,0.36114,0.31488,0.63886,0.34855,188.8667,263,5.26,0
256,64,satcomp,3,2,2,1,0.33791,0.29319,0.6620900000000001,0.36119,178.8514,263,5.26,0
256,64,satcomp,3,2,2,2,0.36493,0.33283,0.63507,0.37297,215.0658,263,5.26,0
256,64,satcomp,3,2,2,3,0.38656,0.40613,0.61344,0.38352,175.0325,263,5.26,0
256,64,satcomp,3,2,2,4,0.47784,0.45251,0.52216,0.39637,175.0325,263,5.26,0
256,64,satcomp,3,2,3,0,0.4004,0.38943,0.5996,0.49411,179.9574,263,5.26,0
256,64,satcomp,3,2,3,1,0.4652,0.50337,0.5347999999999999,0.50675,169.9421,263,5.26,0
256,64,satcomp,3,2,3,2,0.51197,0.53378,0.48802999999999996,0.51853,206.1565,263,5.26,0
256,64,satcomp,3,2,3,3,0.61922,0.55572,0.38078,0.52909,166.1232,263,5.26,0
256,64,satcomp,3,2,3,4,0.63822,0.5804,0.36178,0.54194,166.1232,263,5.26,0
256,64,satcomp,3,2,4,0,0.48052,0.45201,0.5194799999999999,0.61447,171.8459,263,5.26,0
256,64,satcomp,3,2,4,1,0.60865,0.62802,0.39135,0.62711,161.8306,263,5.26,0
256,64,satcomp,3,2,4,2,0.67577,0.59162,0.32423,0.63889,195.5585,263,5.26,0
256,64,satcomp,3,2,4,3,0.66987,0.65345,0.33013000000000003,0.64944,143.5391,263,5.26,0
256,64,satcomp,3,2,4,4,0.67518,0.6537,0.32482,0.66229,143.5391,263,5.26,0
256,64,satcomp,3,2,5,0,0.58893,0.59985,0.41107000000000005,0.75074,170.8011,263,5.26,0
256,64,satcomp,3,2,5,1,0.69697,0.6906,0.30303,0.76338,160.7858,263,5.26,0
256,64,satcomp,3,2,5,2,0.69328,0.6906,0.30672,0.77516,195.5585,263,5.26,0
256,64,satcomp,3,2,5,3,0.7705,0.76141,0.22950000000000004,0.78572,143.5391,263,5.26,0
256,64,satcomp,3,2,5,4,0.69418,0.728,0.30582,0.79857,143.5391,263,5.26,0
256,64,satcomp,3,2,6,0,0.69355,0.67764,0.30645,0.88552,163.8037,263,5.26,0
256,64,satcomp,3,2,6,1,0.78435,0.72825,0.21565,0.89816,153.7884,263,5.26,0
256,64,satcomp,3,2,6,2,0.77728,0.75318,0.22272000000000003,0.90994,188.5611,263,5.26,0
256,64,satcomp,3,2,6,3,0.78001,0.71005,0.21999000000000002,0.92049,136.5417,263,5.26,0
256,64,satcomp,3,2,6,4,0.73925,0.68711,0.26075000000000004,0.93334,136.5417,263,5.26,0
256,64,satcomp,3,2,7,0,0.80936,0.75019,0.19064000000000003,1.00553,163.8037,263,5.26,0
256,64,satcomp,3,2,7,1,0.80102,0.72052,0.19898000000000005,1.01817,153.7884,263,5.26,0
256,64,satcomp,3,2,7,2,0.7876,0.74919,0.21240000000000003,1.02995,188.5611,263,5.26,0
256,64,satcomp,3,2,7,3,0.74875,0.729,0.25125,1.04051,136.5417,263,5.26,0
256,64,satcomp,3,2,7,4,0.73174,0.7078,0.26826000000000005,1.05336,136.5417,263,5.26,0
256,64,satcomp,3,2,8,0,0.8252,0.71179,0.17479999999999996,1.15004,190.9846,263,5.26,0
256,64,satcomp,3,2,8,1,0.76699,0.70905,0.23301000000000005,1.16268,180.9694,263,5.26,0
256,64,satcomp,3,2,8,2,0.73887,0.70855,0.26113,1.17446,211.7468,263,5.26,0
256,64,satcomp,3,2,8,3,0.75158,0.7088,0.24841999999999997,1.18502,158.5619,263,5.26,0
256,64,satcomp,3,2,8,4,0.73485,0.72999,0.26515,1.19787,158.5619,263,5.26,0
256,64,sampled,4,0,8,0,0.56617,0.55647,0.43383000000000005,0.21165,23.9703,135,2.7,1
256,64,sampled,4,1,2,0,0.72158,0.53129,0.27842,0.35111,217.2474,135,2.7,1
256,64,sampled,4,1,2,1,0.74007,0.53628,0.25993,0.36375,214.4946,135,2.7,1
256,64,sampled,4,1,2,2,0.71216,0.52082,0.28784,0.37553,263.2026,135,2.7,0
256,64,sampled,4,1,2,3,0.71614,0.52007,0.28386,0.38609,230.0569,135,2.7,0
256,64,sampled,4,1,2,4,0.66502,0.547,0.33498000000000006,0.39894,230.0569,135,2.7,0
256,64,sampled,4,1,3,0,0.75089,0.55622,0.24911000000000005,0.49667,208.338,135,2.7,1
256,64,sampled,4,1,3,1,0.72126,0.5824,0.27874,0.50931,205.5853,135,2.7,0
256,64,sampled,4,1,3,2,0.70905,0.59137,0.29095000000000004,0.52109,254.2933,135,2.7,0
256,64,sampled,4,1,3,3,0.68037,0.56146,0.31962999999999997,0.53165,221.1476,135,2.7,0
256,64,sampled,4,1,3,4,0.63075,0.5455,0.36924999999999997,0.5445,221.1476,135,2.7,0
256,64,sampled,4,1,4,0,0.72481,0.54525,0.27519000000000005,0.61703,206.2099,135,2.7,0
256,64,sampled,4,1,4,1,0.70818,0.55497,0.29181999999999997,0.62967,203.4572,135,2.7,0
256,64,sampled,4,1,4,2,0.67458,0.57068,0.32542000000000004,0.64145,249.6787,135,2.7,0
256,64,sampled,4,1,4,3,0.63176,0.57342,0.36824,0.65201,204.5468,135,2.7,0
256,64,sampled,4,1,4,4,0.58387,0.5637,0.41613,0.66486,204.5468,135,2.7,0
256,64,sampled,4,1,5,0,0.67121,0.55148,0.32879,0.7533,205.1651,135,2.7,0
256,64,sampled,4,1,5,1,0.66855,0.55647,0.33145,0.76594,202.4124,135,2.7,0
256,64,sampled,4,1,5,2,0.61457,0.56096,0.38543000000000005,0.77772,249.6787,135,2.7,0
256,64,sampled,4,1,5,3,0.58777,0.55323,0.41223,0.78828,204.5468,135,2.7,0
256,64,sampled,4,1,5,4,0.5657,0.56021,0.4343,0.80113,204.5468,135,2.7,0
256,64,sampled,4,1,6,0,0.63707,0.54899,0.36293,0.88808,201.2362,135,2.7,0
256,64,sampled,4,1,6,1,0.58831,0.56171,0.41169,0.90072,198.4835,135,2.7,0
256,64,sampled,4,1,6,2,0.58195,0.55996,0.41805000000000003,0.9125,245.7498,135,2.7,0
256,64,sampled,4,1,6,3,0.58068,0.55323,0.41932,0.92306,200.618,135,2.7,0
256,64,sampled,4,1,6,4,0.5657,0.56021,0.4343,0.93591,200.618,135,2.7,0
256,64,sampled,4,1,7,0,0.58242,0.54924,0.41757999999999995,1.0081,201.2362,135,2.7,0
256,64,sampled,4,1,7,1,0.58033,0.56171,0.41967,1.02074,198.4835,135,2.7,0
256,64,sampled,4,1,7,2,0.58195,0.55996,0.41805000000000003,1.03252,245.7498,135,2.7,0
256,64,sampled,4,1,7,3,0.58068,0.55323,0.41932,1.04307,200.618,135,2.7,0
256,64,sampled,4,1,7,4,0.5657,0.56021,0.4343,1.05592,200.618,135,2.7,0
256,64,sampled,4,1,8,0,0.57621,0.54924,0.42379,1.15261,229.918,135,2.7,0
256,64,sampled,4,1,8,1,0.58033,0.56171,0.41967,1.16525,227.1653,135,2.7,0
256,64,sampled,4,1,8,2,0.58195,0.55996,0.41805000000000003,1.17703,270.4363,135,2.7,0
256,64,sampled,4,1,8,3,0.58068,0.55323,0.41932,1.18759,224.139,135,2.7,0
256,64,sampled,4,1,8,4,0.5657,0.56021,0.4343,1.20044,224.139,135,2.7,0
256,64,sampled,4,2,2,0,0.28674,0.34131,0.71326,0.35111,238.1755,135,2.7,0
256,64,sampled,4,2,2,1,0.28429,0.40588,0.7157100000000001,0.36375,235.4228,135,2.7,0
256,64,sampled,4,2,2,2,0.37295,0.32885,0.62705,0.37553,280.0284,135,2.7,0
256,64,sampled,4,2,2,3,0.33199,0.4176,0.66801,0.38609,245.6244,135,2.7,0
256,64,sampled,4,2,2,4,0.44914,0.41785,0.55086,0.39894,245.6244,135,2.7,0
256,64,sampled,4,2,3,0,0.45264,0.38095,0.5473600000000001,0.49667,229.2662,135,2.7,0
256,64,sampled,4,2,3,1,0.42218,0.46622,0.57782,0.50931,226.5135,135,2.7,0
256,64,sampled,4,2,3,2,0.49497,0.46098,0.50503,0.52109,271.119,135,2.7,0
256,64,sampled,4,2,3,3,0.48744,0.54176,0.51256,0.53165,236.7151,135,2.7,0
256,64,sampled,4,2,3,4,0.5198,0.50386,0.48019999999999996,0.5445,236.7151,135,2.7,0
256,64,sampled,4,2,4,0,0.5386,0.51808,0.46140000000000003,0.61703,225.1935,135,2.7,0
256,64,sampled,4,2,4,1,0.55737,0.50586,0.44262999999999997,0.62967,222.4408,135,2.7,0
256,64,sampled,4,2,4,2,0.61082,0.56894,0.38917999999999997,0.64145,264.5598,135,2.7,0
256,64,sampled,4,2,4,3,0.63891,0.56046,0.36109,0.65201,218.1698,135,2.7,0
256,64,sampled,4,2,4,4,0.62869,0.58015,0.37131000000000003,0.66486,218.1698,135,2.7,0
256,64,sampled,4,2,5,0,0.58122,0.54849,0.41878000000000004,0.7533,224.1487,135,2.7,0
256,64,sampled,4,2,5,1,0.63377,0.64697,0.36623000000000006,0.76594,221.396,135,2.7,0
256,64,sampled,4,2,5,2,0.65101,0.63351,0.34899,0.77772,264.5598,135,2.7,0
256,64,sampled,4,2,5,3,0.65101,0.6173,0.34899,0.78828,218.1698,135,2.7,0
256,64,sampled,4,2,5,4,0.63351,0.65295,0.36649,0.80113,218.1698,135,2.7,0
256,64,sampled,4,2,6,0,0.65451,0.55448,0.34548999999999996,0.88808,220.2199,135,2.7,0
256,64,sampled,4,2,6,1,0.66799,0.65221,0.33201,0.90072,217.4671,135,2.7,0
256,64,sampled,4,2,6,2,0.68724,0.66118,0.31276000000000004,0.9125,260.631,135,2.7,0
256,64,sampled,4,2,6,3,0.67875,0.64971,0.32125000000000004,0.92306,214.2409,135,2.7,0
256,64,sampled,4,2,6,4,0.69465,0.62877,0.30535,0.93591,214.2409,135,2.7,0
256,64,sampled,4,2,7,0,0.65571,0.64273,0.34429,1.0081,220.2199,135,2.7,0
256,64,sampled,4,2,7,1,0.69217,0.62703,0.30783000000000005,1.02074,217.4671,135,2.7,0
256,64,sampled,4,2,7,2,0.65922,0.63899,0.34077999999999997,1.03252,260.631,135,2.7,0
256,64,sampled,4,2,7,3,0.67525,0.67664,0.32475,1.04307,214.2409,135,2.7,0
256,64,sampled,4,2,7,4,0.65263,0.63376,0.34736999999999996,1.05592,214.2409,135,2.7,0
256,64,sampled,4,2,8,0,0.68973,0.67963,0.31027000000000005,1.15261,248.9016,135,2.7,0
256,64,sampled,4,2,8,1,0.69583,0.66343,0.30417000000000005,1.16525,246.1489,135,2.7,0
256,64,sampled,4,2,8,2,0.66401,0.63725,0.33599,1.17703,285.3174,135,2.7,0
256,64,sampled,4,2,8,3,0.6399,0.56943,0.3601,1.18759,237.7619,135,2.7,0
256,64,sampled,4,2,8,4,0.63266,0.62553,0.36734,1.20044,237.7619,135,2.7,0
256,128,exact,0,0,8,0,0.65292,0.66766,0.34708000000000006,0.33785,225.8455,133,2.66,0
256,128,exact,0,1,2,0,0.78762,0.6006,0.21238,0.53418,419.1225,133,2.66,0
256,128,exact,0,1,2,1,0.78409,0.59038,0.21591000000000005,0.55777,416.3698,133,2.66,0
256,128,exact,0,1,2,2,0.77473,0.62927,0.22526999999999997,0.58052,474.6043,133,2.66,0
256,128,exact,0,1,2,3,0.78891,0.61456,0.21109,0.60251,435.2682,133,2.66,0
256,128,exact,0,1,2,4,0.73677,0.56195,0.26322999999999996,0.62474,435.2682,133,2.66,0
256,128,exact,0,1,3,0,0.80143,0.65819,0.19857000000000002,0.74345,410.2132,133,2.66,0
256,128,exact,0,1,3,1,0.78848,0.67066,0.21152000000000004,0.76704,407.4605,133,2.66,0
256,128,exact,0,1,3,2,0.76389,0.66966,0.23611000000000004,0.78979,465.695,133,2.66,0
256,128,exact,0,1,3,3,0.75312,0.65246,0.24688,0.81178,426.3589,133,2.66,0
256,128,exact,0,1,3,4,0.69824,0.62304,0.30176000000000003,0.83401,426.3589,133,2.66,0
256,128,exact,0,1,4,0,0.7643,0.65445,0.23570000000000002,0.90147,414.4397,133,2.66,0
256,128,exact,0,1,4,1,0.78388,0.67115,0.21611999999999998,0.92506,411.6869,133,2.66,0
256,128,exact,0,1,4,2,0.73746,0.66417,0.26254,0.94781,467.4349,133,2.66,0
256,128,exact,0,1,4,3,0.68919,0.65395,0.31081000000000003,0.9698,416.1127,133,2.66,0
256,128,exact,0,1,4,4,0.66861,0.63849,0.33138999999999996,0.99203,416.1127,133,2.66,0
256,128,exact,0,1,5,0,0.77805,0.6547,0.22194999999999998,1.08984,413.3949,133,2.66,0
256,128,exact,0,1,5,1,0.7244,0.66343,0.27559999999999996,1.11343,410.6421,133,2.66,0
256,128,exact,0,1,5,2,0.68941,0.64174,0.31059000000000003,1.13618,467.4349,133,2.66,0
256,128,exact,0,1,5,3,0.6567,0.65694,0.34330000000000005,1.15817,416.1127,133,2.66,0
256,128,exact,0,1,5,4,0.64409,0.63675,0.35590999999999995,1.1804,416.1127,133,2.66,0
256,128,exact,0,1,6,0,0.70341,0.66442,0.29659,1.27764,408.6606,133,2.66,0
256,128,exact,0,1,6,1,0.65775,0.6532,0.34225000000000005,1.30124,405.9079,133,2.66,0
256,128,exact,0,1,6,2,0.66347,0.64797,0.33653,1.32398,462.7007,133,2.66,0
256,128,exact,0,1,6,3,0.65365,0.65694,0.34635000000000005,1.34598,411.3785,133,2.66,0
256,128,exact,0,1,6,4,0.64409,0.63675,0.35590999999999995,1.36821,411.3785,133,2.66,0
256,128,exact,0,1,7,0,0.65278,0.66243,0.34722,1.4335,408.6606,133,2.66,0
256,128,exact,0,1,7,1,0.64638,0.6532,0.35362000000000005,1.4571,405.9079,133,2.66,0
256,128,exact,0,1,7,2,0.66347,0.64797,0.33653,1.47984,462.7007,133,2.66,0
256,128,exact,0,1,7,3,0.65365,0.65694,0.34635000000000005,1.50184,411.3785,133,2.66,0
256,128,exact,0,1,7,4,0.64409,0.63675,0.35590999999999995,1.52407,411.3785,133,2.66,0
256,128,exact,0,1,8,0,0.65101,0.66243,0.34899,1.63956,395.7894,133,2.66,0
256,128,exact,0,1,8,1,0.64638,0.6532,0.35362000000000005,1.66316,393.0367,133,2.66,0
256,128,exact,0,1,8,2,0.66347,0.64797,0.33653,1.68591,445.8342,133,2.66,0
256,128,exact,0,1,8,3,0.65365,0.65694,0.34635000000000005,1.7079,393.3465,133,2.66,0
256,128,exact,0,1,8,4,0.64409,0.63675,0.35590999999999995,1.73013,393.3465,133,2.66,0
256,128,exact,0,2,2,0,0.36114,0.31488,0.63886,0.53418,419.6099,133,2.66,0
256,128,exact,0,2,2,1,0.31085,0.30616,0.6891499999999999,0.55777,416.8571,133,2.66,0
256,128,exact,0,2,2,2,0.32305,0.3999,0.6769499999999999,0.58052,470.9892,133,2.66,0
256,128,exact,0,2,2,3,0.51526,0.42134,0.48473999999999995,0.60251,430.3949,133,2.66,0
256,128,exact,0,2,2,4,0.51981,0.56619,0.48019,0.62474,430.3949,133,2.66,0
256,128,exact,0,2,3,0,0.4004,0.38943,0.5996,0.74345,410.7005,133,2.66,0
256,128,exact,0,2,3,1,0.49808,0.40115,0.5019199999999999,0.76704,407.9478,133,2.66,0
256,128,exact,0,2,3,2,0.57253,0.54824,0.42747,0.78979,462.0798,133,2.66,0
256,128,exact,0,2,3,3,0.55072,0.55024,0.44928,0.81178,421.4855,133,2.66,0
256,128,exact,0,2,3,4,0.57649,0.59437,0.42351000000000005,0.83401,421.4855,133,2.66,0
256,128,exact,0,2,4,0,0.48052,0.45201,0.5194799999999999,0.90147,412.9824,133,2.66,0
256,128,exact,0,2,4,1,0.64564,0.60234,0.35436,0.92506,410.2297,133,2.66,0
256,128,exact,0,2,4,2,0.6276,0.59935,0.37239999999999995,0.94781,461.8752,133,2.66,0
256,128,exact,0,2,4,3,0.68744,0.65046,0.31255999999999995,0.9698,409.2948,133,2.66,0
256,128,exact,0,2,4,4,0.66324,0.6921,0.33675999999999995,0.99203,409.2948,133,2.66,0
256,128,exact,0,2,5,0,0.58893,0.59985,0.41107000000000005,1.08984,411.9376,133,2.66,0
256,128,exact,0,2,5,1,0.65371,0.69559,0.34629,1.11343,409.1849,133,2.66,0
256,128,exact,0,2,5,2,0.71361,0.70332,0.28639000000000003,1.13618,461.8752,133,2.66,0
256,128,exact,0,2,5,3,0.76847,0.76141,0.23153,1.15817,409.2948,133,2.66,0
256,128,exact,0,2,5,4,0.69418,0.728,0.30582,1.1804,409.2948,133,2.66,0
256,128,exact,0,2,6,0,0.69355,0.67764,0.30645,1.27764,407.2034,133,2.66,0
256,128,exact,0,2,6,1,0.78435,0.72825,0.21565,1.30124,404.4506,133,2.66,0
256,128,exact,0,2,6,2,0.77728,0.75318,0.22272000000000003,1.32398,457.141,133,2.66,0
256,128,exact,0,2,6,3,0.78001,0.71005,0.21999000000000002,1.34598,404.5606,133,2.66,0
256,128,exact,0,2,6,4,0.73925,0.68711,0.26075000000000004,1.36821,404.5606,133,2.66,0
256,128,exact,0,2,7,0,0.80936,0.75019,0.19064000000000003,1.4335,407.2034,133,2.66,0
256,128,exact,0,2,7,1,0.80102,0.72052,0.19898000000000005,1.4571,404.4506,133,2.66,0
256,128,exact,0,2,7,2,0.7876,0.74919,0.21240000000000003,1.47984,457.141,133,2.66,0
256,128,exact,0,2,7,3,0.74875,0.729,0.25125,1.50184,404.5606,133,2.66,0
256,128,exact,0,2,7,4,0.73174,0.7078,0.26826000000000005,1.52407,404.5606,133,2.66,0
256,128,exact,0,2,8,0,0.8252,0.71179,0.17479999999999996,1.63956,394.3322,133,2.66,0
256,128,exact,0,2,8,1,0.76699,0.70905,0.23301000000000005,1.66316,391.5795,133,2.66,0
256,128,exact,0,2,8,2,0.73887,0.70855,0.26113,1.68591,440.2745,133,2.66,0
256,128,exact,0,2,8,3,0.75158,0.7088,0.24841999999999997,1.7079,386.5286,133,2.66,0
256,128,exact,0,2,8,4,0.73485,0.72999,0.26515,1.73013,386.5286,133,2.66,0
256,128,trunc,1,0,8,0,0.53939,0.53478,0.46060999999999996,0.33417,214.8032,133,2.66,0
256,128,trunc,1,1,2,0,0.66746,0.47669,0.33253999999999995,0.5305,408.0802,133,2.66,0
256,128,trunc,1,1,2,1,0.65655,0.4555,0.34345000000000003,0.55409,405.3275,133,2.66,0
256,128,trunc,1,1,2,2,0.67184,0.49414,0.32816,0.57684,462.9008,133,2.66,0
256,128,trunc,1,1,2,3,0.67155,0.5278,0.32845,0.59883,423.5647,133,2.66,0
256,128,trunc,1,1,2,4,0.62471,0.455,0.37529,0.62106,423.5647,133,2.66,0
256,128,trunc,1,1,3,0,0.69143,0.49364,0.30857,0.73977,399.1709,133,2.66,0
256,128,trunc,1,1,3,1,0.65567,0.47569,0.34433,0.76336,396.4182,133,2.66,0
256,128,trunc,1,1,3,2,0.66523,0.51608,0.33477,0.78611,453.9915,133,2.66,0
256,128,trunc,1,1,3,3,0.6339,0.50087,0.3661,0.80811,414.6554,133,2.66,0
256,128,trunc,1,1,3,4,0.56888,0.4717,0.43111999999999995,0.83034,414.6554,133,2.66,0
256,128,trunc,1,1,4,0,0.64999,0.48517,0.35001000000000004,0.89779,403.3974,133,2.66,0
256,128,trunc,1,1,4,1,0.64388,0.49339,0.35612,0.92138,400.6446,133,2.66,0
256,128,trunc,1,1,4,2,0.61675,0.49464,0.38325,0.94413,455.7314,133,2.66,0
256,128,trunc,1,1,4,3,0.54148,0.50237,0.45852000000000004,0.96613,404.4092,133,2.66,0
256,128,trunc,1,1,4,4,0.53662,0.48866,0.46338,0.98836,404.4092,133,2.66,0
256,128,trunc,1,1,5,0,0.62383,0.48566,0.37617,1.08616,402.3525,133,2.66,0
256,128,trunc,1,1,5,1,0.57747,0.49464,0.42252999999999996,1.10976,399.5998,133,2.66,0
256,128,trunc,1,1,5,2,0.55221,0.49813,0.44779,1.1325,455.7314,133,2.66,0
256,128,trunc,1,1,5,3,0.52006,0.49988,0.47994000000000003,1.1545,404.4092,133,2.66,0
256,128,trunc,1,1,5,4,0.50612,0.4899,0.49388,1.17673,404.4092,133,2.66,0
256,128,trunc,1,1,6,0,0.55472,0.49838,0.44528,1.27397,397.6183,133,2.66,0
256,128,trunc,1,1,6,1,0.53319,0.49713,0.46680999999999995,1.29756,394.8656,133,2.66,0
256,128,trunc,1,1,6,2,0.53023,0.49688,0.46977,1.32031,450.9972,133,2.66,0
256,128,trunc,1,1,6,3,0.51741,0.49988,0.48258999999999996,1.3423,399.675,133,2.66,0
256,128,trunc,1,1,6,4,0.50612,0.4899,0.49388,1.36453,399.675,133,2.66,0
256,128,trunc,1,1,7,0,0.51646,0.49713,0.48353999999999997,1.42983,397.6183,133,2.66,0
256,128,trunc,1,1,7,1,0.53389,0.49713,0.46611,1.45342,394.8656,133,2.66,0
256,128,trunc,1,1,7,2,0.53023,0.49688,0.46977,1.47617,450.9972,133,2.66,0
256,128,trunc,1,1,7,3,0.51741,0.49988,0.48258999999999996,1.49816,399.675,133,2.66,0
256,128,trunc,1,1,7,4,0.50612,0.4899,0.49388,1.52039,399.675,133,2.66,0
256,128,trunc,1,1,8,0,0.51646,0.49713,0.48353999999999997,1.63589,384.7471,133,2.66,0
256,128,trunc,1,1,8,1,0.53389,0.49713,0.46611,1.65948,381.9944,133,2.66,0
256,128,trunc,1,1,8,2,0.53023,0.49688,0.46977,1.68223,434.1307,133,2.66,0
256,128,trunc,1,1,8,3,0.51741,0.49988,0.48258999999999996,1.70422,381.6431,133,2.66,0
256,128,trunc,1,1,8,4,0.50612,0.4899,0.49388,1.72645,381.6431,133,2.66,0
256,128,trunc,1,2,2,0,0.25976,0.31389,0.74024,0.5305,408.5676,133,2.66,0
256,128,trunc,1,2,2,1,0.34603,0.2745,0.6539699999999999,0.55409,405.8148,133,2.66,0
256,128,trunc,1,2,2,2,0.38519,0.42084,0.6148100000000001,0.57684,459.2857,133,2.66,0
256,128,trunc,1,2,2,3,0.44626,0.42807,0.55374,0.59883,418.6914,133,2.66,0
256,128,trunc,1,2,2,4,0.41804,0.44503,0.58196,0.62106,418.6914,133,2.66,0
256,128,trunc,1,2,3,0,0.39283,0.40937,0.60717,0.73977,399.6582,133,2.66,0
256,128,trunc,1,2,3,1,0.4753,0.54351,0.5246999999999999,0.76336,396.9055,133,2.66,0
256,128,trunc,1,2,3,2,0.54663,0.51783,0.45337000000000005,0.78611,450.3764,133,2.66,0
256,128,trunc,1,2,3,3,0.56906,0.53553,0.43094,0.80811,409.7821,133,2.66,0
256,128,trunc,1,2,3,4,0.55522,0.5819,0.44477999999999995,0.83034,409.7821,133,2.66,0
256,128,trunc,1,2,4,0,0.53366,0.50885,0.46634,0.89779,401.9401,133,2.66,0
256,128,trunc,1,2,4,1,0.57273,0.59387,0.42727000000000004,0.92138,399.1874,133,2.66,0
256,128,trunc,1,2,4,2,0.65267,0.66343,0.34733,0.94413,450.1717,133,2.66,0
256,128,trunc,1,2,4,3,0.66397,0.65046,0.33603000000000005,0.96613,397.5913,133,2.66,0
256,128,trunc,1,2,4,4,0.65428,0.66343,0.34572,0.98836,397.5913,133,2.66,0
256,128,trunc,1,2,5,0,0.65641,0.52755,0.34358999999999995,1.08616,400.8953,133,2.66,0
256,128,trunc,1,2,5,1,0.70035,0.68861,0.29964999999999997,1.10976,398.1426,133,2.66,0
256,128,trunc,1,2,5,2,0.67706,0.66068,0.32294,1.1325,450.1717,133,2.66,0
256,128,trunc,1,2,5,3,0.7121,0.68686,0.28790000000000004,1.1545,397.5913,133,2.66,0
256,128,trunc,1,2,5,4,0.69359,0.65719,0.30640999999999996,1.17673,397.5913,133,2.66,0
256,128,trunc,1,2,6,0,0.54419,0.47843,0.45581000000000005,1.27397,396.1611,133,2.66,0
256,128,trunc,1,2,6,1,0.69487,0.69409,0.30513,1.29756,393.4083,133,2.66,0
256,128,trunc,1,2,6,2,0.72144,0.70805,0.27856000000000003,1.32031,445.4375,133,2.66,0
256,128,trunc,1,2,6,3,0.70459,0.68786,0.29540999999999995,1.3423,392.8571,133,2.66,0
256,128,trunc,1,2,6,4,0.62752,0.62603,0.37248000000000003,1.36453,392.8571,133,2.66,0
256,128,trunc,1,2,7,0,0.68504,0.63999,0.31496,1.42983,396.1611,133,2.66,0
256,128,trunc,1,2,7,1,0.75116,0.75492,0.24883999999999995,1.45342,393.4083,133,2.66,0
256,128,trunc,1,2,7,2,0.68921,0.68487,0.31079,1.47617,445.4375,133,2.66,0
256,128,trunc,1,2,7,3,0.66128,0.6542,0.33872,1.49816,392.8571,133,2.66,0
256,128,trunc,1,2,7,4,0.61558,0.60833,0.38442,1.52039,392.8571,133,2.66,0
256,128,trunc,1,2,8,0,0.68879,0.70007,0.31121,1.63589,383.2899,133,2.66,0
256,128,trunc,1,2,8,1,0.66797,0.64149,0.33203000000000005,1.65948,380.5372,133,2.66,0
256,128,trunc,1,2,8,2,0.67035,0.63077,0.32965,1.68223,428.571,133,2.66,0
256,128,trunc,1,2,8,3,0.61131,0.57143,0.38869,1.70422,374.8251,133,2.66,0
256,128,trunc,1,2,8,4,0.63012,0.64872,0.36988,1.72645,374.8251,133,2.66,0
256,128,satcomp,2,0,8,0,0.65105,0.66642,0.34895,0.32014,208.459,133,2.66,1
256,128,satcomp,2,1,2,0,0.78676,0.59885,0.21323999999999999,0.51647,377.1083,133,2.66,1
256,128,satcomp,2,1,2,1,0.78409,0.59038,0.21591000000000005,0.54006,367.0931,133,2.66,0
256,128,satcomp,2,1,2,2,0.77473,0.62877,0.22526999999999997,0.56281,416.9364,133,2.66,0
256,128,satcomp,2,1,2,3,0.78806,0.61406,0.21194000000000002,0.5848,371.971,133,2.66,1
256,128,satcomp,2,1,2,4,0.73693,0.56096,0.26307,0.60703,371.971,133,2.66,0
256,128,satcomp,2,1,3,0,0.80143,0.65844,0.19857000000000002,0.72574,368.199,133,2.66,1
256,128,satcomp,2,1,3,1,0.78848,0.67091,0.21152000000000004,0.74933,358.1837,133,2.66,0
256,128,satcomp,2,1,3,2,0.76295,0.66916,0.23704999999999998,0.77208,408.0271,133,2.66,0
256,128,satcomp,2,1,3,3,0.75312,0.65171,0.24688,0.79407,363.0616,133,2.66,0
256,128,satcomp,2,1,3,4,0.70081,0.62304,0.29918999999999996,0.8163,363.0616,133,2.66,0
256,128,satcomp,2,1,4,0,0.7643,0.6537,0.23570000000000002,0.88376,372.4255,133,2.66,0
256,128,satcomp,2,1,4,1,0.78388,0.6714,0.21611999999999998,0.90735,362.4102,133,2.66,0
256,128,satcomp,2,1,4,2,0.73566,0.66392,0.26434,0.9301,409.767,133,2.66,0
256,128,satcomp,2,1,4,3,0.69005,0.6537,0.30994999999999995,0.95209,352.8155,133,2.66,0
256,128,satcomp,2,1,4,4,0.66768,0.63849,0.33231999999999995,0.97432,352.8155,133,2.66,0
256,128,satcomp,2,1,5,0,0.77805,0.6537,0.22194999999999998,1.07213,371.3806,133,2.66,0
256,128,satcomp,2,1,5,1,0.7244,0.66318,0.27559999999999996,1.09572,361.3654,133,2.66,0
256,128,satcomp,2,1,5,2,0.68941,0.64124,0.31059000000000003,1.11847,409.767,133,2.66,0
256,128,satcomp,2,1,5,3,0.6567,0.6562,0.34330000000000005,1.14046,352.8155,133,2.66,0
256,128,satcomp,2,1,5,4,0.64315,0.63675,0.35685,1.16269,352.8155,133,2.66,0
256,128,satcomp,2,1,6,0,0.70341,0.66367,0.29659,1.25993,363.5779,133,2.66,0
256,128,satcomp,2,1,6,1,0.65775,0.65295,0.34225000000000005,1.28353,353.5626,133,2.66,0
256,128,satcomp,2,1,6,2,0.66347,0.64747,0.33653,1.30628,401.9643,133,2.66,0
256,128,satcomp,2,1,6,3,0.65365,0.6562,0.34635000000000005,1.32827,345.0127,133,2.66,0
256,128,satcomp,2,1,6,4,0.64315,0.63675,0.35685,1.3505,345.0127,133,2.66,0
256,128,satcomp,2,1,7,0,0.65278,0.66093,0.34722,1.41579,363.5779,133,2.66,0
256,128,satcomp,2,1,7,1,0.64638,0.65295,0.35362000000000005,1.43939,353.5626,133,2.66,0
256,128,satcomp,2,1,7,2,0.66347,0.64747,0.33653,1.46213,401.9643,133,2.66,0
256,128,satcomp,2,1,7,3,0.65365,0.6562,0.34635000000000005,1.48413,345.0127,133,2.66,0
256,128,satcomp,2,1,7,4,0.64315,0.63675,0.35685,1.50636,345.0127,133,2.66,0
256,128,satcomp,2,1,8,0,0.65101,0.66093,0.34899,1.62185,349.2059,133,2.66,0
256,128,satcomp,2,1,8,1,0.64638,0.65295,0.35362000000000005,1.64545,339.1906,133,2.66,0
256,128,satcomp,2,1,8,2,0.66347,0.64747,0.33653,1.6682,383.597,133,2.66,0
256,128,satcomp,2,1,8,3,0.65365,0.6562,0.34635000000000005,1.69019,325.48,133,2.66,0
256,128,satcomp,2,1,8,4,0.64315,0.63675,0.35685,1.71242,325.48,133,2.66,0
256,128,satcomp,2,2,2,0,0.34262,0.32959,0.6573800000000001,0.51647,377.5957,133,2.66,0
256,128,satcomp,2,2,2,1,0.28254,0.33957,0.71746,0.54006,367.5804,133,2.66,0
256,128,satcomp,2,2,2,2,0.32456,0.38743,0.67544,0.56281,413.3213,133,2.66,0
256,128,satcomp,2,2,2,3,0.30182,0.34081,0.69818,0.5848,367.0976,133,2.66,0
256,128,satcomp,2,2,2,4,0.41084,0.43455,0.58916,0.60703,367.0976,133,2.66,0
256,128,satcomp,2,2,3,0,0.38393,0.34306,0.61607,0.72574,368.6863,133,2.66,0
256,128,satcomp,2,2,3,1,0.49344,0.47794,0.50656,0.74933,358.6711,133,2.66,0
256,128,satcomp,2,2,3,2,0.48267,0.44652,0.5173300000000001,0.77208,404.4119,133,2.66,0
256,128,satcomp,2,2,3,3,0.52825,0.47694,0.47175,0.79407,358.1883,133,2.66,0
256,128,satcomp,2,2,3,4,0.56624,0.47569,0.43376000000000003,0.8163,358.1883,133,2.66,0
256,128,satcomp,2,2,4,0,0.51379,0.53204,0.48621000000000003,0.88376,370.9682,133,2.66,0
256,128,satcomp,2,2,4,1,0.53116,0.51409,0.46884000000000003,0.90735,360.953,133,2.66,0
256,128,satcomp,2,2,4,2,0.57327,0.62902,0.42673000000000005,0.9301,404.2073,133,2.66,0
256,128,satcomp,2,2,4,3,0.60183,0.59661,0.39817,0.95209,345.9975,133,2.66,0
256,128,satcomp,2,2,4,4,0.63713,0.66417,0.36287,0.97432,345.9975,133,2.66,0
256,128,satcomp,2,2,5,0,0.60977,0.48517,0.39022999999999997,1.07213,369.9234,133,2.66,0
256,128,satcomp,2,2,5,1,0.6272,0.56819,0.3728,1.09572,359.9081,133,2.66,0
256,128,satcomp,2,2,5,2,0.64481,0.66966,0.35519,1.11847,404.2073,133,2.66,0
256,128,satcomp,2,2,5,3,0.72639,0.68013,0.27361,1.14046,345.9975,133,2.66,0
256,128,satcomp,2,2,5,4,0.7419,0.70107,0.2581,1.16269,345.9975,133,2.66,0
256,128,satcomp,2,2,6,0,0.70443,0.66766,0.29557,1.25993,362.1207,133,2.66,0
256,128,satcomp,2,2,6,1,0.75652,0.70855,0.24348000000000003,1.28353,352.1054,133,2.66,0
256,128,satcomp,2,2,6,2,0.75389,0.73972,0.24611000000000005,1.30628,396.4046,133,2.66,0
256,128,satcomp,2,2,6,3,0.758,0.69359,0.242,1.32827,338.1948,133,2.66,0
256,128,satcomp,2,2,6,4,0.71469,0.70905,0.28530999999999995,1.3505,338.1948,133,2.66,0
256,128,satcomp,2,2,7,0,0.81288,0.77437,0.18711999999999995,1.41579,362.1207,133,2.66,1
256,128,satcomp,2,2,7,1,0.77186,0.74221,0.22814,1.43939,352.1054,133,2.66,0
256,128,satcomp,2,2,7,2,0.73631,0.70855,0.26369,1.46213,396.4046,133,2.66,0
256,128,satcomp,2,2,7,3,0.73038,0.68088,0.26961999999999997,1.48413,338.1948,133,2.66,0
256,128,satcomp,2,2,7,4,0.71068,0.67614,0.28932,1.50636,338.1948,133,2.66,0
256,128,satcomp,2,2,8,0,0.79785,0.75143,0.20215000000000005,1.62185,347.7487,133,2.66,0
256,128,satcomp,2,2,8,1,0.76529,0.68736,0.23470999999999997,1.64545,337.7334,133,2.66,0
256,128,satcomp,2,2,8,2,0.74194,0.68237,0.25805999999999996,1.6682,378.0373,133,2.66,0
256,128,satcomp,2,2,8,3,0.72528,0.69384,0.27471999999999996,1.69019,318.6621,133,2.66,0
256,128,satcomp,2,2,8,4,0.74503,0.68861,0.25497000000000003,1.71242,318.6621,133,2.66,0
256,128,satcomp,3,0,8,0,0.65292,0.66766,0.34708000000000006,0.33484,208.459,133,2.66,1
256,128,satcomp,3,1,2,0,0.78762,0.6006,0.21238,0.53117,377.1083,133,2.66,1
256,128,satcomp,3,1,2,1,0.78409,0.59038,0.21591000000000005,0.55476,367.0931,133,2.66,0
256,128,satcomp,3,1,2,2,0.77473,0.62927,0.22526999999999997,0.57751,416.9364,133,2.66,0
256,128,satcomp,3,1,2,3,0.78891,0.61456,0.21109,0.5995,371.971,133,2.66,1
256,128,satcomp,3,1,2,4,0.73677,0.56195,0.26322999999999996,0.62173,371.971,133,2.66,0
256,128,satcomp,3,1,3,0,0.80143,0.65819,0.19857000000000002,0.74044,368.199,133,2.66,0
256,128,satcomp,3,1,3,1,0.78848,0.67066,0.21152000000000004,0.76403,358.1837,133,2.66,0
256,128,satcomp,3,1,3,2,0.76389,0.66966,0.23611000000000004,0.78678,408.0271,133,2.66,0
256,128,satcomp,3,1,3,3,0.75312,0.65246,0.24688,0.80877,363.0616,133,2.66,0
256,128,satcomp,3,1,3,4,0.69824,0.62304,0.30176000000000003,0.831,363.0616,133,2.66,0
256,128,satcomp,3,1,4,0,0.7643,0.65445,0.23570000000000002,0.89846,372.4255,133,2.66,0
256,128,satcomp,3,1,4,1,0.78388,0.67115,0.21611999999999998,0.92205,362.4102,133,2.66,0
256,128,satcomp,3,1,4,2,0.73746,0.66417,0.26254,0.9448,409.767,133,2.66,0
256,128,satcomp,3,1,4,3,0.68919,0.65395,0.31081000000000003,0.96679,352.8155,133,2.66,0
256,128,satcomp,3,1,4,4,0.66861,0.63849,0.33138999999999996,0.98902,352.8155,133,2.66,0
256,128,satcomp,3,1,5,0,0.77805,0.6547,0.22194999999999998,1.08683,371.3806,133,2.66,0
256,128,satcomp,3,1,5,1,0.7244,0.66343,0.27559999999999996,1.11042,361.3654,133,2.66,0
256,128,satcomp,3,1,5,2,0.68941,0.64174,0.31059000000000003,1.13317,409.767,133,2.66,0
256,128,satcomp,3,1,5,3,0.6567,0.65694,0.34330000000000005,1.15516,352.8155,133,2.66,0
256,128,satcomp,3,1,5,4,0.64409,0.63675,0.35590999999999995,1.17739,352.8155,133,2.66,0
256,128,satcomp,3,1,6,0,0.70341,0.66442,0.29659,1.27464,363.5779,133,2.66,0
256,128,satcomp,3,1,6,1,0.65775,0.6532,0.34225000000000005,1.29823,353.5626,133,2.66,0
256,128,satcomp,3,1,6,2,0.66347,0.64797,0.33653,1.32098,401.9643,133,2.66,0
256,128,satcomp,3,1,6,3,0.65365,0.65694,0.34635000000000005,1.34297,345.0127,133,2.66,0
256,128,satcomp,3,1,6,4,0.64409,0.63675,0.35590999999999995,1.3652,345.0127,133,2.66,0
256,128,satcomp,3,1,7,0,0.65278,0.66243,0.34722,1.43049,363.5779,133,2.66,0
256,128,satcomp,3,1,7,1,0.64638,0.6532,0.35362000000000005,1.45409,353.5626,133,2.66,0
256,128,satcomp,3,1,7,2,0.66347,0.64797,0.33653,1.47684,401.9643,133,2.66,0
256,128,satcomp,3,1,7,3,0.65365,0.65694,0.34635000000000005,1.49883,345.0127,133,2.66,0
256,128,satcomp,3,1,7,4,0.64409,0.63675,0.35590999999999995,1.52106,345.0127,133,2.66,0
256,128,satcomp,3,1,8,0,0.65101,0.66243,0.34899,1.63656,349.2059,133,2.66,0
256,128,satcomp,3,1,8,1,0.64638,0.6532,0.35362000000000005,1.66015,339.1906,133,2.66,0
256,128,satcomp,3,1,8,2,0.66347,0.64797,0.33653,1.6829,383.597,133,2.66,0
256,128,satcomp,3,1,8,3,0.65365,0.65694,0.34635000000000005,1.70489,325.48,133,2.66,0
256,128,satcomp,3,1,8,4,0.64409,0.63675,0.35590999999999995,1.72712,325.48,133,2.66,0
256,128,satcomp,3,2,2,0,0.36114,0.31488,0.63886,0.53117,377.5957,133,2.66,0
256,128,satcomp,3,2,2,1,0.33791,0.29319,0.6620900000000001,0.55476,367.5804,133,2.66,0
256,128,satcomp,3,2,2,2,0.36493,0.33283,0.63507,0.57751,413.3213,133,2.66,0
256,128,satcomp,3,2,2,3,0.38656,0.40613,0.61344,0.5995,367.0976,133,2.66,0
256,128,satcomp,3,2,2,4,0.47784,0.45251,0.52216,0.62173,367.0976,133,2.66,0
256,128,satcomp,3,2,3,0,0.4004,0.38943,0.5996,0.74044,368.6863,133,2.66,0
256,128,satcomp,3,2,3,1,0.4652,0.50337,0.5347999999999999,0.76403,358.6711,133,2.66,0
256,128,satcomp,3,2,3,2,0.51197,0.53378,0.48802999999999996,0.78678,404.4119,133,2.66,0
256,128,satcomp,3,2,3,3,0.61922,0.55572,0.38078,0.80877,358.1883,133,2.66,0
256,128,satcomp,3,2,3,4,0.63822,0.5804,0.36178,0.831,358.1883,133,2.66,0
256,128,satcomp,3,2,4,0,0.48052,0.45201,0.5194799999999999,0.89846,370.9682,133,2.66,0
256,128,satcomp,3,2,4,1,0.60865,0.62802,0.39135,0.92205,360.953,133,2.66,0
256,128,satcomp,3,2,4,2,0.67577,0.59162,0.32423,0.9448,404.2073,133,2.66,0
256,128,satcomp,3,2,4,3,0.66987,0.65345,0.33013000000000003,0.96679,345.9975,133,2.66,0
256,128,satcomp,3,2,4,4,0.67518,0.6537,0.32482,0.98902,345.9975,133,2.66,0
256,128,satcomp,3,2,5,0,0.58893,0.59985,0.41107000000000005,1.08683,369.9234,133,2.66,0
256,128,satcomp,3,2,5,1,0.69697,0.6906,0.30303,1.11042,359.9081,133,2.66,0
256,128,satcomp,3,2,5,2,0.69328,0.6906,0.30672,1.13317,404.2073,133,2.66,0
256,128,satcomp,3,2,5,3,0.7705,0.76141,0.22950000000000004,1.15516,345.9975,133,2.66,0
256,128,satcomp,3,2,5,4,0.69418,0.728,0.30582,1.17739,345.9975,133,2.66,0
256,128,satcomp,3,2,6,0,0.69355,0.67764,0.30645,1.27464,362.1207,133,2.66,0
256,128,satcomp,3,2,6,1,0.78435,0.72825,0.21565,1.29823,352.1054,133,2.66,0
256,128,satcomp,3,2,6,2,0.77728,0.75318,0.22272000000000003,1.32098,396.4046,133,2.66,0
256,128,satcomp,3,2,6,3,0.78001,0.71005,0.21999000000000002,1.34297,338.1948,133,2.66,0
256,128,satcomp,3,2,6,4,0.73925,0.68711,0.26075000000000004,1.3652,338.1948,133,2.66,0
256,128,satcomp,3,2,7,0,0.80936,0.75019,0.19064000000000003,1.43049,362.1207,133,2.66,0
256,128,satcomp,3,2,7,1,0.80102,0.72052,0.19898000000000005,1.45409,352.1054,133,2.66,0
256,128,satcomp,3,2,7,2,0.7876,0.74919,0.21240000000000003,1.47684,396.4046,133,2.66,0
256,128,satcomp,3,2,7,3,0.74875,0.729,0.25125,1.49883,338.1948,133,2.66,0
256,128,satcomp,3,2,7,4,0.73174,0.7078,0.26826000000000005,1.52106,338.1948,133,2.66,0
256,128,satcomp,3,2,8,0,0.8252,0.71179,0.17479999999999996,1.63656,347.7487,133,2.66,1
256,128,satcomp,3,2,8,1,0.76699,0.70905,0.23301000000000005,1.66015,337.7334,133,2.66,0
256,128,satcomp,3,2,8,2,0.73887,0.70855,0.26113,1.6829,378.0373,133,2.66,0
256,128,satcomp,3,2,8,3,0.75158,0.7088,0.24841999999999997,1.70489,318.6621,133,2.66,0
256,128,satcomp,3,2,8,4,0.73485,0.72999,0.26515,1.72712,318.6621,133,2.66,0
256,128,sampled,4,0,8,0,0.56617,0.55647,0.43383000000000005,0.33785,247.7587,69,1.38,1
256,128,sampled,4,1,2,0,0.72158,0.53129,0.27842,0.53418,441.0357,69,1.38,1
256,128,sampled,4,1,2,1,0.74007,0.53628,0.25993,0.55777,438.283,69,1.38,1
256,128,sampled,4,1,2,2,0.71216,0.52082,0.28784,0.58052,496.5175,69,1.38,0
256,128,sampled,4,1,2,3,0.71614,0.52007,0.28386,0.60251,457.1814,69,1.38,0
256,128,sampled,4,1,2,4,0.66502,0.547,0.33498000000000006,0.62474,457.1814,69,1.38,0
256,128,sampled,4,1,3,0,0.75089,0.55622,0.24911000000000005,0.74345,432.1264,69,1.38,1
256,128,sampled,4,1,3,1,0.72126,0.5824,0.27874,0.76704,429.3736,69,1.38,0
256,128,sampled,4,1,3,2,0.70905,0.59137,0.29095000000000004,0.78979,487.6082,69,1.38,0
256,128,sampled,4,1,3,3,0.68037,0.56146,0.31962999999999997,0.81178,448.2721,69,1.38,0
256,128,sampled,4,1,3,4,0.63075,0.5455,0.36924999999999997,0.83401,448.2721,69,1.38,0
256,128,sampled,4,1,4,0,0.72481,0.54525,0.27519000000000005,0.90147,440.3917,69,1.38,0
256,128,sampled,4,1,4,1,0.70818,0.55497,0.29181999999999997,0.92506,437.6389,69,1.38,0
256,128,sampled,4,1,4,2,0.67458,0.57068,0.32542000000000004,0.94781,493.3869,69,1.38,0
256,128,sampled,4,1,4,3,0.63176,0.57342,0.36824,0.9698,442.0647,69,1.38,0
256,128,sampled,4,1,4,4,0.58387,0.5637,0.41613,0.99203,442.0647,69,1.38,0
256,128,sampled,4,1,5,0,0.67121,0.55148,0.32879,1.08984,439.3468,69,1.38,0
256,128,sampled,4,1,5,1,0.66855,0.55647,0.33145,1.11343,436.5941,69,1.38,0
256,128,sampled,4,1,5,2,0.61457,0.56096,0.38543000000000005,1.13618,493.3869,69,1.38,0
256,128,sampled,4,1,5,3,0.58777,0.55323,0.41223,1.15817,442.0647,69,1.38,0
256,128,sampled,4,1,5,4,0.5657,0.56021,0.4343,1.1804,442.0647,69,1.38,0
256,128,sampled,4,1,6,0,0.63707,0.54899,0.36293,1.27764,434.6126,69,1.38,0
256,128,sampled,4,1,6,1,0.58831,0.56171,0.41169,1.30124,431.8599,69,1.38,0
256,128,sampled,4,1,6,2,0.58195,0.55996,0.41805000000000003,1.32398,488.6527,69,1.38,0
256,128,sampled,4,1,6,3,0.58068,0.55323,0.41932,1.34598,437.3305,69,1.38,0
256,128,sampled,4,1,6,4,0.5657,0.56021,0.4343,1.36821,437.3305,69,1.38,0
256,128,sampled,4,1,7,0,0.58242,0.54924,0.41757999999999995,1.4335,434.6126,69,1.38,0
256,128,sampled,4,1,7,1,0.58033,0.56171,0.41967,1.4571,431.8599,69,1.38,0
256,128,sampled,4,1,7,2,0.58195,0.55996,0.41805000000000003,1.47984,488.6527,69,1.38,0
256,128,sampled,4,1,7,3,0.58068,0.55323,0.41932,1.50184,437.3305,69,1.38,0
256,128,sampled,4,1,7,4,0.5657,0.56021,0.4343,1.52407,437.3305,69,1.38,0
256,128,sampled,4,1,8,0,0.57621,0.54924,0.42379,1.63956,421.7414,69,1.38,0
256,128,sampled,4,1,8,1,0.58033,0.56171,0.41967,1.66316,418.9887,69,1.38,0
256,128,sampled,4,1,8,2,0.58195,0.55996,0.41805000000000003,1.68591,471.7862,69,1.38,0
256,128,sampled,4,1,8,3,0.58068,0.55323,0.41932,1.7079,419.2985,69,1.38,0
256,128,sampled,4,1,8,4,0.5657,0.56021,0.4343,1.73013,419.2985,69,1.38,0
256,128,sampled,4,2,2,0,0.28674,0.34131,0.71326,0.53418,441.5231,69,1.38,0
256,128,sampled,4,2,2,1,0.28429,0.40588,0.7157100000000001,0.55777,438.7703,69,1.38,0
256,128,sampled,4,2,2,2,0.37295,0.32885,0.62705,0.58052,492.9024,69,1.38,0
256,128,sampled,4,2,2,3,0.33199,0.4176,0.66801,0.60251,452.308,69,1.38,0
256,128,sampled,4,2,2,4,0.44914,0.41785,0.55086,0.62474,452.308,69,1.38,0
256,128,sampled,4,2,3,0,0.45264,0.38095,0.5473600000000001,0.74345,432.6137,69,1.38,0
256,128,sampled,4,2,3,1,0.42218,0.46622,0.57782,0.76704,429.861,69,1.38,0
256,128,sampled,4,2,3,2,0.49497,0.46098,0.50503,0.78979,483.993,69,1.38,0
256,128,sampled,4,2,3,3,0.48744,0.54176,0.51256,0.81178,443.3987,69,1.38,0
256,128,sampled,4,2,3,4,0.5198,0.50386,0.48019999999999996,0.83401,443.3987,69,1.38,0
256,128,sampled,4,2,4,0,0.5386,0.51808,0.46140000000000003,0.90147,438.9344,69,1.38,0
256,128,sampled,4,2,4,1,0.55737,0.50586,0.44262999999999997,0.92506,436.1817,69,1.38,0
256,128,sampled,4,2,4,2,0.61082,0.56894,0.38917999999999997,0.94781,487.8272,69,1.38,0
256,128,sampled,4,2,4,3,0.63891,0.56046,0.36109,0.9698,435.2468,69,1.38,0
256,128,sampled,4,2,4,4,0.62869,0.58015,0.37131000000000003,0.99203,435.2468,69,1.38,0
256,128,sampled,4,2,5,0,0.58122,0.54849,0.41878000000000004,1.08984,437.8896,69,1.38,0
256,128,sampled,4,2,5,1,0.63377,0.64697,0.36623000000000006,1.11343,435.1369,69,1.38,0
256,128,sampled,4,2,5,2,0.65101,0.63351,0.34899,1.13618,487.8272,69,1.38,0
256,128,sampled,4,2,5,3,0.65101,0.6173,0.34899,1.15817,435.2468,69,1.38,0
256,128,sampled,4,2,5,4,0.63351,0.65295,0.36649,1.1804,435.2468,69,1.38,0
256,128,sampled,4,2,6,0,0.65451,0.55448,0.34548999999999996,1.27764,433.1554,69,1.38,0
256,128,sampled,4,2,6,1,0.66799,0.65221,0.33201,1.30124,430.4026,69,1.38,0
256,128,sampled,4,2,6,2,0.68724,0.66118,0.31276000000000004,1.32398,483.093,69,1.38,0
256,128,sampled,4,2,6,3,0.67875,0.64971,0.32125000000000004,1.34598,430.5126,69,1.38,0
256,128,sampled,4,2,6,4,0.69465,0.62877,0.30535,1.36821,430.5126,69,1.38,0
256,128,sampled,4,2,7,0,0.65571,0.64273,0.34429,1.4335,433.1554,69,1.38,0
256,128,sampled,4,2,7,1,0.69217,0.62703,0.30783000000000005,1.4571,430.4026,69,1.38,0
256,128,sampled,4,2,7,2,0.65922,0.63899,0.34077999999999997,1.47984,483.093,69,1.38,0
256,128,sampled,4,2,7,3,0.67525,0.67664,0.32475,1.50184,430.5126,69,1.38,0
256,128,sampled,4,2,7,4,0.65263,0.63376,0.34736999999999996,1.52407,430.5126,69,1.38,0
256,128,sampled,4,2,8,0,0.68973,0.67963,0.31027000000000005,1.63956,420.2842,69,1.38,0
256,128,sampled,4,2,8,1,0.69583,0.66343,0.30417000000000005,1.66316,417.5315,69,1.38,0
256,128,sampled,4,2,8,2,0.66401,0.63725,0.33599,1.68591,466.2265,69,1.38,0
256,128,sampled,4,2,8,3,0.6399,0.56943,0.3601,1.7079,412.4806,69,1.38,0
256,128,sampled,4,2,8,4,0.63266,0.62553,0.36734,1.73013,412.4806,69,1.38,0
512,32,exact,0,0,8,0,0.77566,0.77686,0.22433999999999998,0.22867,43.6761,1043,20.86,0
512,32,exact,0,1,2,0,0.83283,0.65395,0.16717000000000004,0.4223,273.4789,1043,20.86,0
512,32,exact,0,1,2,1,0.83878,0.61057,0.16122000000000003,0.42941,281.4968,1043,20.86,0
512,32,exact,0,1,2,2,0.81248,0.68063,0.18752000000000002,0.43516,311.9419,1043,20.86,0
512,32,exact,0,1,2,3,0.80195,0.68462,0.19804999999999995,0.4409,313.3743,1043,20.86,0
512,32,exact,0,1,2,4,0.7782,0.65021,0.2218,0.4464,313.3743,1043,20.86,0
512,32,exact,0,1,3,0,0.83306,0.73199,0.16693999999999998,0.61908,272.2595,1043,20.86,0
512,32,exact,0,1,3,1,0.82807,0.71379,0.17193000000000003,0.62619,280.2774,1043,20.86,0
512,32,exact,0,1,3,2,0.81544,0.72226,0.18455999999999995,0.63194,310.7226,1043,20.86,0
512,32,exact,0,1,3,3,0.78616,0.71454,0.21384000000000003,0.63768,312.155,1043,20.86,0
512,32,exact,0,1,3,4,0.74322,0.6906,0.25678,0.64317,312.155,1043,20.86,0
512,32,exact,0,1,4,0,0.80845,0.73373,0.19155,0.80295,271.1697,1043,20.86,0
512,32,exact,0,1,4,1,0.79174,0.7275,0.20826,0.81006,279.1876,1043,20.86,0
512,32,exact,0,1,4,2,0.76389,0.726,0.23611000000000004,0.81582,307.1462,1043,20.86,0
512,32,exact,0,1,4,3,0.73369,0.73049,0.26631000000000005,0.82155,296.5926,1043,20.86,0
512,32,exact,0,1,4,4,0.71963,0.72177,0.28037,0.82705,296.5926,1043,20.86,0
512,32,exact,0,1,5,0,0.79881,0.73099,0.20118999999999998,0.99486,270.1249,1043,20.86,0
512,32,exact,0,1,5,1,0.77509,0.73722,0.22491000000000005,1.00197,278.1428,1043,20.86,0
512,32,exact,0,1,5,2,0.73459,0.72775,0.26541000000000003,1.00773,307.1462,1043,20.86,0
512,32,exact,0,1,5,3,0.74528,0.74221,0.25471999999999995,1.01346,296.5926,1043,20.86,0
512,32,exact,0,1,5,4,0.71711,0.71678,0.28289,1.01896,296.5926,1043,20.86,0
512,32,exact,0,1,6,0,0.7658,0.73573,0.23419999999999996,1.18619,268.332,1043,20.86,0
512,32,exact,0,1,6,1,0.75012,0.7457,0.24988,1.1933,276.3499,1043,20.86,0
512,32,exact,0,1,6,2,0.73492,0.73099,0.26508,1.19905,305.3533,1043,20.86,0
512,32,exact,0,1,6,3,0.74173,0.74221,0.25827,1.20479,294.7997,1043,20.86,0
512,32,exact,0,1,6,4,0.71711,0.71678,0.28289,1.21028,294.7997,1043,20.86,0
512,32,exact,0,1,7,0,0.7254,0.73448,0.27459999999999996,1.37032,268.332,1043,20.86,0
512,32,exact,0,1,7,1,0.74483,0.7457,0.25517,1.37743,276.3499,1043,20.86,0
512,32,exact,0,1,7,2,0.73492,0.73099,0.26508,1.38319,305.3533,1043,20.86,0
512,32,exact,0,1,7,3,0.74173,0.74221,0.25827,1.38892,294.7997,1043,20.86,0
512,32,exact,0,1,7,4,0.71711,0.71678,0.28289,1.39442,294.7997,1043,20.86,0
512,32,exact,0,1,8,0,0.72451,0.73448,0.27549,1.56714,418.256,1043,20.86,0
512,32,exact,0,1,8,1,0.74483,0.7457,0.25517,1.57425,426.2739,1043,20.86,0
512,32,exact,0,1,8,2,0.73492,0.73099,0.26508,1.58001,451.282,1043,20.86,0
512,32,exact,0,1,8,3,0.74173,0.74221,0.25827,1.58574,439.5628,1043,20.86,0
512,32,exact,0,1,8,4,0.71711,0.71678,0.28289,1.59124,439.5628,1043,20.86,0
512,32,exact,0,2,2,0,0.32968,0.31788,0.67032,0.4223,323.3449,1043,20.86,0
512,32,exact,0,2,2,1,0.31711,0.33508,0.68289,0.42941,331.3628,1043,20.86,0
512,32,exact,0,2,2,2,0.40189,0.42009,0.5981099999999999,0.43516,357.7055,1043,20.86,0
512,32,exact,0,2,2,3,0.45024,0.49738,0.54976,0.4409,357.8797,1043,20.86,0
512,32,exact,0,2,2,4,0.5299,0.43306,0.47009999999999996,0.4464,357.8797,1043,20.86,0
512,32,exact,0,2,3,0,0.37804,0.36649,0.6219600000000001,0.61908,322.1256,1043,20.86,0
512,32,exact,0,2,3,1,0.43028,0.48766,0.56972,0.62619,330.1435,1043,20.86,0
512,32,exact,0,2,3,2,0.52942,0.55871,0.47058,0.63194,356.4861,1043,20.86,0
512,32,exact,0,2,3,3,0.63582,0.6532,0.36417999999999995,0.63768,356.6604,1043,20.86,0
512,32,exact,0,2,3,4,0.72814,0.65445,0.27186,0.64317,356.6604,1043,20.86,0
512,32,exact,0,2,4,0,0.62579,0.48666,0.37421000000000004,0.80295,319.0912,1043,20.86,0
512,32,exact,0,2,4,1,0.62577,0.68088,0.37422999999999995,0.81006,327.1091,1043,20.86,0
512,32,exact,0,2,4,2,0.67318,0.69584,0.32682,0.81582,350.9652,1043,20.86,0
512,32,exact,0,2,4,3,0.75356,0.70656,0.24644,0.82155,339.1534,1043,20.86,0
512,32,exact,0,2,4,4,0.77658,0.75742,0.22341999999999995,0.82705,339.1534,1043,20.86,0
512,32,exact,0,2,5,0,0.67158,0.57542,0.32842000000000005,0.99486,318.0464,1043,20.86,0
512,32,exact,0,2,5,1,0.77147,0.73099,0.22853,1.00197,326.0643,1043,20.86,0
512,32,exact,0,2,5,2,0.81529,0.74894,0.18471000000000004,1.00773,350.9652,1043,20.86,0
512,32,exact,0,2,5,3,0.75872,0.77512,0.24128000000000005,1.01346,339.1534,1043,20.86,0
512,32,exact,0,2,5,4,0.77858,0.73573,0.22141999999999995,1.01896,339.1534,1043,20.86,0
512,32,exact,0,2,6,0,0.79722,0.82997,0.20277999999999996,1.18619,316.2535,1043,20.86,0
512,32,exact,0,2,6,1,0.84941,0.83321,0.15059,1.1933,324.2714,1043,20.86,0
512,32,exact,0,2,6,2,0.83818,0.80055,0.16181999999999996,1.19905,349.1723,1043,20.86,0
512,32,exact,0,2,6,3,0.77944,0.77786,0.22055999999999998,1.20479,337.3605,1043,20.86,0
512,32,exact,0,2,6,4,0.77104,0.75443,0.22896000000000005,1.21028,337.3605,1043,20.86,0
512,32,exact,0,2,7,0,0.858,0.82024,0.14200000000000002,1.37032,316.2535,1043,20.86,0
512,32,exact,0,2,7,1,0.85351,0.79157,0.14649,1.37743,324.2714,1043,20.86,0
512,32,exact,0,2,7,2,0.7994,0.78484,0.2006,1.38319,349.1723,1043,20.86,0
512,32,exact,0,2,7,3,0.78881,0.78135,0.21119,1.38892,337.3605,1043,20.86,0
512,32,exact,0,2,7,4,0.78798,0.7801,0.21202,1.39442,337.3605,1043,20.86,0
512,32,exact,0,2,8,0,0.84462,0.79556,0.15537999999999996,1.56714,466.1774,1043,20.86,0
512,32,exact,0,2,8,1,0.8272,0.7998,0.17279999999999995,1.57425,474.1953,1043,20.86,0
512,32,exact,0,2,8,2,0.79888,0.75617,0.20111999999999997,1.58001,495.101,1043,20.86,0
512,32,exact,0,2,8,3,0.80186,0.78709,0.19813999999999998,1.58574,482.1236,1043,20.86,0
512,32,exact,0,2,8,4,0.80346,0.75991,0.19654000000000005,1.59124,482.1236,1043,20.86,0
512,32,trunc,1,0,8,0,0.58906,0.59187,0.41093999999999997,0.22827,44.3373,1043,20.86,0
512,32,trunc,1,1,2,0,0.76059,0.52481,0.23941,0.42189,274.1401,1043,20.86,0
512,32,trunc,1,1,2,1,0.75487,0.51608,0.24512999999999996,0.42901,282.158,1043,20.86,0
512,32,trunc,1,1,2,2,0.74472,0.58763,0.25527999999999995,0.43476,311.9419,1043,20.86,0
512,32,trunc,1,1,2,3,0.74029,0.57392,0.25971,0.4405,313.3743,1043,20.86,0
512,32,trunc,1,1,2,4,0.70237,0.54425,0.29762999999999995,0.44599,313.3743,1043,20.86,0
512,32,trunc,1,1,3,0,0.76034,0.57542,0.23965999999999998,0.61867,272.9207,1043,20.86,0
512,32,trunc,1,1,3,1,0.74988,0.54351,0.25012,0.62578,280.9386,1043,20.86,0
512,32,trunc,1,1,3,2,0.75167,0.56993,0.24833000000000005,0.63154,310.7226,1043,20.86,0
512,32,trunc,1,1,3,3,0.72218,0.54375,0.27781999999999996,0.63727,312.155,1043,20.86,0
512,32,trunc,1,1,3,4,0.63421,0.53004,0.36578999999999995,0.64277,312.155,1043,20.86,0
512,32,trunc,1,1,4,0,0.73246,0.54251,0.26754,0.80255,271.8309,1043,20.86,0
512,32,trunc,1,1,4,1,0.69898,0.54375,0.30101999999999995,0.80966,279.8488,1043,20.86,0
512,32,trunc,1,1,4,2,0.70062,0.5637,0.29938,0.81541,307.1462,1043,20.86,0
512,32,trunc,1,1,4,3,0.62037,0.55423,0.37963,0.82115,296.5926,1043,20.86,0
512,32,trunc,1,1,4,4,0.593,0.55024,0.40700000000000003,0.82664,296.5926,1043,20.86,0
512,32,trunc,1,1,5,0,0.70164,0.547,0.29835999999999996,0.99446,270.7861,1043,20.86,0
512,32,trunc,1,1,5,1,0.68234,0.56046,0.31766000000000005,1.00157,278.804,1043,20.86,0
512,32,trunc,1,1,5,2,0.60588,0.55921,0.39412,1.00732,307.1462,1043,20.86,0
512,32,trunc,1,1,5,3,0.5922,0.55797,0.40780000000000005,1.01306,296.5926,1043,20.86,0
512,32,trunc,1,1,5,4,0.57397,0.5465,0.42603,1.01855,296.5926,1043,20.86,0
512,32,trunc,1,1,6,0,0.66502,0.55722,0.33498000000000006,1.18578,268.9932,1043,20.86,0
512,32,trunc,1,1,6,1,0.59179,0.55946,0.40820999999999996,1.19289,277.0111,1043,20.86,0
512,32,trunc,1,1,6,2,0.58746,0.56245,0.41254,1.19865,305.3533,1043,20.86,0
512,32,trunc,1,1,6,3,0.59043,0.55797,0.40957,1.20438,294.7997,1043,20.86,0
512,32,trunc,1,1,6,4,0.57397,0.5465,0.42603,1.20988,294.7997,1043,20.86,0
512,32,trunc,1,1,7,0,0.58454,0.55797,0.41546000000000005,1.36992,268.9932,1043,20.86,0
512,32,trunc,1,1,7,1,0.58731,0.55946,0.41269,1.37703,277.0111,1043,20.86,0
512,32,trunc,1,1,7,2,0.58746,0.56245,0.41254,1.38278,305.3533,1043,20.86,0
512,32,trunc,1,1,7,3,0.59043,0.55797,0.40957,1.38852,294.7997,1043,20.86,0
512,32,trunc,1,1,7,4,0.57397,0.5465,0.42603,1.39402,294.7997,1043,20.86,0
512,32,trunc,1,1,8,0,0.58365,0.55797,0.41635,1.56674,418.9171,1043,20.86,0
512,32,trunc,1,1,8,1,0.58731,0.55946,0.41269,1.57385,426.935,1043,20.86,0
512,32,trunc,1,1,8,2,0.58746,0.56245,0.41254,1.5796,451.282,1043,20.86,0
512,32,trunc,1,1,8,3,0.59043,0.55797,0.40957,1.58534,439.5628,1043,20.86,0
512,32,trunc,1,1,8,4,0.57397,0.5465,0.42603,1.59083,439.5628,1043,20.86,0
512,32,trunc,1,2,2,0,0.31932,0.31538,0.68068,0.42189,324.0061,1043,20.86,0
512,32,trunc,1,2,2,1,0.29659,0.29145,0.70341,0.42901,332.024,1043,20.86,0
512,32,trunc,1,2,2,2,0.40663,0.30416,0.59337,0.43476,357.7055,1043,20.86,0
512,32,trunc,1,2,2,3,0.52525,0.51409,0.47475,0.4405,357.8797,1043,20.86,0
512,32,trunc,1,2,2,4,0.49826,0.49115,0.5017400000000001,0.44599,357.8797,1043,20.86,0
512,32,trunc,1,2,3,0,0.40329,0.38669,0.5967100000000001,0.61867,322.7868,1043,20.86,0
512,32,trunc,1,2,3,1,0.49418,0.48317,0.5058199999999999,0.62578,330.8047,1043,20.86,0
512,32,trunc,1,2,3,2,0.51513,0.50386,0.48487,0.63154,356.4861,1043,20.86,0
512,32,trunc,1,2,3,3,0.64127,0.58963,0.35873,0.63727,356.6604,1043,20.86,0
512,32,trunc,1,2,3,4,0.62387,0.61905,0.37612999999999996,0.64277,356.6604,1043,20.86,0
512,32,trunc,1,2,4,0,0.64593,0.63575,0.35407,0.80255,319.7524,1043,20.86,0
512,32,trunc,1,2,4,1,0.62769,0.6198,0.37231000000000003,0.80966,327.7703,1043,20.86,0
512,32,trunc,1,2,4,2,0.69705,0.60534,0.30295000000000005,0.81541,350.9652,1043,20.86,0
512,32,trunc,1,2,4,3,0.68439,0.67041,0.31560999999999995,0.82115,339.1534,1043,20.86,0
512,32,trunc,1,2,4,4,0.69405,0.69933,0.30595000000000006,0.82664,339.1534,1043,20.86,0
512,32,trunc,1,2,5,0,0.6241,0.53278,0.3759,0.99446,318.7075,1043,20.86,0
512,32,trunc,1,2,5,1,0.7171,0.72974,0.28290000000000004,1.00157,326.7254,1043,20.86,0
512,32,trunc,1,2,5,2,0.73586,0.70905,0.26414000000000004,1.00732,350.9652,1043,20.86,0
512,32,trunc,1,2,5,3,0.7915,0.7831,0.20850000000000002,1.01306,339.1534,1043,20.86,0
512,32,trunc,1,2,5,4,0.73639,0.73573,0.26361,1.01855,339.1534,1043,20.86,0
512,32,trunc,1,2,6,0,0.74944,0.75318,0.25056,1.18578,316.9146,1043,20.86,0
512,32,trunc,1,2,6,1,0.79855,0.75318,0.20145000000000002,1.19289,324.9325,1043,20.86,0
512,32,trunc,1,2,6,2,0.79111,0.74096,0.20889000000000002,1.19865,349.1723,1043,20.86,0
512,32,trunc,1,2,6,3,0.73606,0.7255,0.26393999999999995,1.20438,337.3605,1043,20.86,0
512,32,trunc,1,2,6,4,0.6939,0.68512,0.30610000000000004,1.20988,337.3605,1043,20.86,0
512,32,trunc,1,2,7,0,0.78883,0.73772,0.21116999999999997,1.36992,316.9146,1043,20.86,0
512,32,trunc,1,2,7,1,0.76171,0.7467,0.23829,1.37703,324.9325,1043,20.86,0
512,32,trunc,1,2,7,2,0.7388,0.73049,0.2612,1.38278,349.1723,1043,20.86,0
512,32,trunc,1,2,7,3,0.68537,0.70282,0.31462999999999997,1.38852,337.3605,1043,20.86,0
512,32,trunc,1,2,7,4,0.69611,0.70132,0.30389,1.39402,337.3605,1043,20.86,0
512,32,trunc,1,2,8,0,0.77144,0.75069,0.22855999999999999,1.56674,466.8386,1043,20.86,0
512,32,trunc,1,2,8,1,0.69882,0.69883,0.30118,1.57385,474.8565,1043,20.86,0
512,32,trunc,1,2,8,2,0.71048,0.66617,0.28952,1.5796,495.101,1043,20.86,0
512,32,trunc,1,2,8,3,0.70077,0.70257,0.29923,1.58534,482.1236,1043,20.86,0
512,32,trunc,1,2,8,4,0.68858,0.68611,0.31142000000000003,1.59083,482.1236,1043,20.86,0
512,32,satcomp,2,0,8,0,0.77668,0.77711,0.22331999999999996,0.22433,23.8731,1043,20.86,1
512,32,satcomp,2,1,2,0,0.83283,0.6537,0.16717000000000004,0.41796,229.0482,1043,20.86,1
512,32,satcomp,2,1,2,1,0.83878,0.61007,0.16122000000000003,0.42507,229.8036,1043,20.86,1
512,32,satcomp,2,1,2,2,0.81248,0.68088,0.18752000000000002,0.43082,251.8575,1043,20.86,0
512,32,satcomp,2,1,2,3,0.80195,0.68362,0.19804999999999995,0.43656,247.6606,1043,20.86,0
512,32,satcomp,2,1,2,4,0.7801,0.64946,0.21989999999999998,0.44205,247.6606,1043,20.86,0
512,32,satcomp,2,1,3,0,0.83306,0.73199,0.16693999999999998,0.61473,227.8289,1043,20.86,0
512,32,satcomp,2,1,3,1,0.82807,0.71379,0.17193000000000003,0.62185,228.5842,1043,20.86,0
512,32,satcomp,2,1,3,2,0.81369,0.72201,0.18630999999999998,0.6276,250.6382,1043,20.86,0
512,32,satcomp,2,1,3,3,0.78616,0.71454,0.21384000000000003,0.63334,246.4413,1043,20.86,0
512,32,satcomp,2,1,3,4,0.74322,0.69035,0.25678,0.63883,246.4413,1043,20.86,0
512,32,satcomp,2,1,4,0,0.80757,0.73373,0.19243,0.79861,226.7391,1043,20.86,0
512,32,satcomp,2,1,4,1,0.79174,0.72775,0.20826,0.80572,227.4944,1043,20.86,0
512,32,satcomp,2,1,4,2,0.763,0.726,0.237,0.81147,247.0618,1043,20.86,0
512,32,satcomp,2,1,4,3,0.73369,0.72974,0.26631000000000005,0.81721,230.8789,1043,20.86,0
512,32,satcomp,2,1,4,4,0.71963,0.72152,0.28037,0.82271,230.8789,1043,20.86,0
512,32,satcomp,2,1,5,0,0.79881,0.73099,0.20118999999999998,0.99052,225.6942,1043,20.86,0
512,32,satcomp,2,1,5,1,0.77509,0.73647,0.22491000000000005,0.99763,226.4496,1043,20.86,0
512,32,satcomp,2,1,5,2,0.73459,0.7265,0.26541000000000003,1.00339,247.0618,1043,20.86,0
512,32,satcomp,2,1,5,3,0.74528,0.74171,0.25471999999999995,1.00912,230.8789,1043,20.86,0
512,32,satcomp,2,1,5,4,0.71711,0.71678,0.28289,1.01462,230.8789,1043,20.86,0
512,32,satcomp,2,1,6,0,0.7658,0.73548,0.23419999999999996,1.18184,220.8328,1043,20.86,0
512,32,satcomp,2,1,6,1,0.74918,0.7447,0.25082000000000004,1.18896,221.5882,1043,20.86,0
512,32,satcomp,2,1,6,2,0.73297,0.72999,0.26703,1.19471,242.2004,1043,20.86,0
512,32,satcomp,2,1,6,3,0.74173,0.74171,0.25827,1.20045,226.0175,1043,20.86,0
512,32,satcomp,2,1,6,4,0.71711,0.71678,0.28289,1.20594,226.0175,1043,20.86,0
512,32,satcomp,2,1,7,0,0.7254,0.73398,0.27459999999999996,1.36598,220.8328,1043,20.86,0
512,32,satcomp,2,1,7,1,0.74483,0.7447,0.25517,1.37309,221.5882,1043,20.86,0
512,32,satcomp,2,1,7,2,0.73297,0.72999,0.26703,1.37885,242.2004,1043,20.86,0
512,32,satcomp,2,1,7,3,0.74173,0.74171,0.25827,1.38458,226.0175,1043,20.86,0
512,32,satcomp,2,1,7,4,0.71711,0.71678,0.28289,1.39008,226.0175,1043,20.86,0
512,32,satcomp,2,1,8,0,0.72451,0.73398,0.27549,1.5628,369.256,1043,20.86,0
512,32,satcomp,2,1,8,1,0.74483,0.7447,0.25517,1.56991,370.0113,1043,20.86,0
512,32,satcomp,2,1,8,2,0.73297,0.72999,0.26703,1.57567,386.6283,1043,20.86,0
512,32,satcomp,2,1,8,3,0.74173,0.74171,0.25827,1.5814,369.2798,1043,20.86,0
512,32,satcomp,2,1,8,4,0.71711,0.71678,0.28289,1.5869,369.2798,1043,20.86,0
512,32,satcomp,2,2,2,0,0.34382,0.31937,0.65618,0.41796,278.9143,1043,20.86,0
512,32,satcomp,2,2,2,1,0.30415,0.27749,0.6958500000000001,0.42507,279.6696,1043,20.86,0
512,32,satcomp,2,2,2,2,0.3572,0.44129,0.6428,0.43082,297.6211,1043,20.86,0
512,32,satcomp,2,2,2,3,0.46656,0.41486,0.53344,0.43656,292.166,1043,20.86,0
512,32,satcomp,2,2,2,4,0.42291,0.44079,0.57709,0.44205,292.166,1043,20.86,0
512,32,satcomp,2,2,3,0,0.42313,0.39043,0.57687,0.61473,277.6949,1043,20.86,0
512,32,satcomp,2,2,3,1,0.46316,0.43356,0.53684,0.62185,278.4503,1043,20.86,0
512,32,satcomp,2,2,3,2,0.53761,0.60908,0.46238999999999997,0.6276,296.4018,1043,20.86,0
512,32,satcomp,2,2,3,3,0.53098,0.55373,0.46902,0.63334,290.9467,1043,20.86,0
512,32,satcomp,2,2,3,4,0.61885,0.55572,0.38115,0.63883,290.9467,1043,20.86,0
512,32,satcomp,2,2,4,0,0.60287,0.52905,0.39713,0.79861,274.6605,1043,20.86,0
512,32,satcomp,2,2,4,1,0.62779,0.63176,0.37221000000000004,0.80572,275.4159,1043,20.86,0
512,32,satcomp,2,2,4,2,0.64555,0.62752,0.35445000000000004,0.81147,290.8808,1043,20.86,0
512,32,satcomp,2,2,4,3,0.67083,0.65744,0.32916999999999996,0.81721,273.4397,1043,20.86,0
512,32,satcomp,2,2,4,4,0.72335,0.68113,0.27664999999999995,0.82271,273.4397,1043,20.86,0
512,32,satcomp,2,2,5,0,0.66285,0.63151,0.33714999999999995,0.99052,273.6157,1043,20.86,0
512,32,satcomp,2,2,5,1,0.74325,0.67988,0.25675000000000003,0.99763,274.3711,1043,20.86,0
512,32,satcomp,2,2,5,2,0.75814,0.7624,0.24185999999999996,1.00339,290.8808,1043,20.86,0
512,32,satcomp,2,2,5,3,0.77203,0.74944,0.22797,1.00912,273.4397,1043,20.86,0
512,32,satcomp,2,2,5,4,0.79493,0.71977,0.20506999999999997,1.01462,273.4397,1043,20.86,0
512,32,satcomp,2,2,6,0,0.81188,0.78908,0.18811999999999995,1.18184,268.7543,1043,20.86,0
512,32,satcomp,2,2,6,1,0.83117,0.81426,0.16883000000000004,1.18896,269.5097,1043,20.86,0
512,32,satcomp,2,2,6,2,0.8186,0.7993,0.1814,1.19471,286.0194,1043,20.86,0
512,32,satcomp,2,2,6,3,0.81921,0.77512,0.18079,1.20045,268.5782,1043,20.86,0
512,32,satcomp,2,2,6,4,0.78388,0.76664,0.21611999999999998,1.20594,268.5782,1043,20.86,0
512,32,satcomp,2,2,7,0,0.84192,0.78933,0.15808,1.36598,268.7543,1043,20.86,0
512,32,satcomp,2,2,7,1,0.8444,0.80678,0.15559999999999996,1.37309,269.5097,1043,20.86,0
512,32,satcomp,2,2,7,2,0.7999,0.7831,0.20009999999999994,1.37885,286.0194,1043,20.86,0
512,32,satcomp,2,2,7,3,0.80252,0.76041,0.19748,1.38458,268.5782,1043,20.86,0
512,32,satcomp,2,2,7,4,0.78809,0.78509,0.21191000000000004,1.39008,268.5782,1043,20.86,0
512,32,satcomp,2,2,8,0,0.85065,0.81426,0.14934999999999998,1.5628,417.1774,1043,20.86,0
512,32,satcomp,2,2,8,1,0.81553,0.74919,0.18447000000000002,1.56991,417.9328,1043,20.86,0
512,32,satcomp,2,2,8,2,0.80858,0.76415,0.19142000000000003,1.57567,430.4473,1043,20.86,0
512,32,satcomp,2,2,8,3,0.77549,0.77387,0.22451,1.5814,411.8406,1043,20.86,0
512,32,satcomp,2,2,8,4,0.75866,0.74495,0.24134,1.5869,411.8406,1043,20.86,0
512,32,satcomp,3,0,8,0,0.77566,0.77686,0.22433999999999998,0.22841,23.8731,1043,20.86,0
512,32,satcomp,3,1,2,0,0.83283,0.65395,0.16717000000000004,0.42204,229.0482,1043,20.86,0
512,32,satcomp,3,1,2,1,0.83878,0.61057,0.16122000000000003,0.42915,229.8036,1043,20.86,0
512,32,satcomp,3,1,2,2,0.81248,0.68063,0.18752000000000002,0.4349,251.8575,1043,20.86,0
512,32,satcomp,3,1,2,3,0.80195,0.68462,0.19804999999999995,0.44064,247.6606,1043,20.86,0
512,32,satcomp,3,1,2,4,0.7782,0.65021,0.2218,0.44613,247.6606,1043,20.86,0
512,32,satcomp,3,1,3,0,0.83306,0.73199,0.16693999999999998,0.61881,227.8289,1043,20.86,0
512,32,satcomp,3,1,3,1,0.82807,0.71379,0.17193000000000003,0.62592,228.5842,1043,20.86,0
512,32,satcomp,3,1,3,2,0.81544,0.72226,0.18455999999999995,0.63168,250.6382,1043,20.86,0
512,32,satcomp,3,1,3,3,0.78616,0.71454,0.21384000000000003,0.63741,246.4413,1043,20.86,0
512,32,satcomp,3,1,3,4,0.74322,0.6906,0.25678,0.64291,246.4413,1043,20.86,0
512,32,satcomp,3,1,4,0,0.80845,0.73373,0.19155,0.80269,226.7391,1043,20.86,0
512,32,satcomp,3,1,4,1,0.79174,0.7275,0.20826,0.8098,227.4944,1043,20.86,0
512,32,satcomp,3,1,4,2,0.76389,0.726,0.23611000000000004,0.81555,247.0618,1043,20.86,0
512,32,satcomp,3,1,4,3,0.73369,0.73049,0.26631000000000005,0.82129,230.8789,1043,20.86,0
512,32,satcomp,3,1,4,4,0.71963,0.72177,0.28037,0.82678,230.8789,1043,20.86,0
512,32,satcomp,3,1,5,0,0.79881,0.73099,0.20118999999999998,0.9946,225.6942,1043,20.86,0
512,32,satcomp,3,1,5,1,0.77509,0.73722,0.22491000000000005,1.00171,226.4496,1043,20.86,0
512,32,satcomp,3,1,5,2,0.73459,0.72775,0.26541000000000003,1.00746,247.0618,1043,20.86,0
512,32,satcomp,3,1,5,3,0.74528,0.74221,0.25471999999999995,1.0132,230.8789,1043,20.86,0
512,32,satcomp,3,1,5,4,0.71711,0.71678,0.28289,1.0187,230.8789,1043,20.86,0
512,32,satcomp,3,1,6,0,0.7658,0.73573,0.23419999999999996,1.18592,220.8328,1043,20.86,0
512,32,satcomp,3,1,6,1,0.75012,0.7457,0.24988,1.19303,221.5882,1043,20.86,0
512,32,satcomp,3,1,6,2,0.73492,0.73099,0.26508,1.19879,242.2004,1043,20.86,0
512,32,satcomp,3,1,6,3,0.74173,0.74221,0.25827,1.20452,226.0175,1043,20.86,0
512,32,satcomp,3,1,6,4,0.71711,0.71678,0.28289,1.21002,226.0175,1043,20.86,0
512,32,satcomp,3,1,7,0,0.7254,0.73448,0.27459999999999996,1.37006,220.8328,1043,20.86,0
512,32,satcomp,3,1,7,1,0.74483,0.7457,0.25517,1.37717,221.5882,1043,20.86,0
512,32,satcomp,3,1,7,2,0.73492,0.73099,0.26508,1.38293,242.2004,1043,20.86,0
512,32,satcomp,3,1,7,3,0.74173,0.74221,0.25827,1.38866,226.0175,1043,20.86,0
512,32,satcomp,3,1,7,4,0.71711,0.71678,0.28289,1.39416,226.0175,1043,20.86,0
512,32,satcomp,3,1,8,0,0.72451,0.73448,0.27549,1.56688,369.256,1043,20.86,0
512,32,satcomp,3,1,8,1,0.74483,0.7457,0.25517,1.57399,370.0113,1043,20.86,0
512,32,satcomp,3,1,8,2,0.73492,0.73099,0.26508,1.57974,386.6283,1043,20.86,0
512,32,satcomp,3,1,8,3,0.74173,0.74221,0.25827,1.58548,369.2798,1043,20.86,0
512,32,satcomp,3,1,8,4,0.71711,0.71678,0.28289,1.59098,369.2798,1043,20.86,0
512,32,satcomp,3,2,2,0,0.32968,0.31788,0.67032,0.42204,278.9143,1043,20.86,0
512,32,satcomp,3,2,2,1,0.30474,0.28671,0.69526,0.42915,279.6696,1043,20.86,0
512,32,satcomp,3,2,2,2,0.43767,0.33957,0.56233,0.4349,297.6211,1043,20.86,0
512,32,satcomp,3,2,2,3,0.48822,0.48566,0.51178,0.44064,292.166,1043,20.86,0
512,32,satcomp,3,2,2,4,0.52257,0.53652,0.47743,0.44613,292.166,1043,20.86,0
512,32,satcomp,3,2,3,0,0.37804,0.36649,0.6219600000000001,0.61881,277.6949,1043,20.86,0
512,32,satcomp,3,2,3,1,0.52448,0.55996,0.47552000000000005,0.62592,278.4503,1043,20.86,0
512,32,satcomp,3,2,3,2,0.55995,0.59437,0.44005000000000005,0.63168,296.4018,1043,20.86,0
512,32,satcomp,3,2,3,3,0.65845,0.63326,0.34155,0.63741,290.9467,1043,20.86,0
512,32,satcomp,3,2,3,4,0.69007,0.62777,0.30993000000000004,0.64291,290.9467,1043,20.86,0
512,32,satcomp,3,2,4,0,0.62579,0.48666,0.37421000000000004,0.80269,274.6605,1043,20.86,0
512,32,satcomp,3,2,4,1,0.68945,0.69708,0.31055,0.8098,275.4159,1043,20.86,0
512,32,satcomp,3,2,4,2,0.74763,0.71628,0.25237,0.81555,290.8808,1043,20.86,0
512,32,satcomp,3,2,4,3,0.7555,0.7108,0.24450000000000005,0.82129,273.4397,1043,20.86,0
512,32,satcomp,3,2,4,4,0.76379,0.74919,0.23621000000000003,0.82678,273.4397,1043,20.86,0
512,32,satcomp,3,2,5,0,0.67158,0.57542,0.32842000000000005,0.9946,273.6157,1043,20.86,0
512,32,satcomp,3,2,5,1,0.72065,0.73149,0.27935,1.00171,274.3711,1043,20.86,0
512,32,satcomp,3,2,5,2,0.78689,0.7629,0.21311000000000002,1.00746,290.8808,1043,20.86,0
512,32,satcomp,3,2,5,3,0.75872,0.77512,0.24128000000000005,1.0132,273.4397,1043,20.86,0
512,32,satcomp,3,2,5,4,0.77858,0.73573,0.22141999999999995,1.0187,273.4397,1043,20.86,0
512,32,satcomp,3,2,6,0,0.79722,0.82997,0.20277999999999996,1.18592,268.7543,1043,20.86,0
512,32,satcomp,3,2,6,1,0.84941,0.83321,0.15059,1.19303,269.5097,1043,20.86,0
512,32,satcomp,3,2,6,2,0.83818,0.80055,0.16181999999999996,1.19879,286.0194,1043,20.86,0
512,32,satcomp,3,2,6,3,0.77944,0.77786,0.22055999999999998,1.20452,268.5782,1043,20.86,0
512,32,satcomp,3,2,6,4,0.77104,0.75443,0.22896000000000005,1.21002,268.5782,1043,20.86,0
512,32,satcomp,3,2,7,0,0.858,0.82024,0.14200000000000002,1.37006,268.7543,1043,20.86,0
512,32,satcomp,3,2,7,1,0.85351,0.79157,0.14649,1.37717,269.5097,1043,20.86,0
512,32,satcomp,3,2,7,2,0.7994,0.78484,0.2006,1.38293,286.0194,1043,20.86,0
512,32,satcomp,3,2,7,3,0.78881,0.78135,0.21119,1.38866,268.5782,1043,20.86,0
512,32,satcomp,3,2,7,4,0.78798,0.7801,0.21202,1.39416,268.5782,1043,20.86,0
512,32,satcomp,3,2,8,0,0.84462,0.79556,0.15537999999999996,1.56688,417.1774,1043,20.86,0
512,32,satcomp,3,2,8,1,0.8272,0.7998,0.17279999999999995,1.57399,417.9328,1043,20.86,0
512,32,satcomp,3,2,8,2,0.79888,0.75617,0.20111999999999997,1.57974,430.4473,1043,20.86,0
512,32,satcomp,3,2,8,3,0.80186,0.78709,0.19813999999999998,1.58548,411.8406,1043,20.86,0
512,32,satcomp,3,2,8,4,0.80346,0.75991,0.19654000000000005,1.59098,411.8406,1043,20.86,0
512,32,sampled,4,0,8,0,0.66831,0.69309,0.33169000000000004,0.22867,47.7985,531,10.62,1
512,32,sampled,4,1,2,0,0.78762,0.6006,0.21238,0.4223,277.6013,531,10.62,0
512,32,sampled,4,1,2,1,0.78409,0.59038,0.21591000000000005,0.42941,285.6192,531,10.62,0
512,32,sampled,4,1,2,2,0.77473,0.62927,0.22526999999999997,0.43516,316.0643,531,10.62,0
512,32,sampled,4,1,2,3,0.78891,0.61456,0.21109,0.4409,317.4967,531,10.62,0
512,32,sampled,4,1,2,4,0.73677,0.56195,0.26322999999999996,0.4464,317.4967,531,10.62,0
512,32,sampled,4,1,3,0,0.80143,0.65819,0.19857000000000002,0.61908,276.3819,531,10.62,0
512,32,sampled,4,1,3,1,0.78848,0.67066,0.21152000000000004,0.62619,284.3998,531,10.62,0
512,32,sampled,4,1,3,2,0.76389,0.66966,0.23611000000000004,0.63194,314.8449,531,10.62,0
512,32,sampled,4,1,3,3,0.75312,0.65246,0.24688,0.63768,316.2774,531,10.62,0
512,32,sampled,4,1,3,4,0.69824,0.62304,0.30176000000000003,0.64317,316.2774,531,10.62,0
512,32,sampled,4,1,4,0,0.7643,0.65445,0.23570000000000002,0.80295,279.3309,531,10.62,0
512,32,sampled,4,1,4,1,0.78388,0.67115,0.21611999999999998,0.81006,287.3488,531,10.62,0
512,32,sampled,4,1,4,2,0.73746,0.66417,0.26254,0.81582,315.3074,531,10.62,0
512,32,sampled,4,1,4,3,0.68919,0.65395,0.31081000000000003,0.82155,304.7537,531,10.62,0
512,32,sampled,4,1,4,4,0.66861,0.63849,0.33138999999999996,0.82705,304.7537,531,10.62,0
512,32,sampled,4,1,5,0,0.77805,0.6547,0.22194999999999998,0.99486,278.2861,531,10.62,0
512,32,sampled,4,1,5,1,0.7244,0.66343,0.27559999999999996,1.00197,286.304,531,10.62,0
512,32,sampled,4,1,5,2,0.68941,0.64174,0.31059000000000003,1.00773,315.3074,531,10.62,0
512,32,sampled,4,1,5,3,0.6567,0.65694,0.34330000000000005,1.01346,304.7537,531,10.62,0
512,32,sampled,4,1,5,4,0.64409,0.63675,0.35590999999999995,1.01896,304.7537,531,10.62,0
512,32,sampled,4,1,6,0,0.70341,0.66442,0.29659,1.18619,276.4932,531,10.62,0
512,32,sampled,4,1,6,1,0.65775,0.6532,0.34225000000000005,1.1933,284.5111,531,10.62,0
512,32,sampled,4,1,6,2,0.66347,0.64797,0.33653,1.19905,313.5145,531,10.62,0
512,32,sampled,4,1,6,3,0.65365,0.65694,0.34635000000000005,1.20479,302.9608,531,10.62,0
512,32,sampled,4,1,6,4,0.64409,0.63675,0.35590999999999995,1.21028,302.9608,531,10.62,0
512,32,sampled,4,1,7,0,0.65278,0.66243,0.34722,1.37032,276.4932,531,10.62,0
512,32,sampled,4,1,7,1,0.64638,0.6532,0.35362000000000005,1.37743,284.5111,531,10.62,0
512,32,sampled,4,1,7,2,0.66347,0.64797,0.33653,1.38319,313.5145,531,10.62,0
512,32,sampled,4,1,7,3,0.65365,0.65694,0.34635000000000005,1.38892,302.9608,531,10.62,0
512,32,sampled,4,1,7,4,0.64409,0.63675,0.35590999999999995,1.39442,302.9608,531,10.62,0
512,32,sampled,4,1,8,0,0.65101,0.66243,0.34899,1.56714,426.4171,531,10.62,0
512,32,sampled,4,1,8,1,0.64638,0.6532,0.35362000000000005,1.57425,434.435,531,10.62,0
512,32,sampled,4,1,8,2,0.66347,0.64797,0.33653,1.58001,459.4431,531,10.62,0
512,32,sampled,4,1,8,3,0.65365,0.65694,0.34635000000000005,1.58574,447.724,531,10.62,0
512,32,sampled,4,1,8,4,0.64409,0.63675,0.35590999999999995,1.59124,447.724,531,10.62,0
512,32,sampled,4,2,2,0,0.36114,0.31488,0.63886,0.4223,327.4673,531,10.62,0
512,32,sampled,4,2,2,1,0.31085,0.30616,0.6891499999999999,0.42941,335.4852,531,10.62,0
512,32,sampled,4,2,2,2,0.32305,0.3999,0.6769499999999999,0.43516,361.8279,531,10.62,0
512,32,sampled,4,2,2,3,0.51526,0.42134,0.48473999999999995,0.4409,362.0021,531,10.62,0
512,32,sampled,4,2,2,4,0.51981,0.56619,0.48019,0.4464,362.0021,531,10.62,0
512,32,sampled,4,2,3,0,0.4004,0.38943,0.5996,0.61908,326.248,531,10.62,0
512,32,sampled,4,2,3,1,0.49808,0.40115,0.5019199999999999,0.62619,334.2659,531,10.62,0
512,32,sampled,4,2,3,2,0.57253,0.54824,0.42747,0.63194,360.6085,531,10.62,0
512,32,sampled,4,2,3,3,0.55072,0.55024,0.44928,0.63768,360.7827,531,10.62,0
512,32,sampled,4,2,3,4,0.57649,0.59437,0.42351000000000005,0.64317,360.7827,531,10.62,0
512,32,sampled,4,2,4,0,0.48052,0.45201,0.5194799999999999,0.80295,327.2524,531,10.62,0
512,32,sampled,4,2,4,1,0.64564,0.60234,0.35436,0.81006,335.2703,531,10.62,0
512,32,sampled,4,2,4,2,0.6276,0.59935,0.37239999999999995,0.81582,359.1264,531,10.62,0
512,32,sampled,4,2,4,3,0.68744,0.65046,0.31255999999999995,0.82155,347.3145,531,10.62,0
512,32,sampled,4,2,4,4,0.66324,0.6921,0.33675999999999995,0.82705,347.3145,531,10.62,0
512,32,sampled,4,2,5,0,0.58893,0.59985,0.41107000000000005,0.99486,326.2076,531,10.62,0
512,32,sampled,4,2,5,1,0.65371,0.69559,0.34629,1.00197,334.2255,531,10.62,0
512,32,sampled,4,2,5,2,0.71361,0.70332,0.28639000000000003,1.00773,359.1264,531,10.62,0
512,32,sampled,4,2,5,3,0.76847,0.76141,0.23153,1.01346,347.3145,531,10.62,0
512,32,sampled,4,2,5,4,0.69418,0.728,0.30582,1.01896,347.3145,531,10.62,0
512,32,sampled,4,2,6,0,0.69355,0.67764,0.30645,1.18619,324.4147,531,10.62,0
512,32,sampled,4,2,6,1,0.78435,0.72825,0.21565,1.1933,332.4326,531,10.62,0
512,32,sampled,4,2,6,2,0.77728,0.75318,0.22272000000000003,1.19905,357.3335,531,10.62,0
512,32,sampled,4,2,6,3,0.78001,0.71005,0.21999000000000002,1.20479,345.5216,531,10.62,0
512,32,sampled,4,2,6,4,0.73925,0.68711,0.26075000000000004,1.21028,345.5216,531,10.62,0
512,32,sampled,4,2,7,0,0.80936,0.75019,0.19064000000000003,1.37032,324.4147,531,10.62,0
512,32,sampled,4,2,7,1,0.80102,0.72052,0.19898000000000005,1.37743,332.4326,531,10.62,0
512,32,sampled,4,2,7,2,0.7876,0.74919,0.21240000000000003,1.38319,357.3335,531,10.62,0
512,32,sampled,4,2,7,3,0.74875,0.729,0.25125,1.38892,345.5216,531,10.62,0
512,32,sampled,4,2,7,4,0.73174,0.7078,0.26826000000000005,1.39442,345.5216,531,10.62,0
512,32,sampled,4,2,8,0,0.8252,0.71179,0.17479999999999996,1.56714,474.3386,531,10.62,0
512,32,sampled,4,2,8,1,0.76699,0.70905,0.23301000000000005,1.57425,482.3565,531,10.62,0
512,32,sampled,4,2,8,2,0.73887,0.70855,0.26113,1.58001,503.2622,531,10.62,0
512,32,sampled,4,2,8,3,0.75158,0.7088,0.24841999999999997,1.58574,490.2848,531,10.62,0
512,32,sampled,4,2,8,4,0.73485,0.72999,0.26515,1.59124,490.2848,531,10.62,0
512,64,exact,0,0,8,0,0.77566,0.77686,0.22433999999999998,0.29536,34.348,523,10.46,0
512,64,exact,0,1,2,0,0.83283,0.65395,0.16717000000000004,0.51742,265.2829,523,10.46,0
512,64,exact,0,1,2,1,0.83878,0.61057,0.16122000000000003,0.53006,273.3008,523,10.46,0
512,64,exact,0,1,2,2,0.81248,0.68063,0.18752000000000002,0.54184,324.5368,523,10.46,0
512,64,exact,0,1,2,3,0.80195,0.68462,0.19804999999999995,0.55239,330.6378,523,10.46,0
512,64,exact,0,1,2,4,0.7782,0.65021,0.2218,0.56524,330.6378,523,10.46,0
512,64,exact,0,1,3,0,0.83306,0.73199,0.16693999999999998,0.74557,264.0636,523,10.46,0
512,64,exact,0,1,3,1,0.82807,0.71379,0.17193000000000003,0.75822,272.0815,523,10.46,0
512,64,exact,0,1,3,2,0.81544,0.72226,0.18455999999999995,0.77,323.3175,523,10.46,0
512,64,exact,0,1,3,3,0.78616,0.71454,0.21384000000000003,0.78055,329.4185,523,10.46,0
512,64,exact,0,1,3,4,0.74322,0.6906,0.25678,0.7934,329.4185,523,10.46,0
512,64,exact,0,1,4,0,0.80845,0.73373,0.19155,0.94853,260.2343,523,10.46,0
512,64,exact,0,1,4,1,0.79174,0.7275,0.20826,0.96117,268.2522,523,10.46,0
512,64,exact,0,1,4,2,0.76389,0.726,0.23611000000000004,0.97295,317.0017,523,10.46,0
512,64,exact,0,1,4,3,0.73369,0.73049,0.26631000000000005,0.98351,311.1166,523,10.46,0
512,64,exact,0,1,4,4,0.71963,0.72177,0.28037,0.99636,311.1166,523,10.46,0
512,64,exact,0,1,5,0,0.79881,0.73099,0.20118999999999998,1.1674,259.1895,523,10.46,0
512,64,exact,0,1,5,1,0.77509,0.73722,0.22491000000000005,1.18004,267.2074,523,10.46,0
512,64,exact,0,1,5,2,0.73459,0.72775,0.26541000000000003,1.19182,317.0017,523,10.46,0
512,64,exact,0,1,5,3,0.74528,0.74221,0.25471999999999995,1.20238,311.1166,523,10.46,0
512,64,exact,0,1,5,4,0.71711,0.71678,0.28289,1.21523,311.1166,523,10.46,0
512,64,exact,0,1,6,0,0.7658,0.73573,0.23419999999999996,1.38478,257.3966,523,10.46,0
512,64,exact,0,1,6,1,0.75012,0.7457,0.24988,1.39742,265.4145,523,10.46,0
512,64,exact,0,1,6,2,0.73492,0.73099,0.26508,1.4092,315.2088,523,10.46,0
512,64,exact,0,1,6,3,0.74173,0.74221,0.25827,1.41975,309.3237,523,10.46,0
512,64,exact,0,1,6,4,0.71711,0.71678,0.28289,1.4326,309.3237,523,10.46,0
512,64,exact,0,1,7,0,0.7254,0.73448,0.27459999999999996,1.58739,257.3966,523,10.46,0
512,64,exact,0,1,7,1,0.74483,0.7457,0.25517,1.60003,265.4145,523,10.46,0
512,64,exact,0,1,7,2,0.73492,0.73099,0.26508,1.61181,315.2088,523,10.46,0
512,64,exact,0,1,7,3,0.74173,0.74221,0.25827,1.62237,309.3237,523,10.46,0
512,64,exact,0,1,7,4,0.71711,0.71678,0.28289,1.63522,309.3237,523,10.46,0
512,64,exact,0,1,8,0,0.72451,0.73448,0.27549,1.8145,394.6029,523,10.46,0
512,64,exact,0,1,8,1,0.74483,0.7457,0.25517,1.82714,402.6208,523,10.46,0
512,64,exact,0,1,8,2,0.73492,0.73099,0.26508,1.83892,448.4199,523,10.46,0
512,64,exact,0,1,8,3,0.74173,0.74221,0.25827,1.84948,441.3693,523,10.46,0
512,64,exact,0,1,8,4,0.71711,0.71678,0.28289,1.86233,441.3693,523,10.46,0
512,64,exact,0,2,2,0,0.32968,0.31788,0.67032,0.51742,311.2175,523,10.46,0
512,64,exact,0,2,2,1,0.31711,0.33508,0.68289,0.53006,319.2354,523,10.46,0
512,64,exact,0,2,2,2,0.40189,0.42009,0.5981099999999999,0.54184,366.369,523,10.46,0
512,64,exact,0,2,2,3,0.45024,0.49738,0.54976,0.55239,371.2117,523,10.46,0
512,64,exact,0,2,2,4,0.5299,0.43306,0.47009999999999996,0.56524,371.2117,523,10.46,0
512,64,exact,0,2,3,0,0.37804,0.36649,0.6219600000000001,0.74557,309.9981,523,10.46,0
512,64,exact,0,2,3,1,0.43028,0.48766,0.56972,0.75822,318.016,523,10.46,0
512,64,exact,0,2,3,2,0.52942,0.55871,0.47058,0.77,365.1496,523,10.46,0
512,64,exact,0,2,3,3,0.63582,0.6532,0.36417999999999995,0.78055,369.9924,523,10.46,0
512,64,exact,0,2,3,4,0.72814,0.65445,0.27186,0.7934,369.9924,523,10.46,0
512,64,exact,0,2,4,0,0.62579,0.48666,0.37421000000000004,0.94853,304.2243,523,10.46,0
512,64,exact,0,2,4,1,0.62577,0.68088,0.37422999999999995,0.96117,312.2422,523,10.46,0
512,64,exact,0,2,4,2,0.67318,0.69584,0.32682,0.97295,356.8892,523,10.46,0
512,64,exact,0,2,4,3,0.75356,0.70656,0.24644,0.98351,349.7459,523,10.46,0
512,64,exact,0,2,4,4,0.77658,0.75742,0.22341999999999995,0.99636,349.7459,523,10.46,0
512,64,exact,0,2,5,0,0.67158,0.57542,0.32842000000000005,1.1674,303.1795,523,10.46,0
512,64,exact,0,2,5,1,0.77147,0.73099,0.22853,1.18004,311.1974,523,10.46,0
512,64,exact,0,2,5,2,0.81529,0.74894,0.18471000000000004,1.19182,356.8892,523,10.46,0
512,64,exact,0,2,5,3,0.75872,0.77512,0.24128000000000005,1.20238,349.7459,523,10.46,0
512,64,exact,0,2,5,4,0.77858,0.73573,0.22141999999999995,1.21523,349.7459,523,10.46,0
512,64,exact,0,2,6,0,0.79722,0.82997,0.20277999999999996,1.38478,301.3866,523,10.46,0
512,64,exact,0,2,6,1,0.84941,0.83321,0.15059,1.39742,309.4045,523,10.46,0
512,64,exact,0,2,6,2,0.83818,0.80055,0.16181999999999996,1.4092,355.0963,523,10.46,0
512,64,exact,0,2,6,3,0.77944,0.77786,0.22055999999999998,1.41975,347.953,523,10.46,0
512,64,exact,0,2,6,4,0.77104,0.75443,0.22896000000000005,1.4326,347.953,523,10.46,0
512,64,exact,0,2,7,0,0.858,0.82024,0.14200000000000002,1.58739,301.3866,523,10.46,0
512,64,exact,0,2,7,1,0.85351,0.79157,0.14649,1.60003,309.4045,523,10.46,0
512,64,exact,0,2,7,2,0.7994,0.78484,0.2006,1.61181,355.0963,523,10.46,0
512,64,exact,0,2,7,3,0.78881,0.78135,0.21119,1.62237,347.953,523,10.46,0
512,64,exact,0,2,7,4,0.78798,0.7801,0.21202,1.63522,347.953,523,10.46,0
512,64,exact,0,2,8,0,0.84462,0.79556,0.15537999999999996,1.8145,438.5929,523,10.46,0
512,64,exact,0,2,8,1,0.8272,0.7998,0.17279999999999995,1.82714,446.6108,523,10.46,0
512,64,exact,0,2,8,2,0.79888,0.75617,0.20111999999999997,1.83892,488.3074,523,10.46,0
512,64,exact,0,2,8,3,0.80186,0.78709,0.19813999999999998,1.84948,479.9986,523,10.46,0
512,64,exact,0,2,8,4,0.80346,0.75991,0.19654000000000005,1.86233,479.9986,523,10.46,0
512,64,trunc,1,0,8,0,0.58906,0.59187,0.41093999999999997,0.29152,35.0091,523,10.46,0
512,64,trunc,1,1,2,0,0.76059,0.52481,0.23941,0.51358,265.9441,523,10.46,0
512,64,trunc,1,1,2,1,0.75487,0.51608,0.24512999999999996,0.52622,273.962,523,10.46,0
512,64,trunc,1,1,2,2,0.74472,0.58763,0.25527999999999995,0.538,324.5368,523,10.46,0
512,64,trunc,1,1,2,3,0.74029,0.57392,0.25971,0.54856,330.6378,523,10.46,0
512,64,trunc,1,1,2,4,0.70237,0.54425,0.29762999999999995,0.56141,330.6378,523,10.46,0
512,64,trunc,1,1,3,0,0.76034,0.57542,0.23965999999999998,0.74174,264.7247,523,10.46,0
512,64,trunc,1,1,3,1,0.74988,0.54351,0.25012,0.75438,272.7426,523,10.46,0
512,64,trunc,1,1,3,2,0.75167,0.56993,0.24833000000000005,0.76616,323.3175,523,10.46,0
512,64,trunc,1,1,3,3,0.72218,0.54375,0.27781999999999996,0.77672,329.4185,523,10.46,0
512,64,trunc,1,1,3,4,0.63421,0.53004,0.36578999999999995,0.78957,329.4185,523,10.46,0
512,64,trunc,1,1,4,0,0.73246,0.54251,0.26754,0.94469,260.8955,523,10.46,0
512,64,trunc,1,1,4,1,0.69898,0.54375,0.30101999999999995,0.95734,268.9134,523,10.46,0
512,64,trunc,1,1,4,2,0.70062,0.5637,0.29938,0.96912,317.0017,523,10.46,0
512,64,trunc,1,1,4,3,0.62037,0.55423,0.37963,0.97967,311.1166,523,10.46,0
512,64,trunc,1,1,4,4,0.593,0.55024,0.40700000000000003,0.99252,311.1166,523,10.46,0
512,64,trunc,1,1,5,0,0.70164,0.547,0.29835999999999996,1.16356,259.8507,523,10.46,0
512,64,trunc,1,1,5,1,0.68234,0.56046,0.31766000000000005,1.1762,267.8686,523,10.46,0
512,64,trunc,1,1,5,2,0.60588,0.55921,0.39412,1.18798,317.0017,523,10.46,0
512,64,trunc,1,1,5,3,0.5922,0.55797,0.40780000000000005,1.19854,311.1166,523,10.46,0
512,64,trunc,1,1,5,4,0.57397,0.5465,0.42603,1.21139,311.1166,523,10.46,0
512,64,trunc,1,1,6,0,0.66502,0.55722,0.33498000000000006,1.38094,258.0578,523,10.46,0
512,64,trunc,1,1,6,1,0.59179,0.55946,0.40820999999999996,1.39358,266.0757,523,10.46,0
512,64,trunc,1,1,6,2,0.58746,0.56245,0.41254,1.40536,315.2088,523,10.46,0
512,64,trunc,1,1,6,3,0.59043,0.55797,0.40957,1.41592,309.3237,523,10.46,0
512,64,trunc,1,1,6,4,0.57397,0.5465,0.42603,1.42877,309.3237,523,10.46,0
512,64,trunc,1,1,7,0,0.58454,0.55797,0.41546000000000005,1.58355,258.0578,523,10.46,0
512,64,trunc,1,1,7,1,0.58731,0.55946,0.41269,1.59619,266.0757,523,10.46,0
512,64,trunc,1,1,7,2,0.58746,0.56245,0.41254,1.60797,315.2088,523,10.46,0
512,64,trunc,1,1,7,3,0.59043,0.55797,0.40957,1.61853,309.3237,523,10.46,0
512,64,trunc,1,1,7,4,0.57397,0.5465,0.42603,1.63138,309.3237,523,10.46,0
512,64,trunc,1,1,8,0,0.58365,0.55797,0.41635,1.81066,395.2641,523,10.46,0
512,64,trunc,1,1,8,1,0.58731,0.55946,0.41269,1.8233,403.282,523,10.46,0
512,64,trunc,1,1,8,2,0.58746,0.56245,0.41254,1.83508,448.4199,523,10.46,0
512,64,trunc,1,1,8,3,0.59043,0.55797,0.40957,1.84564,441.3693,523,10.46,0
512,64,trunc,1,1,8,4,0.57397,0.5465,0.42603,1.85849,441.3693,523,10.46,0
512,64,trunc,1,2,2,0,0.31932,0.31538,0.68068,0.51358,311.8787,523,10.46,0
512,64,trunc,1,2,2,1,0.29659,0.29145,0.70341,0.52622,319.8966,523,10.46,0
512,64,trunc,1,2,2,2,0.40663,0.30416,0.59337,0.538,366.369,523,10.46,0
512,64,trunc,1,2,2,3,0.52525,0.51409,0.47475,0.54856,371.2117,523,10.46,0
512,64,trunc,1,2,2,4,0.49826,0.49115,0.5017400000000001,0.56141,371.2117,523,10.46,0
512,64,trunc,1,2,3,0,0.40329,0.38669,0.5967100000000001,0.74174,310.6593,523,10.46,0
512,64,trunc,1,2,3,1,0.49418,0.48317,0.5058199999999999,0.75438,318.6772,523,10.46,0
512,64,trunc,1,2,3,2,0.51513,0.50386,0.48487,0.76616,365.1496,523,10.46,0
512,64,trunc,1,2,3,3,0.64127,0.58963,0.35873,0.77672,369.9924,523,10.46,0
512,64,trunc,1,2,3,4,0.62387,0.61905,0.37612999999999996,0.78957,369.9924,523,10.46,0
512,64,trunc,1,2,4,0,0.64593,0.63575,0.35407,0.94469,304.8855,523,10.46,0
512,64,trunc,1,2,4,1,0.62769,0.6198,0.37231000000000003,0.95734,312.9034,523,10.46,0
512,64,trunc,1,2,4,2,0.69705,0.60534,0.30295000000000005,0.96912,356.8892,523,10.46,0
512,64,trunc,1,2,4,3,0.68439,0.67041,0.31560999999999995,0.97967,349.7459,523,10.46,0
512,64,trunc,1,2,4,4,0.69405,0.69933,0.30595000000000006,0.99252,349.7459,523,10.46,0
512,64,trunc,1,2,5,0,0.6241,0.53278,0.3759,1.16356,303.8407,523,10.46,0
512,64,trunc,1,2,5,1,0.7171,0.72974,0.28290000000000004,1.1762,311.8586,523,10.46,0
512,64,trunc,1,2,5,2,0.73586,0.70905,0.26414000000000004,1.18798,356.8892,523,10.46,0
512,64,trunc,1,2,5,3,0.7915,0.7831,0.20850000000000002,1.19854,349.7459,523,10.46,0
512,64,trunc,1,2,5,4,0.73639,0.73573,0.26361,1.21139,349.7459,523,10.46,0
512,64,trunc,1,2,6,0,0.74944,0.75318,0.25056,1.38094,302.0478,523,10.46,0
512,64,trunc,1,2,6,1,0.79855,0.75318,0.20145000000000002,1.39358,310.0657,523,10.46,0
512,64,trunc,1,2,6,2,0.79111,0.74096,0.20889000000000002,1.40536,355.0963,523,10.46,0
512,64,trunc,1,2,6,3,0.73606,0.7255,0.26393999999999995,1.41592,347.953,523,10.46,0
512,64,trunc,1,2,6,4,0.6939,0.68512,0.30610000000000004,1.42877,347.953,523,10.46,0
512,64,trunc,1,2,7,0,0.78883,0.73772,0.21116999999999997,1.58355,302.0478,523,10.46,0
512,64,trunc,1,2,7,1,0.76171,0.7467,0.23829,1.59619,310.0657,523,10.46,0
512,64,trunc,1,2,7,2,0.7388,0.73049,0.2612,1.60797,355.0963,523,10.46,0
512,64,trunc,1,2,7,3,0.68537,0.70282,0.31462999999999997,1.61853,347.953,523,10.46,0
512,64,trunc,1,2,7,4,0.69611,0.70132,0.30389,1.63138,347.953,523,10.46,0
512,64,trunc,1,2,8,0,0.77144,0.75069,0.22855999999999999,1.81066,439.2541,523,10.46,0
512,64,trunc,1,2,8,1,0.69882,0.69883,0.30118,1.8233,447.272,523,10.46,0
512,64,trunc,1,2,8,2,0.71048,0.66617,0.28952,1.83508,488.3074,523,10.46,0
512,64,trunc,1,2,8,3,0.70077,0.70257,0.29923,1.84564,479.9986,523,10.46,0
512,64,trunc,1,2,8,4,0.68858,0.68611,0.31142000000000003,1.85849,479.9986,523,10.46,0
512,64,satcomp,2,0,8,0,0.77668,0.77711,0.22331999999999996,0.28502,16.3014,523,10.46,0
512,64,satcomp,2,1,2,0,0.83283,0.6537,0.16717000000000004,0.50708,222.6086,523,10.46,1
512,64,satcomp,2,1,2,1,0.83878,0.61007,0.16122000000000003,0.51972,223.364,523,10.46,1
512,64,satcomp,2,1,2,2,0.81248,0.68088,0.18752000000000002,0.5315,266.2088,523,10.46,0
512,64,satcomp,2,1,2,3,0.80195,0.68362,0.19804999999999995,0.54206,266.6805,523,10.46,0
512,64,satcomp,2,1,2,4,0.7801,0.64946,0.21989999999999998,0.55491,266.6805,523,10.46,0
512,64,satcomp,2,1,3,0,0.83306,0.73199,0.16693999999999998,0.73524,221.3892,523,10.46,0
512,64,satcomp,2,1,3,1,0.82807,0.71379,0.17193000000000003,0.74788,222.1446,523,10.46,0
512,64,satcomp,2,1,3,2,0.81369,0.72201,0.18630999999999998,0.75966,264.9895,523,10.46,0
512,64,satcomp,2,1,3,3,0.78616,0.71454,0.21384000000000003,0.77021,265.4611,523,10.46,0
512,64,satcomp,2,1,3,4,0.74322,0.69035,0.25678,0.78306,265.4611,523,10.46,0
512,64,satcomp,2,1,4,0,0.80757,0.73373,0.19243,0.93819,217.56,523,10.46,0
512,64,satcomp,2,1,4,1,0.79174,0.72775,0.20826,0.95083,218.3154,523,10.46,0
512,64,satcomp,2,1,4,2,0.763,0.726,0.237,0.96261,258.6737,523,10.46,0
512,64,satcomp,2,1,4,3,0.73369,0.72974,0.26631000000000005,0.97317,247.1593,523,10.46,0
512,64,satcomp,2,1,4,4,0.71963,0.72152,0.28037,0.98602,247.1593,523,10.46,0
512,64,satcomp,2,1,5,0,0.79881,0.73099,0.20118999999999998,1.15706,216.5152,523,10.46,0
512,64,satcomp,2,1,5,1,0.77509,0.73647,0.22491000000000005,1.1697,217.2705,523,10.46,0
512,64,satcomp,2,1,5,2,0.73459,0.7265,0.26541000000000003,1.18148,258.6737,523,10.46,0
512,64,satcomp,2,1,5,3,0.74528,0.74171,0.25471999999999995,1.19204,247.1593,523,10.46,0
512,64,satcomp,2,1,5,4,0.71711,0.71678,0.28289,1.20489,247.1593,523,10.46,0
512,64,satcomp,2,1,6,0,0.7658,0.73548,0.23419999999999996,1.37444,211.6538,523,10.46,0
512,64,satcomp,2,1,6,1,0.74918,0.7447,0.25082000000000004,1.38708,212.4091,523,10.46,0
512,64,satcomp,2,1,6,2,0.73297,0.72999,0.26703,1.39886,253.8123,523,10.46,0
512,64,satcomp,2,1,6,3,0.74173,0.74171,0.25827,1.40942,242.2979,523,10.46,0
512,64,satcomp,2,1,6,4,0.71711,0.71678,0.28289,1.42226,242.2979,523,10.46,0
512,64,satcomp,2,1,7,0,0.7254,0.73398,0.27459999999999996,1.57705,211.6538,523,10.46,0
512,64,satcomp,2,1,7,1,0.74483,0.7447,0.25517,1.58969,212.4091,523,10.46,0
512,64,satcomp,2,1,7,2,0.73297,0.72999,0.26703,1.60147,253.8123,523,10.46,0
512,64,satcomp,2,1,7,3,0.74173,0.74171,0.25827,1.61203,242.2979,523,10.46,0
512,64,satcomp,2,1,7,4,0.71711,0.71678,0.28289,1.62488,242.2979,523,10.46,0
512,64,satcomp,2,1,8,0,0.72451,0.73398,0.27549,1.80416,347.3593,523,10.46,0
512,64,satcomp,2,1,8,1,0.74483,0.7447,0.25517,1.8168,348.1147,523,10.46,0
512,64,satcomp,2,1,8,2,0.73297,0.72999,0.26703,1.82858,385.5226,523,10.46,0
512,64,satcomp,2,1,8,3,0.74173,0.74171,0.25827,1.83914,372.8426,523,10.46,0
512,64,satcomp,2,1,8,4,0.71711,0.71678,0.28289,1.85199,372.8426,523,10.46,0
512,64,satcomp,2,2,2,0,0.34382,0.31937,0.65618,0.50708,268.5432,523,10.46,0
512,64,satcomp,2,2,2,1,0.30415,0.27749,0.6958500000000001,0.51972,269.2985,523,10.46,0
512,64,satcomp,2,2,2,2,0.3572,0.44129,0.6428,0.5315,308.041,523,10.46,0
512,64,satcomp,2,2,2,3,0.46656,0.41486,0.53344,0.54206,307.2544,523,10.46,0
512,64,satcomp,2,2,2,4,0.42291,0.44079,0.57709,0.55491,307.2544,523,10.46,0
512,64,satcomp,2,2,3,0,0.42313,0.39043,0.57687,0.73524,267.3238,523,10.46,0
512,64,satcomp,2,2,3,1,0.46316,0.43356,0.53684,0.74788,268.0792,523,10.46,0
512,64,satcomp,2,2,3,2,0.53761,0.60908,0.46238999999999997,0.75966,306.8216,523,10.46,0
512,64,satcomp,2,2,3,3,0.53098,0.55373,0.46902,0.77021,306.035,523,10.46,0
512,64,satcomp,2,2,3,4,0.61885,0.55572,0.38115,0.78306,306.035,523,10.46,0
512,64,satcomp,2,2,4,0,0.60287,0.52905,0.39713,0.93819,261.55,523,10.46,0
512,64,satcomp,2,2,4,1,0.62779,0.63176,0.37221000000000004,0.95083,262.3054,523,10.46,0
512,64,satcomp,2,2,4,2,0.64555,0.62752,0.35445000000000004,0.96261,298.5612,523,10.46,0
512,64,satcomp,2,2,4,3,0.67083,0.65744,0.32916999999999996,0.97317,285.7886,523,10.46,0
512,64,satcomp,2,2,4,4,0.72335,0.68113,0.27664999999999995,0.98602,285.7886,523,10.46,0
512,64,satcomp,2,2,5,0,0.66285,0.63151,0.33714999999999995,1.15706,260.5052,523,10.46,0
512,64,satcomp,2,2,5,1,0.74325,0.67988,0.25675000000000003,1.1697,261.2605,523,10.46,0
512,64,satcomp,2,2,5,2,0.75814,0.7624,0.24185999999999996,1.18148,298.5612,523,10.46,0
512,64,satcomp,2,2,5,3,0.77203,0.74944,0.22797,1.19204,285.7886,523,10.46,0
512,64,satcomp,2,2,5,4,0.79493,0.71977,0.20506999999999997,1.20489,285.7886,523,10.46,0
512,64,satcomp,2,2,6,0,0.81188,0.78908,0.18811999999999995,1.37444,255.6438,523,10.46,0
512,64,satcomp,2,2,6,1,0.83117,0.81426,0.16883000000000004,1.38708,256.3991,523,10.46,0
512,64,satcomp,2,2,6,2,0.8186,0.7993,0.1814,1.39886,293.6998,523,10.46,0
512,64,satcomp,2,2,6,3,0.81921,0.77512,0.18079,1.40942,280.9272,523,10.46,0
512,64,satcomp,2,2,6,4,0.78388,0.76664,0.21611999999999998,1.42226,280.9272,523,10.46,0
512,64,satcomp,2,2,7,0,0.84192,0.78933,0.15808,1.57705,255.6438,523,10.46,0
512,64,satcomp,2,2,7,1,0.8444,0.80678,0.15559999999999996,1.58969,256.3991,523,10.46,0
512,64,satcomp,2,2,7,2,0.7999,0.7831,0.20009999999999994,1.60147,293.6998,523,10.46,0
512,64,satcomp,2,2,7,3,0.80252,0.76041,0.19748,1.61203,280.9272,523,10.46,0
512,64,satcomp,2,2,7,4,0.78809,0.78509,0.21191000000000004,1.62488,280.9272,523,10.46,0
512,64,satcomp,2,2,8,0,0.85065,0.81426,0.14934999999999998,1.80416,391.3493,523,10.46,0
512,64,satcomp,2,2,8,1,0.81553,0.74919,0.18447000000000002,1.8168,392.1047,523,10.46,0
512,64,satcomp,2,2,8,2,0.80858,0.76415,0.19142000000000003,1.82858,425.4101,523,10.46,0
512,64,satcomp,2,2,8,3,0.77549,0.77387,0.22451,1.83914,411.472,523,10.46,0
512,64,satcomp,2,2,8,4,0.75866,0.74495,0.24134,1.85199,411.472,523,10.46,0
512,64,satcomp,3,0,8,0,0.77566,0.77686,0.22433999999999998,0.29213,16.3014,523,10.46,0
512,64,satcomp,3,1,2,0,0.83283,0.65395,0.16717000000000004,0.51419,222.6086,523,10.46,0
512,64,satcomp,3,1,2,1,0.83878,0.61057,0.16122000000000003,0.52683,223.364,523,10.46,0
512,64,satcomp,3,1,2,2,0.81248,0.68063,0.18752000000000002,0.53861,266.2088,523,10.46,0
512,64,satcomp,3,1,2,3,0.80195,0.68462,0.19804999999999995,0.54916,266.6805,523,10.46,0
512,64,satcomp,3,1,2,4,0.7782,0.65021,0.2218,0.56201,266.6805,523,10.46,0
512,64,satcomp,3,1,3,0,0.83306,0.73199,0.16693999999999998,0.74234,221.3892,523,10.46,0
512,64,satcomp,3,1,3,1,0.82807,0.71379,0.17193000000000003,0.75498,222.1446,523,10.46,0
512,64,satcomp,3,1,3,2,0.81544,0.72226,0.18455999999999995,0.76676,264.9895,523,10.46,0
512,64,satcomp,3,1,3,3,0.78616,0.71454,0.21384000000000003,0.77732,265.4611,523,10.46,0
512,64,satcomp,3,1,3,4,0.74322,0.6906,0.25678,0.79017,265.4611,523,10.46,0
512,64,satcomp,3,1,4,0,0.80845,0.73373,0.19155,0.9453,217.56,523,10.46,0
512,64,satcomp,3,1,4,1,0.79174,0.7275,0.20826,0.95794,218.3154,523,10.46,0
512,64,satcomp,3,1,4,2,0.76389,0.726,0.23611000000000004,0.96972,258.6737,523,10.46,0
512,64,satcomp,3,1,4,3,0.73369,0.73049,0.26631000000000005,0.98028,247.1593,523,10.46,0
512,64,satcomp,3,1,4,4,0.71963,0.72177,0.28037,0.99313,247.1593,523,10.46,0
512,64,satcomp,3,1,5,0,0.79881,0.73099,0.20118999999999998,1.16417,216.5152,523,10.46,0
512,64,satcomp,3,1,5,1,0.77509,0.73722,0.22491000000000005,1.17681,217.2705,523,10.46,0
512,64,satcomp,3,1,5,2,0.73459,0.72775,0.26541000000000003,1.18859,258.6737,523,10.46,0
512,64,satcomp,3,1,5,3,0.74528,0.74221,0.25471999999999995,1.19915,247.1593,523,10.46,0
512,64,satcomp,3,1,5,4,0.71711,0.71678,0.28289,1.212,247.1593,523,10.46,0
512,64,satcomp,3,1,6,0,0.7658,0.73573,0.23419999999999996,1.38154,211.6538,523,10.46,0
512,64,satcomp,3,1,6,1,0.75012,0.7457,0.24988,1.39419,212.4091,523,10.46,0
512,64,satcomp,3,1,6,2,0.73492,0.73099,0.26508,1.40597,253.8123,523,10.46,0
512,64,satcomp,3,1,6,3,0.74173,0.74221,0.25827,1.41652,242.2979,523,10.46,0
512,64,satcomp,3,1,6,4,0.71711,0.71678,0.28289,1.42937,242.2979,523,10.46,0
512,64,satcomp,3,1,7,0,0.7254,0.73448,0.27459999999999996,1.58416,211.6538,523,10.46,0
512,64,satcomp,3,1,7,1,0.74483,0.7457,0.25517,1.5968,212.4091,523,10.46,0
512,64,satcomp,3,1,7,2,0.73492,0.73099,0.26508,1.60858,253.8123,523,10.46,0
512,64,satcomp,3,1,7,3,0.74173,0.74221,0.25827,1.61914,242.2979,523,10.46,0
512,64,satcomp,3,1,7,4,0.71711,0.71678,0.28289,1.63199,242.2979,523,10.46,0
512,64,satcomp,3,1,8,0,0.72451,0.73448,0.27549,1.81127,347.3593,523,10.46,0
512,64,satcomp,3,1,8,1,0.74483,0.7457,0.25517,1.82391,348.1147,523,10.46,0
512,64,satcomp,3,1,8,2,0.73492,0.73099,0.26508,1.83569,385.5226,523,10.46,0
512,64,satcomp,3,1,8,3,0.74173,0.74221,0.25827,1.84624,372.8426,523,10.46,0
512,64,satcomp,3,1,8,4,0.71711,0.71678,0.28289,1.85909,372.8426,523,10.46,0
512,64,satcomp,3,2,2,0,0.32968,0.31788,0.67032,0.51419,268.5432,523,10.46,0
512,64,satcomp,3,2,2,1,0.30474,0.28671,0.69526,0.52683,269.2985,523,10.46,0
512,64,satcomp,3,2,2,2,0.43767,0.33957,0.56233,0.53861,308.041,523,10.46,0
512,64,satcomp,3,2,2,3,0.48822,0.48566,0.51178,0.54916,307.2544,523,10.46,0
512,64,satcomp,3,2,2,4,0.52257,0.53652,0.47743,0.56201,307.2544,523,10.46,0
512,64,satcomp,3,2,3,0,0.37804,0.36649,0.6219600000000001,0.74234,267.3238,523,10.46,0
512,64,satcomp,3,2,3,1,0.52448,0.55996,0.47552000000000005,0.75498,268.0792,523,10.46,0
512,64,satcomp,3,2,3,2,0.55995,0.59437,0.44005000000000005,0.76676,306.8216,523,10.46,0
512,64,satcomp,3,2,3,3,0.65845,0.63326,0.34155,0.77732,306.035,523,10.46,0
512,64,satcomp,3,2,3,4,0.69007,0.62777,0.30993000000000004,0.79017,306.035,523,10.46,0
512,64,satcomp,3,2,4,0,0.62579,0.48666,0.37421000000000004,0.9453,261.55,523,10.46,0
512,64,satcomp,3,2,4,1,0.68945,0.69708,0.31055,0.95794,262.3054,523,10.46,0
512,64,satcomp,3,2,4,2,0.74763,0.71628,0.25237,0.96972,298.5612,523,10.46,0
512,64,satcomp,3,2,4,3,0.7555,0.7108,0.24450000000000005,0.98028,285.7886,523,10.46,0
512,64,satcomp,3,2,4,4,0.76379,0.74919,0.23621000000000003,0.99313,285.7886,523,10.46,0
512,64,satcomp,3,2,5,0,0.67158,0.57542,0.32842000000000005,1.16417,260.5052,523,10.46,0
512,64,satcomp,3,2,5,1,0.72065,0.73149,0.27935,1.17681,261.2605,523,10.46,0
512,64,satcomp,3,2,5,2,0.78689,0.7629,0.21311000000000002,1.18859,298.5612,523,10.46,0
512,64,satcomp,3,2,5,3,0.75872,0.77512,0.24128000000000005,1.19915,285.7886,523,10.46,0
512,64,satcomp,3,2,5,4,0.77858,0.73573,0.22141999999999995,1.212,285.7886,523,10.46,0
512,64,satcomp,3,2,6,0,0.79722,0.82997,0.20277999999999996,1.38154,255.6438,523,10.46,0
512,64,satcomp,3,2,6,1,0.84941,0.83321,0.15059,1.39419,256.3991,523,10.46,1
512,64,satcomp,3,2,6,2,0.83818,0.80055,0.16181999999999996,1.40597,293.6998,523,10.46,0
512,64,satcomp,3,2,6,3,0.77944,0.77786,0.22055999999999998,1.41652,280.9272,523,10.46,0
512,64,satcomp,3,2,6,4,0.77104,0.75443,0.22896000000000005,1.42937,280.9272,523,10.46,0
512,64,satcomp,3,2,7,0,0.858,0.82024,0.14200000000000002,1.58416,255.6438,523,10.46,1
512,64,satcomp,3,2,7,1,0.85351,0.79157,0.14649,1.5968,256.3991,523,10.46,0
512,64,satcomp,3,2,7,2,0.7994,0.78484,0.2006,1.60858,293.6998,523,10.46,0
512,64,satcomp,3,2,7,3,0.78881,0.78135,0.21119,1.61914,280.9272,523,10.46,0
512,64,satcomp,3,2,7,4,0.78798,0.7801,0.21202,1.63199,280.9272,523,10.46,0
512,64,satcomp,3,2,8,0,0.84462,0.79556,0.15537999999999996,1.81127,391.3493,523,10.46,0
512,64,satcomp,3,2,8,1,0.8272,0.7998,0.17279999999999995,1.82391,392.1047,523,10.46,0
512,64,satcomp,3,2,8,2,0.79888,0.75617,0.20111999999999997,1.83569,425.4101,523,10.46,0
512,64,satcomp,3,2,8,3,0.80186,0.78709,0.19813999999999998,1.84624,411.472,523,10.46,0
512,64,satcomp,3,2,8,4,0.80346,0.75991,0.19654000000000005,1.85909,411.472,523,10.46,0
512,64,sampled,4,0,8,0,0.66831,0.69309,0.33169000000000004,0.29536,38.4703,267,5.34,0
512,64,sampled,4,1,2,0,0.78762,0.6006,0.21238,0.51742,269.4053,267,5.34,0
512,64,sampled,4,1,2,1,0.78409,0.59038,0.21591000000000005,0.53006,277.4232,267,5.34,0
512,64,sampled,4,1,2,2,0.77473,0.62927,0.22526999999999997,0.54184,328.6592,267,5.34,0
512,64,sampled,4,1,2,3,0.78891,0.61456,0.21109,0.55239,334.7602,267,5.34,0
512,64,sampled,4,1,2,4,0.73677,0.56195,0.26322999999999996,0.56524,334.7602,267,5.34,0
512,64,sampled,4,1,3,0,0.80143,0.65819,0.19857000000000002,0.74557,268.1859,267,5.34,0
512,64,sampled,4,1,3,1,0.78848,0.67066,0.21152000000000004,0.75822,276.2038,267,5.34,0
512,64,sampled,4,1,3,2,0.76389,0.66966,0.23611000000000004,0.77,327.4399,267,5.34,0
512,64,sampled,4,1,3,3,0.75312,0.65246,0.24688,0.78055,333.5409,267,5.34,0
512,64,sampled,4,1,3,4,0.69824,0.62304,0.30176000000000003,0.7934,333.5409,267,5.34,0
512,64,sampled,4,1,4,0,0.7643,0.65445,0.23570000000000002,0.94853,268.3955,267,5.34,0
512,64,sampled,4,1,4,1,0.78388,0.67115,0.21611999999999998,0.96117,276.4134,267,5.34,0
512,64,sampled,4,1,4,2,0.73746,0.66417,0.26254,0.97295,325.1629,267,5.34,0
512,64,sampled,4,1,4,3,0.68919,0.65395,0.31081000000000003,0.98351,319.2778,267,5.34,0
512,64,sampled,4,1,4,4,0.66861,0.63849,0.33138999999999996,0.99636,319.2778,267,5.34,0
512,64,sampled,4,1,5,0,0.77805,0.6547,0.22194999999999998,1.1674,267.3507,267,5.34,0
512,64,sampled,4,1,5,1,0.7244,0.66343,0.27559999999999996,1.18004,275.3686,267,5.34,0
512,64,sampled,4,1,5,2,0.68941,0.64174,0.31059000000000003,1.19182,325.1629,267,5.34,0
512,64,sampled,4,1,5,3,0.6567,0.65694,0.34330000000000005,1.20238,319.2778,267,5.34,0
512,64,sampled,4,1,5,4,0.64409,0.63675,0.35590999999999995,1.21523,319.2778,267,5.34,0
512,64,sampled,4,1,6,0,0.70341,0.66442,0.29659,1.38478,265.5578,267,5.34,0
512,64,sampled,4,1,6,1,0.65775,0.6532,0.34225000000000005,1.39742,273.5757,267,5.34,0
512,64,sampled,4,1,6,2,0.66347,0.64797,0.33653,1.4092,323.37,267,5.34,0
512,64,sampled,4,1,6,3,0.65365,0.65694,0.34635000000000005,1.41975,317.4849,267,5.34,0
512,64,sampled,4,1,6,4,0.64409,0.63675,0.35590999999999995,1.4326,317.4849,267,5.34,0
512,64,sampled,4,1,7,0,0.65278,0.66243,0.34722,1.58739,265.5578,267,5.34,0
512,64,sampled,4,1,7,1,0.64638,0.6532,0.35362000000000005,1.60003,273.5757,267,5.34,0
512,64,sampled,4,1,7,2,0.66347,0.64797,0.33653,1.61181,323.37,267,5.34,0
512,64,sampled,4,1,7,3,0.65365,0.65694,0.34635000000000005,1.62237,317.4849,267,5.34,0
512,64,sampled,4,1,7,4,0.64409,0.63675,0.35590999999999995,1.63522,317.4849,267,5.34,0
512,64,sampled,4,1,8,0,0.65101,0.66243,0.34899,1.8145,402.7641,267,5.34,0
512,64,sampled,4,1,8,1,0.64638,0.6532,0.35362000000000005,1.82714,410.782,267,5.34,0
512,64,sampled,4,1,8,2,0.66347,0.64797,0.33653,1.83892,456.581,267,5.34,0
512,64,sampled,4,1,8,3,0.65365,0.65694,0.34635000000000005,1.84948,449.5305,267,5.34,0
512,64,sampled,4,1,8,4,0.64409,0.63675,0.35590999999999995,1.86233,449.5305,267,5.34,0
512,64,sampled,4,2,2,0,0.36114,0.31488,0.63886,0.51742,315.3399,267,5.34,0
512,64,sampled,4,2,2,1,0.31085,0.30616,0.6891499999999999,0.53006,323.3578,267,5.34,0
512,64,sampled,4,2,2,2,0.32305,0.3999,0.6769499999999999,0.54184,370.4913,267,5.34,0
512,64,sampled,4,2,2,3,0.51526,0.42134,0.48473999999999995,0.55239,375.3341,267,5.34,0
512,64,sampled,4,2,2,4,0.51981,0.56619,0.48019,0.56524,375.3341,267,5.34,0
512,64,sampled,4,2,3,0,0.4004,0.38943,0.5996,0.74557,314.1205,267,5.34,0
512,64,sampled,4,2,3,1,0.49808,0.40115,0.5019199999999999,0.75822,322.1384,267,5.34,0
512,64,sampled,4,2,3,2,0.57253,0.54824,0.42747,0.77,369.272,267,5.34,0
512,64,sampled,4,2,3,3,0.55072,0.55024,0.44928,0.78055,374.1148,267,5.34,0
512,64,sampled,4,2,3,4,0.57649,0.59437,0.42351000000000005,0.7934,374.1148,267,5.34,0
512,64,sampled,4,2,4,0,0.48052,0.45201,0.5194799999999999,0.94853,312.3855,267,5.34,0
512,64,sampled,4,2,4,1,0.64564,0.60234,0.35436,0.96117,320.4034,267,5.34,0
512,64,sampled,4,2,4,2,0.6276,0.59935,0.37239999999999995,0.97295,365.0504,267,5.34,0
512,64,sampled,4,2,4,3,0.68744,0.65046,0.31255999999999995,0.98351,357.9071,267,5.34,0
512,64,sampled,4,2,4,4,0.66324,0.6921,0.33675999999999995,0.99636,357.9071,267,5.34,0
512,64,sampled,4,2,5,0,0.58893,0.59985,0.41107000000000005,1.1674,311.3407,267,5.34,0
512,64,sampled,4,2,5,1,0.65371,0.69559,0.34629,1.18004,319.3586,267,5.34,0
512,64,sampled,4,2,5,2,0.71361,0.70332,0.28639000000000003,1.19182,365.0504,267,5.34,0
512,64,sampled,4,2,5,3,0.76847,0.76141,0.23153,1.20238,357.9071,267,5.34,0
512,64,sampled,4,2,5,4,0.69418,0.728,0.30582,1.21523,357.9071,267,5.34,0
512,64,sampled,4,2,6,0,0.69355,0.67764,0.30645,1.38478,309.5478,267,5.34,0
512,64,sampled,4,2,6,1,0.78435,0.72825,0.21565,1.39742,317.5657,267,5.34,0
512,64,sampled,4,2,6,2,0.77728,0.75318,0.22272000000000003,1.4092,363.2575,267,5.34,0
512,64,sampled,4,2,6,3,0.78001,0.71005,0.21999000000000002,1.41975,356.1142,267,5.34,0
512,64,sampled,4,2,6,4,0.73925,0.68711,0.26075000000000004,1.4326,356.1142,267,5.34,0
512,64,sampled,4,2,7,0,0.80936,0.75019,0.19064000000000003,1.58739,309.5478,267,5.34,0
512,64,sampled,4,2,7,1,0.80102,0.72052,0.19898000000000005,1.60003,317.5657,267,5.34,0
512,64,sampled,4,2,7,2,0.7876,0.74919,0.21240000000000003,1.61181,363.2575,267,5.34,0
512,64,sampled,4,2,7,3,0.74875,0.729,0.25125,1.62237,356.1142,267,5.34,0
512,64,sampled,4,2,7,4,0.73174,0.7078,0.26826000000000005,1.63522,356.1142,267,5.34,0
512,64,sampled,4,2,8,0,0.8252,0.71179,0.17479999999999996,1.8145,446.7541,267,5.34,0
512,64,sampled,4,2,8,1,0.76699,0.70905,0.23301000000000005,1.82714,454.772,267,5.34,0
512,64,sampled,4,2,8,2,0.73887,0.70855,0.26113,1.83892,496.4686,267,5.34,0
512,64,sampled,4,2,8,3,0.75158,0.7088,0.24841999999999997,1.84948,488.1598,267,5.34,0
512,64,sampled,4,2,8,4,0.73485,0.72999,0.26515,1.86233,488.1598,267,5.34,0
512,128,exact,0,0,8,0,0.77566,0.77686,0.22433999999999998,0.42293,198.9152,263,5.26,0
512,128,exact,0,1,2,0,0.83283,0.65395,0.16717000000000004,0.70185,429.8501,263,5.26,0
512,128,exact,0,1,2,1,0.83878,0.61057,0.16122000000000003,0.72545,437.868,263,5.26,0
512,128,exact,0,1,2,2,0.81248,0.68063,0.18752000000000002,0.74819,498.6305,263,5.26,0
512,128,exact,0,1,2,3,0.80195,0.68462,0.19804999999999995,0.77019,498.5412,263,5.26,0
512,128,exact,0,1,2,4,0.7782,0.65021,0.2218,0.79242,498.5412,263,5.26,0
512,128,exact,0,1,3,0,0.83306,0.73199,0.16693999999999998,0.99372,428.6308,263,5.26,0
512,128,exact,0,1,3,1,0.82807,0.71379,0.17193000000000003,1.01732,436.6487,263,5.26,0
512,128,exact,0,1,3,2,0.81544,0.72226,0.18455999999999995,1.04006,497.4112,263,5.26,0
512,128,exact,0,1,3,3,0.78616,0.71454,0.21384000000000003,1.06206,497.3218,263,5.26,0
512,128,exact,0,1,3,4,0.74322,0.6906,0.25678,1.08429,497.3218,263,5.26,0
512,128,exact,0,1,4,0,0.80845,0.73373,0.19155,1.23434,435.1949,263,5.26,0
512,128,exact,0,1,4,1,0.79174,0.7275,0.20826,1.25793,443.2128,263,5.26,0
512,128,exact,0,1,4,2,0.76389,0.726,0.23611000000000004,1.28068,501.4887,263,5.26,0
512,128,exact,0,1,4,3,0.73369,0.73049,0.26631000000000005,1.30268,489.4133,263,5.26,0
512,128,exact,0,1,4,4,0.71963,0.72177,0.28037,1.32491,489.4133,263,5.26,0
512,128,exact,0,1,5,0,0.79881,0.73099,0.20118999999999998,1.50531,434.1501,263,5.26,0
512,128,exact,0,1,5,1,0.77509,0.73722,0.22491000000000005,1.5289,442.168,263,5.26,0
512,128,exact,0,1,5,2,0.73459,0.72775,0.26541000000000003,1.55165,501.4887,263,5.26,0
512,128,exact,0,1,5,3,0.74528,0.74221,0.25471999999999995,1.57364,489.4133,263,5.26,0
512,128,exact,0,1,5,4,0.71711,0.71678,0.28289,1.59587,489.4133,263,5.26,0
512,128,exact,0,1,6,0,0.7658,0.73573,0.23419999999999996,1.77571,431.5518,263,5.26,0
512,128,exact,0,1,6,1,0.75012,0.7457,0.24988,1.79931,439.5697,263,5.26,0
512,128,exact,0,1,6,2,0.73492,0.73099,0.26508,1.82205,498.8905,263,5.26,0
512,128,exact,0,1,6,3,0.74173,0.74221,0.25827,1.84405,486.8151,263,5.26,0
512,128,exact,0,1,6,4,0.71711,0.71678,0.28289,1.86628,486.8151,263,5.26,0
512,128,exact,0,1,7,0,0.7254,0.73448,0.27459999999999996,2.01417,431.5518,263,5.26,0
512,128,exact,0,1,7,1,0.74483,0.7457,0.25517,2.03776,439.5697,263,5.26,0
512,128,exact,0,1,7,2,0.73492,0.73099,0.26508,2.06051,498.8905,263,5.26,0
512,128,exact,0,1,7,3,0.74173,0.74221,0.25827,2.0825,486.8151,263,5.26,0
512,128,exact,0,1,7,4,0.71711,0.71678,0.28289,2.10473,486.8151,263,5.26,0
512,128,exact,0,1,8,0,0.72451,0.73448,0.27549,2.30283,527.2052,263,5.26,0
512,128,exact,0,1,8,1,0.74483,0.7457,0.25517,2.32642,535.2231,263,5.26,0
512,128,exact,0,1,8,2,0.73492,0.73099,0.26508,2.34917,590.5486,263,5.26,0
512,128,exact,0,1,8,3,0.74173,0.74221,0.25827,2.37116,577.3077,263,5.26,0
512,128,exact,0,1,8,4,0.71711,0.71678,0.28289,2.39339,577.3077,263,5.26,0
512,128,exact,0,2,2,0,0.32968,0.31788,0.67032,0.70185,455.3438,263,5.26,0
512,128,exact,0,2,2,1,0.31711,0.33508,0.68289,0.72545,463.3617,263,5.26,0
512,128,exact,0,2,2,2,0.40189,0.42009,0.5981099999999999,0.74819,520.0218,263,5.26,0
512,128,exact,0,2,2,3,0.45024,0.49738,0.54976,0.77019,518.6742,263,5.26,0
512,128,exact,0,2,2,4,0.5299,0.43306,0.47009999999999996,0.79242,518.6742,263,5.26,0
512,128,exact,0,2,3,0,0.37804,0.36649,0.6219600000000001,0.99372,454.1245,263,5.26,0
512,128,exact,0,2,3,1,0.43028,0.48766,0.56972,1.01732,462.1424,263,5.26,0
512,128,exact,0,2,3,2,0.52942,0.55871,0.47058,1.04006,518.8024,263,5.26,0
512,128,exact,0,2,3,3,0.63582,0.6532,0.36417999999999995,1.06206,517.4549,263,5.26,0
512,128,exact,0,2,3,4,0.72814,0.65445,0.27186,1.08429,517.4549,263,5.26,0
512,128,exact,0,2,4,0,0.62579,0.48666,0.37421000000000004,1.23434,458.7441,263,5.26,0
512,128,exact,0,2,4,1,0.62577,0.68088,0.37422999999999995,1.25793,466.762,263,5.26,0
512,128,exact,0,2,4,2,0.67318,0.69584,0.32682,1.28068,520.9354,263,5.26,0
512,128,exact,0,2,4,3,0.75356,0.70656,0.24644,1.30268,507.6018,263,5.26,0
512,128,exact,0,2,4,4,0.77658,0.75742,0.22341999999999995,1.32491,507.6018,263,5.26,0
512,128,exact,0,2,5,0,0.67158,0.57542,0.32842000000000005,1.50531,457.6992,263,5.26,0
512,128,exact,0,2,5,1,0.77147,0.73099,0.22853,1.5289,465.7171,263,5.26,0
512,128,exact,0,2,5,2,0.81529,0.74894,0.18471000000000004,1.55165,520.9354,263,5.26,0
512,128,exact,0,2,5,3,0.75872,0.77512,0.24128000000000005,1.57364,507.6018,263,5.26,0
512,128,exact,0,2,5,4,0.77858,0.73573,0.22141999999999995,1.59587,507.6018,263,5.26,0
512,128,exact,0,2,6,0,0.79722,0.82997,0.20277999999999996,1.77571,455.101,263,5.26,0
512,128,exact,0,2,6,1,0.84941,0.83321,0.15059,1.79931,463.1189,263,5.26,0
512,128,exact,0,2,6,2,0.83818,0.80055,0.16181999999999996,1.82205,518.3372,263,5.26,0
512,128,exact,0,2,6,3,0.77944,0.77786,0.22055999999999998,1.84405,505.0035,263,5.26,0
512,128,exact,0,2,6,4,0.77104,0.75443,0.22896000000000005,1.86628,505.0035,263,5.26,0
512,128,exact,0,2,7,0,0.858,0.82024,0.14200000000000002,2.01417,455.101,263,5.26,0
512,128,exact,0,2,7,1,0.85351,0.79157,0.14649,2.03776,463.1189,263,5.26,0
512,128,exact,0,2,7,2,0.7994,0.78484,0.2006,2.06051,518.3372,263,5.26,0
512,128,exact,0,2,7,3,0.78881,0.78135,0.21119,2.0825,505.0035,263,5.26,0
512,128,exact,0,2,7,4,0.78798,0.7801,0.21202,2.10473,505.0035,263,5.26,0
512,128,exact,0,2,8,0,0.84462,0.79556,0.15537999999999996,2.30283,550.7544,263,5.26,0
512,128,exact,0,2,8,1,0.8272,0.7998,0.17279999999999995,2.32642,558.7723,263,5.26,0
512,128,exact,0,2,8,2,0.79888,0.75617,0.20111999999999997,2.34917,609.9953,263,5.26,0
512,128,exact,0,2,8,3,0.80186,0.78709,0.19813999999999998,2.37116,595.4962,263,5.26,0
512,128,exact,0,2,8,4,0.80346,0.75991,0.19654000000000005,2.39339,595.4962,263,5.26,0
512,128,trunc,1,0,8,0,0.58906,0.59187,0.41093999999999997,0.41756,187.8729,263,5.26,0
512,128,trunc,1,1,2,0,0.76059,0.52481,0.23941,0.69648,418.8078,263,5.26,0
512,128,trunc,1,1,2,1,0.75487,0.51608,0.24512999999999996,0.72008,426.8257,263,5.26,0
512,128,trunc,1,1,2,2,0.74472,0.58763,0.25527999999999995,0.74282,486.927,263,5.26,0
512,128,trunc,1,1,2,3,0.74029,0.57392,0.25971,0.76482,486.8377,263,5.26,0
512,128,trunc,1,1,2,4,0.70237,0.54425,0.29762999999999995,0.78705,486.8377,263,5.26,0
512,128,trunc,1,1,3,0,0.76034,0.57542,0.23965999999999998,0.98835,417.5885,263,5.26,0
512,128,trunc,1,1,3,1,0.74988,0.54351,0.25012,1.01194,425.6064,263,5.26,0
512,128,trunc,1,1,3,2,0.75167,0.56993,0.24833000000000005,1.03469,485.7077,263,5.26,0
512,128,trunc,1,1,3,3,0.72218,0.54375,0.27781999999999996,1.05669,485.6183,263,5.26,0
512,128,trunc,1,1,3,4,0.63421,0.53004,0.36578999999999995,1.07892,485.6183,263,5.26,0
512,128,trunc,1,1,4,0,0.73246,0.54251,0.26754,1.22897,424.1526,263,5.26,0
512,128,trunc,1,1,4,1,0.69898,0.54375,0.30101999999999995,1.25256,432.1705,263,5.26,0
512,128,trunc,1,1,4,2,0.70062,0.5637,0.29938,1.27531,489.7853,263,5.26,0
512,128,trunc,1,1,4,3,0.62037,0.55423,0.37963,1.2973,477.7098,263,5.26,0
512,128,trunc,1,1,4,4,0.593,0.55024,0.40700000000000003,1.31953,477.7098,263,5.26,0
512,128,trunc,1,1,5,0,0.70164,0.547,0.29835999999999996,1.49994,423.1078,263,5.26,0
512,128,trunc,1,1,5,1,0.68234,0.56046,0.31766000000000005,1.52353,431.1257,263,5.26,0
512,128,trunc,1,1,5,2,0.60588,0.55921,0.39412,1.54628,489.7853,263,5.26,0
512,128,trunc,1,1,5,3,0.5922,0.55797,0.40780000000000005,1.56827,477.7098,263,5.26,0
512,128,trunc,1,1,5,4,0.57397,0.5465,0.42603,1.5905,477.7098,263,5.26,0
512,128,trunc,1,1,6,0,0.66502,0.55722,0.33498000000000006,1.77034,420.5095,263,5.26,0
512,128,trunc,1,1,6,1,0.59179,0.55946,0.40820999999999996,1.79393,428.5274,263,5.26,0
512,128,trunc,1,1,6,2,0.58746,0.56245,0.41254,1.81668,487.187,263,5.26,0
512,128,trunc,1,1,6,3,0.59043,0.55797,0.40957,1.83868,475.1116,263,5.26,0
512,128,trunc,1,1,6,4,0.57397,0.5465,0.42603,1.86091,475.1116,263,5.26,0
512,128,trunc,1,1,7,0,0.58454,0.55797,0.41546000000000005,2.0088,420.5095,263,5.26,0
512,128,trunc,1,1,7,1,0.58731,0.55946,0.41269,2.03239,428.5274,263,5.26,0
512,128,trunc,1,1,7,2,0.58746,0.56245,0.41254,2.05514,487.187,263,5.26,0
512,128,trunc,1,1,7,3,0.59043,0.55797,0.40957,2.07713,475.1116,263,5.26,0
512,128,trunc,1,1,7,4,0.57397,0.5465,0.42603,2.09936,475.1116,263,5.26,0
512,128,trunc,1,1,8,0,0.58365,0.55797,0.41635,2.29746,516.1629,263,5.26,0
512,128,trunc,1,1,8,1,0.58731,0.55946,0.41269,2.32105,524.1808,263,5.26,0
512,128,trunc,1,1,8,2,0.58746,0.56245,0.41254,2.3438,578.8451,263,5.26,0
512,128,trunc,1,1,8,3,0.59043,0.55797,0.40957,2.36579,565.6042,263,5.26,0
512,128,trunc,1,1,8,4,0.57397,0.5465,0.42603,2.38802,565.6042,263,5.26,0
512,128,trunc,1,2,2,0,0.31932,0.31538,0.68068,0.69648,444.3015,263,5.26,0
512,128,trunc,1,2,2,1,0.29659,0.29145,0.70341,0.72008,452.3194,263,5.26,0
512,128,trunc,1,2,2,2,0.40663,0.30416,0.59337,0.74282,508.3183,263,5.26,0
512,128,trunc,1,2,2,3,0.52525,0.51409,0.47475,0.76482,506.9707,263,5.26,0
512,128,trunc,1,2,2,4,0.49826,0.49115,0.5017400000000001,0.78705,506.9707,263,5.26,0
512,128,trunc,1,2,3,0,0.40329,0.38669,0.5967100000000001,0.98835,443.0822,263,5.26,0
512,128,trunc,1,2,3,1,0.49418,0.48317,0.5058199999999999,1.01194,451.1001,263,5.26,0
512,128,trunc,1,2,3,2,0.51513,0.50386,0.48487,1.03469,507.099,263,5.26,0
512,128,trunc,1,2,3,3,0.64127,0.58963,0.35873,1.05669,505.7514,263,5.26,0
512,128,trunc,1,2,3,4,0.62387,0.61905,0.37612999999999996,1.07892,505.7514,263,5.26,0
512,128,trunc,1,2,4,0,0.64593,0.63575,0.35407,1.22897,447.7017,263,5.26,0
512,128,trunc,1,2,4,1,0.62769,0.6198,0.37231000000000003,1.25256,455.7196,263,5.26,0
512,128,trunc,1,2,4,2,0.69705,0.60534,0.30295000000000005,1.27531,509.232,263,5.26,0
512,128,trunc,1,2,4,3,0.68439,0.67041,0.31560999999999995,1.2973,495.8983,263,5.26,0
512,128,trunc,1,2,4,4,0.69405,0.69933,0.30595000000000006,1.31953,495.8983,263,5.26,0
512,128,trunc,1,2,5,0,0.6241,0.53278,0.3759,1.49994,446.6569,263,5.26,0
512,128,trunc,1,2,5,1,0.7171,0.72974,0.28290000000000004,1.52353,454.6748,263,5.26,0
512,128,trunc,1,2,5,2,0.73586,0.70905,0.26414000000000004,1.54628,509.232,263,5.26,0
512,128,trunc,1,2,5,3,0.7915,0.7831,0.20850000000000002,1.56827,495.8983,263,5.26,0
512,128,trunc,1,2,5,4,0.73639,0.73573,0.26361,1.5905,495.8983,263,5.26,0
512,128,trunc,1,2,6,0,0.74944,0.75318,0.25056,1.77034,444.0587,263,5.26,0
512,128,trunc,1,2,6,1,0.79855,0.75318,0.20145000000000002,1.79393,452.0766,263,5.26,0
512,128,trunc,1,2,6,2,0.79111,0.74096,0.20889000000000002,1.81668,506.6337,263,5.26,0
512,128,trunc,1,2,6,3,0.73606,0.7255,0.26393999999999995,1.83868,493.3001,263,5.26,0
512,128,trunc,1,2,6,4,0.6939,0.68512,0.30610000000000004,1.86091,493.3001,263,5.26,0
512,128,trunc,1,2,7,0,0.78883,0.73772,0.21116999999999997,2.0088,444.0587,263,5.26,0
512,128,trunc,1,2,7,1,0.76171,0.7467,0.23829,2.03239,452.0766,263,5.26,0
512,128,trunc,1,2,7,2,0.7388,0.73049,0.2612,2.05514,506.6337,263,5.26,0
512,128,trunc,1,2,7,3,0.68537,0.70282,0.31462999999999997,2.07713,493.3001,263,5.26,0
512,128,trunc,1,2,7,4,0.69611,0.70132,0.30389,2.09936,493.3001,263,5.26,0
512,128,trunc,1,2,8,0,0.77144,0.75069,0.22855999999999999,2.29746,539.7121,263,5.26,0
512,128,trunc,1,2,8,1,0.69882,0.69883,0.30118,2.32105,547.73,263,5.26,0
512,128,trunc,1,2,8,2,0.71048,0.66617,0.28952,2.3438,598.2918,263,5.26,0
512,128,trunc,1,2,8,3,0.70077,0.70257,0.29923,2.36579,583.7927,263,5.26,0
512,128,trunc,1,2,8,4,0.68858,0.68611,0.31142000000000003,2.38802,583.7927,263,5.26,0
512,128,satcomp,2,0,8,0,0.77668,0.77711,0.22331999999999996,0.40265,180.8686,263,5.26,0
512,128,satcomp,2,1,2,0,0.83283,0.6537,0.16717000000000004,0.68158,387.1758,263,5.26,1
512,128,satcomp,2,1,2,1,0.83878,0.61007,0.16122000000000003,0.70517,387.9312,263,5.26,1
512,128,satcomp,2,1,2,2,0.81248,0.68088,0.18752000000000002,0.72792,440.3025,263,5.26,0
512,128,satcomp,2,1,2,3,0.80195,0.68362,0.19804999999999995,0.74991,434.5838,263,5.26,0
512,128,satcomp,2,1,2,4,0.7801,0.64946,0.21989999999999998,0.77214,434.5838,263,5.26,0
512,128,satcomp,2,1,3,0,0.83306,0.73199,0.16693999999999998,0.97345,385.9564,263,5.26,0
512,128,satcomp,2,1,3,1,0.82807,0.71379,0.17193000000000003,0.99704,386.7118,263,5.26,0
512,128,satcomp,2,1,3,2,0.81369,0.72201,0.18630999999999998,1.01979,439.0832,263,5.26,0
512,128,satcomp,2,1,3,3,0.78616,0.71454,0.21384000000000003,1.04178,433.3645,263,5.26,0
512,128,satcomp,2,1,3,4,0.74322,0.69035,0.25678,1.06401,433.3645,263,5.26,0
512,128,satcomp,2,1,4,0,0.80757,0.73373,0.19243,1.21407,392.5206,263,5.26,0
512,128,satcomp,2,1,4,1,0.79174,0.72775,0.20826,1.23766,393.2759,263,5.26,0
512,128,satcomp,2,1,4,2,0.763,0.726,0.237,1.26041,443.1607,263,5.26,0
512,128,satcomp,2,1,4,3,0.73369,0.72974,0.26631000000000005,1.2824,425.456,263,5.26,0
512,128,satcomp,2,1,4,4,0.71963,0.72152,0.28037,1.30463,425.456,263,5.26,0
512,128,satcomp,2,1,5,0,0.79881,0.73099,0.20118999999999998,1.48503,391.4757,263,5.26,0
512,128,satcomp,2,1,5,1,0.77509,0.73647,0.22491000000000005,1.50863,392.2311,263,5.26,0
512,128,satcomp,2,1,5,2,0.73459,0.7265,0.26541000000000003,1.53138,443.1607,263,5.26,0
512,128,satcomp,2,1,5,3,0.74528,0.74171,0.25471999999999995,1.55337,425.456,263,5.26,0
512,128,satcomp,2,1,5,4,0.71711,0.71678,0.28289,1.5756,425.456,263,5.26,0
512,128,satcomp,2,1,6,0,0.7658,0.73548,0.23419999999999996,1.75544,385.809,263,5.26,0
512,128,satcomp,2,1,6,1,0.74918,0.7447,0.25082000000000004,1.77903,386.5643,263,5.26,0
512,128,satcomp,2,1,6,2,0.73297,0.72999,0.26703,1.80178,437.494,263,5.26,0
512,128,satcomp,2,1,6,3,0.74173,0.74171,0.25827,1.82377,419.7892,263,5.26,0
512,128,satcomp,2,1,6,4,0.71711,0.71678,0.28289,1.846,419.7892,263,5.26,0
512,128,satcomp,2,1,7,0,0.7254,0.73398,0.27459999999999996,1.9939,385.809,263,5.26,0
512,128,satcomp,2,1,7,1,0.74483,0.7447,0.25517,2.01749,386.5643,263,5.26,0
512,128,satcomp,2,1,7,2,0.73297,0.72999,0.26703,2.04024,437.494,263,5.26,0
512,128,satcomp,2,1,7,3,0.74173,0.74171,0.25827,2.06223,419.7892,263,5.26,0
512,128,satcomp,2,1,7,4,0.71711,0.71678,0.28289,2.08446,419.7892,263,5.26,0
512,128,satcomp,2,1,8,0,0.72451,0.73398,0.27549,2.28255,479.9616,263,5.26,0
512,128,satcomp,2,1,8,1,0.74483,0.7447,0.25517,2.30615,480.7169,263,5.26,0
512,128,satcomp,2,1,8,2,0.73297,0.72999,0.26703,2.32889,527.6513,263,5.26,0
512,128,satcomp,2,1,8,3,0.74173,0.74171,0.25827,2.35089,508.781,263,5.26,0
512,128,satcomp,2,1,8,4,0.71711,0.71678,0.28289,2.37312,508.781,263,5.26,0
512,128,satcomp,2,2,2,0,0.34382,0.31937,0.65618,0.68158,412.6695,263,5.26,0
512,128,satcomp,2,2,2,1,0.30415,0.27749,0.6958500000000001,0.70517,413.4249,263,5.26,0
512,128,satcomp,2,2,2,2,0.3572,0.44129,0.6428,0.72792,461.6938,263,5.26,0
512,128,satcomp,2,2,2,3,0.46656,0.41486,0.53344,0.74991,454.7169,263,5.26,0
512,128,satcomp,2,2,2,4,0.42291,0.44079,0.57709,0.77214,454.7169,263,5.26,0
512,128,satcomp,2,2,3,0,0.42313,0.39043,0.57687,0.97345,411.4502,263,5.26,0
512,128,satcomp,2,2,3,1,0.46316,0.43356,0.53684,0.99704,412.2056,263,5.26,0
512,128,satcomp,2,2,3,2,0.53761,0.60908,0.46238999999999997,1.01979,460.4744,263,5.26,0
512,128,satcomp,2,2,3,3,0.53098,0.55373,0.46902,1.04178,453.4975,263,5.26,0
512,128,satcomp,2,2,3,4,0.61885,0.55572,0.38115,1.06401,453.4975,263,5.26,0
512,128,satcomp,2,2,4,0,0.60287,0.52905,0.39713,1.21407,416.0697,263,5.26,0
512,128,satcomp,2,2,4,1,0.62779,0.63176,0.37221000000000004,1.23766,416.8251,263,5.26,0
512,128,satcomp,2,2,4,2,0.64555,0.62752,0.35445000000000004,1.26041,462.6074,263,5.26,0
512,128,satcomp,2,2,4,3,0.67083,0.65744,0.32916999999999996,1.2824,443.6444,263,5.26,0
512,128,satcomp,2,2,4,4,0.72335,0.68113,0.27664999999999995,1.30463,443.6444,263,5.26,0
512,128,satcomp,2,2,5,0,0.66285,0.63151,0.33714999999999995,1.48503,415.0249,263,5.26,0
512,128,satcomp,2,2,5,1,0.74325,0.67988,0.25675000000000003,1.50863,415.7803,263,5.26,0
512,128,satcomp,2,2,5,2,0.75814,0.7624,0.24185999999999996,1.53138,462.6074,263,5.26,0
512,128,satcomp,2,2,5,3,0.77203,0.74944,0.22797,1.55337,443.6444,263,5.26,0
512,128,satcomp,2,2,5,4,0.79493,0.71977,0.20506999999999997,1.5756,443.6444,263,5.26,0
512,128,satcomp,2,2,6,0,0.81188,0.78908,0.18811999999999995,1.75544,409.3581,263,5.26,0
512,128,satcomp,2,2,6,1,0.83117,0.81426,0.16883000000000004,1.77903,410.1135,263,5.26,0
512,128,satcomp,2,2,6,2,0.8186,0.7993,0.1814,1.80178,456.9407,263,5.26,0
512,128,satcomp,2,2,6,3,0.81921,0.77512,0.18079,1.82377,437.9777,263,5.26,0
512,128,satcomp,2,2,6,4,0.78388,0.76664,0.21611999999999998,1.846,437.9777,263,5.26,0
512,128,satcomp,2,2,7,0,0.84192,0.78933,0.15808,1.9939,409.3581,263,5.26,0
512,128,satcomp,2,2,7,1,0.8444,0.80678,0.15559999999999996,2.01749,410.1135,263,5.26,0
512,128,satcomp,2,2,7,2,0.7999,0.7831,0.20009999999999994,2.04024,456.9407,263,5.26,0
512,128,satcomp,2,2,7,3,0.80252,0.76041,0.19748,2.06223,437.9777,263,5.26,0
512,128,satcomp,2,2,7,4,0.78809,0.78509,0.21191000000000004,2.08446,437.9777,263,5.26,0
512,128,satcomp,2,2,8,0,0.85065,0.81426,0.14934999999999998,2.28255,503.5107,263,5.26,0
512,128,satcomp,2,2,8,1,0.81553,0.74919,0.18447000000000002,2.30615,504.2661,263,5.26,0
512,128,satcomp,2,2,8,2,0.80858,0.76415,0.19142000000000003,2.32889,547.098,263,5.26,0
512,128,satcomp,2,2,8,3,0.77549,0.77387,0.22451,2.35089,526.9695,263,5.26,0
512,128,satcomp,2,2,8,4,0.75866,0.74495,0.24134,2.37312,526.9695,263,5.26,0
512,128,satcomp,3,0,8,0,0.77566,0.77686,0.22433999999999998,0.4182,180.8686,263,5.26,0
512,128,satcomp,3,1,2,0,0.83283,0.65395,0.16717000000000004,0.69713,387.1758,263,5.26,0
512,128,satcomp,3,1,2,1,0.83878,0.61057,0.16122000000000003,0.72072,387.9312,263,5.26,0
512,128,satcomp,3,1,2,2,0.81248,0.68063,0.18752000000000002,0.74347,440.3025,263,5.26,0
512,128,satcomp,3,1,2,3,0.80195,0.68462,0.19804999999999995,0.76546,434.5838,263,5.26,0
512,128,satcomp,3,1,2,4,0.7782,0.65021,0.2218,0.78769,434.5838,263,5.26,0
512,128,satcomp,3,1,3,0,0.83306,0.73199,0.16693999999999998,0.989,385.9564,263,5.26,0
512,128,satcomp,3,1,3,1,0.82807,0.71379,0.17193000000000003,1.01259,386.7118,263,5.26,0
512,128,satcomp,3,1,3,2,0.81544,0.72226,0.18455999999999995,1.03534,439.0832,263,5.26,0
512,128,satcomp,3,1,3,3,0.78616,0.71454,0.21384000000000003,1.05733,433.3645,263,5.26,0
512,128,satcomp,3,1,3,4,0.74322,0.6906,0.25678,1.07956,433.3645,263,5.26,0
512,128,satcomp,3,1,4,0,0.80845,0.73373,0.19155,1.22962,392.5206,263,5.26,0
512,128,satcomp,3,1,4,1,0.79174,0.7275,0.20826,1.25321,393.2759,263,5.26,0
512,128,satcomp,3,1,4,2,0.76389,0.726,0.23611000000000004,1.27596,443.1607,263,5.26,0
512,128,satcomp,3,1,4,3,0.73369,0.73049,0.26631000000000005,1.29795,425.456,263,5.26,0
512,128,satcomp,3,1,4,4,0.71963,0.72177,0.28037,1.32018,425.456,263,5.26,0
512,128,satcomp,3,1,5,0,0.79881,0.73099,0.20118999999999998,1.50058,391.4757,263,5.26,0
512,128,satcomp,3,1,5,1,0.77509,0.73722,0.22491000000000005,1.52418,392.2311,263,5.26,0
512,128,satcomp,3,1,5,2,0.73459,0.72775,0.26541000000000003,1.54692,443.1607,263,5.26,0
512,128,satcomp,3,1,5,3,0.74528,0.74221,0.25471999999999995,1.56892,425.456,263,5.26,0
512,128,satcomp,3,1,5,4,0.71711,0.71678,0.28289,1.59115,425.456,263,5.26,0
512,128,satcomp,3,1,6,0,0.7658,0.73573,0.23419999999999996,1.77099,385.809,263,5.26,0
512,128,satcomp,3,1,6,1,0.75012,0.7457,0.24988,1.79458,386.5643,263,5.26,0
512,128,satcomp,3,1,6,2,0.73492,0.73099,0.26508,1.81733,437.494,263,5.26,0
512,128,satcomp,3,1,6,3,0.74173,0.74221,0.25827,1.83932,419.7892,263,5.26,0
512,128,satcomp,3,1,6,4,0.71711,0.71678,0.28289,1.86155,419.7892,263,5.26,0
512,128,satcomp,3,1,7,0,0.7254,0.73448,0.27459999999999996,2.00944,385.809,263,5.26,0
512,128,satcomp,3,1,7,1,0.74483,0.7457,0.25517,2.03304,386.5643,263,5.26,0
512,128,satcomp,3,1,7,2,0.73492,0.73099,0.26508,2.05578,437.494,263,5.26,0
512,128,satcomp,3,1,7,3,0.74173,0.74221,0.25827,2.07778,419.7892,263,5.26,0
512,128,satcomp,3,1,7,4,0.71711,0.71678,0.28289,2.10001,419.7892,263,5.26,0
512,128,satcomp,3,1,8,0,0.72451,0.73448,0.27549,2.2981,479.9616,263,5.26,0
512,128,satcomp,3,1,8,1,0.74483,0.7457,0.25517,2.3217,480.7169,263,5.26,0
512,128,satcomp,3,1,8,2,0.73492,0.73099,0.26508,2.34444,527.6513,263,5.26,0
512,128,satcomp,3,1,8,3,0.74173,0.74221,0.25827,2.36644,508.781,263,5.26,0
512,128,satcomp,3,1,8,4,0.71711,0.71678,0.28289,2.38867,508.781,263,5.26,0
512,128,satcomp,3,2,2,0,0.32968,0.31788,0.67032,0.69713,412.6695,263,5.26,0
512,128,satcomp,3,2,2,1,0.30474,0.28671,0.69526,0.72072,413.4249,263,5.26,0
512,128,satcomp,3,2,2,2,0.43767,0.33957,0.56233,0.74347,461.6938,263,5.26,0
512,128,satcomp,3,2,2,3,0.48822,0.48566,0.51178,0.76546,454.7169,263,5.26,0
512,128,satcomp,3,2,2,4,0.52257,0.53652,0.47743,0.78769,454.7169,263,5.26,0
512,128,satcomp,3,2,3,0,0.37804,0.36649,0.6219600000000001,0.989,411.4502,263,5.26,0
512,128,satcomp,3,2,3,1,0.52448,0.55996,0.47552000000000005,1.01259,412.2056,263,5.26,0
512,128,satcomp,3,2,3,2,0.55995,0.59437,0.44005000000000005,1.03534,460.4744,263,5.26,0
512,128,satcomp,3,2,3,3,0.65845,0.63326,0.34155,1.05733,453.4975,263,5.26,0
512,128,satcomp,3,2,3,4,0.69007,0.62777,0.30993000000000004,1.07956,453.4975,263,5.26,0
512,128,satcomp,3,2,4,0,0.62579,0.48666,0.37421000000000004,1.22962,416.0697,263,5.26,0
512,128,satcomp,3,2,4,1,0.68945,0.69708,0.31055,1.25321,416.8251,263,5.26,0
512,128,satcomp,3,2,4,2,0.74763,0.71628,0.25237,1.27596,462.6074,263,5.26,0
512,128,satcomp,3,2,4,3,0.7555,0.7108,0.24450000000000005,1.29795,443.6444,263,5.26,0
512,128,satcomp,3,2,4,4,0.76379,0.74919,0.23621000000000003,1.32018,443.6444,263,5.26,0
512,128,satcomp,3,2,5,0,0.67158,0.57542,0.32842000000000005,1.50058,415.0249,263,5.26,0
512,128,satcomp,3,2,5,1,0.72065,0.73149,0.27935,1.52418,415.7803,263,5.26,0
512,128,satcomp,3,2,5,2,0.78689,0.7629,0.21311000000000002,1.54692,462.6074,263,5.26,0
512,128,satcomp,3,2,5,3,0.75872,0.77512,0.24128000000000005,1.56892,443.6444,263,5.26,0
512,128,satcomp,3,2,5,4,0.77858,0.73573,0.22141999999999995,1.59115,443.6444,263,5.26,0
512,128,satcomp,3,2,6,0,0.79722,0.82997,0.20277999999999996,1.77099,409.3581,263,5.26,0
512,128,satcomp,3,2,6,1,0.84941,0.83321,0.15059,1.79458,410.1135,263,5.26,1
512,128,satcomp,3,2,6,2,0.83818,0.80055,0.16181999999999996,1.81733,456.9407,263,5.26,0
512,128,satcomp,3,2,6,3,0.77944,0.77786,0.22055999999999998,1.83932,437.9777,263,5.26,0
512,128,satcomp,3,2,6,4,0.77104,0.75443,0.22896000000000005,1.86155,437.9777,263,5.26,0
512,128,satcomp,3,2,7,0,0.858,0.82024,0.14200000000000002,2.00944,409.3581,263,5.26,1
512,128,satcomp,3,2,7,1,0.85351,0.79157,0.14649,2.03304,410.1135,263,5.26,0
512,128,satcomp,3,2,7,2,0.7994,0.78484,0.2006,2.05578,456.9407,263,5.26,0
512,128,satcomp,3,2,7,3,0.78881,0.78135,0.21119,2.07778,437.9777,263,5.26,0
512,128,satcomp,3,2,7,4,0.78798,0.7801,0.21202,2.10001,437.9777,263,5.26,0
512,128,satcomp,3,2,8,0,0.84462,0.79556,0.15537999999999996,2.2981,503.5107,263,5.26,0
512,128,satcomp,3,2,8,1,0.8272,0.7998,0.17279999999999995,2.3217,504.2661,263,5.26,0
512,128,satcomp,3,2,8,2,0.79888,0.75617,0.20111999999999997,2.34444,547.098,263,5.26,0
512,128,satcomp,3,2,8,3,0.80186,0.78709,0.19813999999999998,2.36644,526.9695,263,5.26,0
512,128,satcomp,3,2,8,4,0.80346,0.75991,0.19654000000000005,2.38867,526.9695,263,5.26,0
512,128,sampled,4,0,8,0,0.66831,0.69309,0.33169000000000004,0.42293,217.6561,135,2.7,0
512,128,sampled,4,1,2,0,0.78762,0.6006,0.21238,0.70185,448.591,135,2.7,0
512,128,sampled,4,1,2,1,0.78409,0.59038,0.21591000000000005,0.72545,456.6089,135,2.7,0
512,128,sampled,4,1,2,2,0.77473,0.62927,0.22526999999999997,0.74819,517.3715,135,2.7,0
512,128,sampled,4,1,2,3,0.78891,0.61456,0.21109,0.77019,517.2821,135,2.7,0
512,128,sampled,4,1,2,4,0.73677,0.56195,0.26322999999999996,0.79242,517.2821,135,2.7,0
512,128,sampled,4,1,3,0,0.80143,0.65819,0.19857000000000002,0.99372,447.3717,135,2.7,0
512,128,sampled,4,1,3,1,0.78848,0.67066,0.21152000000000004,1.01732,455.3896,135,2.7,0
512,128,sampled,4,1,3,2,0.76389,0.66966,0.23611000000000004,1.04006,516.1521,135,2.7,0
512,128,sampled,4,1,3,3,0.75312,0.65246,0.24688,1.06206,516.0628,135,2.7,0
512,128,sampled,4,1,3,4,0.69824,0.62304,0.30176000000000003,1.08429,516.0628,135,2.7,0
512,128,sampled,4,1,4,0,0.7643,0.65445,0.23570000000000002,1.23434,457.9746,135,2.7,0
512,128,sampled,4,1,4,1,0.78388,0.67115,0.21611999999999998,1.25793,465.9925,135,2.7,0
512,128,sampled,4,1,4,2,0.73746,0.66417,0.26254,1.28068,524.2685,135,2.7,0
512,128,sampled,4,1,4,3,0.68919,0.65395,0.31081000000000003,1.30268,512.1931,135,2.7,0
512,128,sampled,4,1,4,4,0.66861,0.63849,0.33138999999999996,1.32491,512.1931,135,2.7,0
512,128,sampled,4,1,5,0,0.77805,0.6547,0.22194999999999998,1.50531,456.9298,135,2.7,0
512,128,sampled,4,1,5,1,0.7244,0.66343,0.27559999999999996,1.5289,464.9477,135,2.7,0
512,128,sampled,4,1,5,2,0.68941,0.64174,0.31059000000000003,1.55165,524.2685,135,2.7,0
512,128,sampled,4,1,5,3,0.6567,0.65694,0.34330000000000005,1.57364,512.1931,135,2.7,0
512,128,sampled,4,1,5,4,0.64409,0.63675,0.35590999999999995,1.59587,512.1931,135,2.7,0
512,128,sampled,4,1,6,0,0.70341,0.66442,0.29659,1.77571,454.3315,135,2.7,0
512,128,sampled,4,1,6,1,0.65775,0.6532,0.34225000000000005,1.79931,462.3494,135,2.7,0
512,128,sampled,4,1,6,2,0.66347,0.64797,0.33653,1.82205,521.6702,135,2.7,0
512,128,sampled,4,1,6,3,0.65365,0.65694,0.34635000000000005,1.84405,509.5948,135,2.7,0
512,128,sampled,4,1,6,4,0.64409,0.63675,0.35590999999999995,1.86628,509.5948,135,2.7,0
512,128,sampled,4,1,7,0,0.65278,0.66243,0.34722,2.01417,454.3315,135,2.7,0
512,128,sampled,4,1,7,1,0.64638,0.6532,0.35362000000000005,2.03776,462.3494,135,2.7,0
512,128,sampled,4,1,7,2,0.66347,0.64797,0.33653,2.06051,521.6702,135,2.7,0
512,128,sampled,4,1,7,3,0.65365,0.65694,0.34635000000000005,2.0825,509.5948,135,2.7,0
512,128,sampled,4,1,7,4,0.64409,0.63675,0.35590999999999995,2.10473,509.5948,135,2.7,0
512,128,sampled,4,1,8,0,0.65101,0.66243,0.34899,2.30283,549.9849,135,2.7,0
512,128,sampled,4,1,8,1,0.64638,0.6532,0.35362000000000005,2.32642,558.0028,135,2.7,0
512,128,sampled,4,1,8,2,0.66347,0.64797,0.33653,2.34917,613.3283,135,2.7,0
512,128,sampled,4,1,8,3,0.65365,0.65694,0.34635000000000005,2.37116,600.0874,135,2.7,0
512,128,sampled,4,1,8,4,0.64409,0.63675,0.35590999999999995,2.39339,600.0874,135,2.7,0
512,128,sampled,4,2,2,0,0.36114,0.31488,0.63886,0.70185,474.0848,135,2.7,0
512,128,sampled,4,2,2,1,0.31085,0.30616,0.6891499999999999,0.72545,482.1027,135,2.7,0
512,128,sampled,4,2,2,2,0.32305,0.3999,0.6769499999999999,0.74819,538.7627,135,2.7,0
512,128,sampled,4,2,2,3,0.51526,0.42134,0.48473999999999995,0.77019,537.4152,135,2.7,0
512,128,sampled,4,2,2,4,0.51981,0.56619,0.48019,0.79242,537.4152,135,2.7,0
512,128,sampled,4,2,3,0,0.4004,0.38943,0.5996,0.99372,472.8654,135,2.7,0
512,128,sampled,4,2,3,1,0.49808,0.40115,0.5019199999999999,1.01732,480.8833,135,2.7,0
512,128,sampled,4,2,3,2,0.57253,0.54824,0.42747,1.04006,537.5434,135,2.7,0
512,128,sampled,4,2,3,3,0.55072,0.55024,0.44928,1.06206,536.1958,135,2.7,0
512,128,sampled,4,2,3,4,0.57649,0.59437,0.42351000000000005,1.08429,536.1958,135,2.7,0
512,128,sampled,4,2,4,0,0.48052,0.45201,0.5194799999999999,1.23434,481.5238,135,2.7,0
512,128,sampled,4,2,4,1,0.64564,0.60234,0.35436,1.25793,489.5417,135,2.7,0
512,128,sampled,4,2,4,2,0.6276,0.59935,0.37239999999999995,1.28068,543.7152,135,2.7,0
512,128,sampled,4,2,4,3,0.68744,0.65046,0.31255999999999995,1.30268,530.3815,135,2.7,0
512,128,sampled,4,2,4,4,0.66324,0.6921,0.33675999999999995,1.32491,530.3815,135,2.7,0
512,128,sampled,4,2,5,0,0.58893,0.59985,0.41107000000000005,1.50531,480.479,135,2.7,0
512,128,sampled,4,2,5,1,0.65371,0.69559,0.34629,1.5289,488.4969,135,2.7,0
512,128,sampled,4,2,5,2,0.71361,0.70332,0.28639000000000003,1.55165,543.7152,135,2.7,0
512,128,sampled,4,2,5,3,0.76847,0.76141,0.23153,1.57364,530.3815,135,2.7,0
512,128,sampled,4,2,5,4,0.69418,0.728,0.30582,1.59587,530.3815,135,2.7,0
512,128,sampled,4,2,6,0,0.69355,0.67764,0.30645,1.77571,477.8807,135,2.7,0
512,128,sampled,4,2,6,1,0.78435,0.72825,0.21565,1.79931,485.8986,135,2.7,0
512,128,sampled,4,2,6,2,0.77728,0.75318,0.22272000000000003,1.82205,541.1169,135,2.7,0
512,128,sampled,4,2,6,3,0.78001,0.71005,0.21999000000000002,1.84405,527.7833,135,2.7,0
512,128,sampled,4,2,6,4,0.73925,0.68711,0.26075000000000004,1.86628,527.7833,135,2.7,0
512,128,sampled,4,2,7,0,0.80936,0.75019,0.19064000000000003,2.01417,477.8807,135,2.7,0
512,128,sampled,4,2,7,1,0.80102,0.72052,0.19898000000000005,2.03776,485.8986,135,2.7,0
512,128,sampled,4,2,7,2,0.7876,0.74919,0.21240000000000003,2.06051,541.1169,135,2.7,0
512,128,sampled,4,2,7,3,0.74875,0.729,0.25125,2.0825,527.7833,135,2.7,0
512,128,sampled,4,2,7,4,0.73174,0.7078,0.26826000000000005,2.10473,527.7833,135,2.7,0
512,128,sampled,4,2,8,0,0.8252,0.71179,0.17479999999999996,2.30283,573.5341,135,2.7,0
512,128,sampled,4,2,8,1,0.76699,0.70905,0.23301000000000005,2.32642,581.552,135,2.7,0
512,128,sampled,4,2,8,2,0.73887,0.70855,0.26113,2.34917,632.775,135,2.7,0
512,128,sampled,4,2,8,3,0.75158,0.7088,0.24841999999999997,2.37116,618.2759,135,2.7,0
512,128,sampled,4,2,8,4,0.73485,0.72999,0.26515,2.39339,618.2759,135,2.7,0
1024,32,exact,0,0,8,0,0.81782,0.8018,0.18218,0.3951,70.6761,2083,41.66,0
1024,32,exact,0,1,2,0,0.84451,0.72949,0.15549000000000002,0.75392,771.7913,2083,41.66,0
1024,32,exact,0,1,2,1,0.83752,0.73049,0.16247999999999996,0.76103,779.8092,2083,41.66,0
1024,32,exact,0,1,2,2,0.83768,0.72974,0.16232000000000002,0.76679,858.6364,2083,41.66,0
1024,32,exact,0,1,2,3,0.83939,0.74445,0.16061000000000003,0.77252,875.7574,2083,41.66,0
1024,32,exact,0,1,2,4,0.7796,0.72476,0.22040000000000004,0.77802,875.7574,2083,41.66,0
1024,32,exact,0,1,3,0,0.84419,0.75941,0.15581,1.11589,771.7913,2083,41.66,0
1024,32,exact,0,1,3,1,0.83226,0.7472,0.16774,1.123,779.8092,2083,41.66,0
1024,32,exact,0,1,3,2,0.8284,0.75143,0.17159999999999997,1.12876,858.6364,2083,41.66,0
1024,32,exact,0,1,3,3,0.81446,0.74819,0.18554000000000004,1.13449,875.7574,2083,41.66,0
1024,32,exact,0,1,3,4,0.77455,0.72949,0.22545000000000004,1.13999,875.7574,2083,41.66,0
1024,32,exact,0,1,4,0,0.82619,0.74769,0.17381000000000002,1.46496,770.7015,2083,41.66,0
1024,32,exact,0,1,4,1,0.82395,0.75268,0.17605000000000004,1.47207,778.7194,2083,41.66,0
1024,32,exact,0,1,4,2,0.79366,0.75642,0.20633999999999997,1.47783,855.06,2083,41.66,0
1024,32,exact,0,1,4,3,0.78546,0.76091,0.21453999999999995,1.48356,860.195,2083,41.66,0
1024,32,exact,0,1,4,4,0.75505,0.74296,0.24495,1.48906,860.195,2083,41.66,0
1024,32,exact,0,1,5,0,0.82586,0.75019,0.17413999999999996,1.82207,769.6566,2083,41.66,0
1024,32,exact,0,1,5,1,0.79414,0.75093,0.20586000000000004,1.82918,777.6745,2083,41.66,0
1024,32,exact,0,1,5,2,0.76983,0.75767,0.23016999999999999,1.83493,855.06,2083,41.66,0
1024,32,exact,0,1,5,3,0.76647,0.76091,0.23353000000000002,1.84067,860.195,2083,41.66,0
1024,32,exact,0,1,5,4,0.748,0.74196,0.252,1.84616,860.195,2083,41.66,0
1024,32,exact,0,1,6,0,0.78355,0.75318,0.21645000000000003,2.17859,767.8637,2083,41.66,0
1024,32,exact,0,1,6,1,0.7738,0.74595,0.22619999999999996,2.1857,775.8816,2083,41.66,0
1024,32,exact,0,1,6,2,0.76269,0.75567,0.23731000000000002,2.19145,853.2671,2083,41.66,0
1024,32,exact,0,1,6,3,0.76264,0.76091,0.23736000000000002,2.19719,858.4021,2083,41.66,0
1024,32,exact,0,1,6,4,0.748,0.74196,0.252,2.20268,858.4021,2083,41.66,0
1024,32,exact,0,1,7,0,0.76419,0.75093,0.23580999999999996,2.52792,767.8637,2083,41.66,0
1024,32,exact,0,1,7,1,0.76938,0.74595,0.23062000000000005,2.53503,775.8816,2083,41.66,0
1024,32,exact,0,1,7,2,0.76269,0.75567,0.23731000000000002,2.54078,853.2671,2083,41.66,0
1024,32,exact,0,1,7,3,0.76264,0.76091,0.23736000000000002,2.54652,858.4021,2083,41.66,0
1024,32,exact,0,1,7,4,0.748,0.74196,0.252,2.55202,858.4021,2083,41.66,0
1024,32,exact,0,1,8,0,0.76153,0.75093,0.23846999999999996,2.88993,916.757,2083,41.66,0
1024,32,exact,0,1,8,1,0.76938,0.74595,0.23062000000000005,2.89704,924.7749,2083,41.66,0
1024,32,exact,0,1,8,2,0.76269,0.75567,0.23731000000000002,2.9028,998.1651,2083,41.66,0
1024,32,exact,0,1,8,3,0.76264,0.76091,0.23736000000000002,2.90853,1002.1346,2083,41.66,0
1024,32,exact,0,1,8,4,0.748,0.74196,0.252,2.91403,1002.1346,2083,41.66,0
1024,32,exact,0,2,2,0,0.32736,0.31538,0.67264,0.75392,830.9382,2083,41.66,0
1024,32,exact,0,2,2,1,0.31499,0.33084,0.68501,0.76103,838.9561,2083,41.66,0
1024,32,exact,0,2,2,2,0.40868,0.48168,0.5913200000000001,0.76679,913.6808,2083,41.66,0
1024,32,exact,0,2,2,3,0.46416,0.52605,0.53584,0.77252,929.5437,2083,41.66,0
1024,32,exact,0,2,2,4,0.55625,0.59013,0.44375,0.77802,929.5437,2083,41.66,0
1024,32,exact,0,2,3,0,0.36811,0.33932,0.6318900000000001,1.11589,830.9382,2083,41.66,0
1024,32,exact,0,2,3,1,0.5426,0.453,0.45740000000000003,1.123,838.9561,2083,41.66,0
1024,32,exact,0,2,3,2,0.54806,0.6547,0.45194,1.12876,913.6808,2083,41.66,0
1024,32,exact,0,2,3,3,0.62749,0.66318,0.37251,1.13449,929.5437,2083,41.66,0
1024,32,exact,0,2,3,4,0.69431,0.71379,0.30569,1.13999,929.5437,2083,41.66,0
1024,32,exact,0,2,4,0,0.67098,0.44577,0.32902,1.46496,827.9038,2083,41.66,0
1024,32,exact,0,2,4,1,0.71038,0.74994,0.28962,1.47207,835.9217,2083,41.66,0
1024,32,exact,0,2,4,2,0.77189,0.72401,0.22811000000000003,1.47783,908.1599,2083,41.66,0
1024,32,exact,0,2,4,3,0.74018,0.76639,0.25982000000000005,1.48356,912.0366,2083,41.66,0
1024,32,exact,0,2,4,4,0.78559,0.77711,0.21441,1.48906,912.0366,2083,41.66,0
1024,32,exact,0,2,5,0,0.77986,0.81675,0.22014,1.82207,826.859,2083,41.66,0
1024,32,exact,0,2,5,1,0.79774,0.77736,0.20226,1.82918,834.8769,2083,41.66,0
1024,32,exact,0,2,5,2,0.83754,0.79382,0.16246000000000005,1.83493,908.1599,2083,41.66,0
1024,32,exact,0,2,5,3,0.84702,0.78484,0.15298,1.84067,912.0366,2083,41.66,0
1024,32,exact,0,2,5,4,0.82455,0.79407,0.17545,1.84616,912.0366,2083,41.66,0
1024,32,exact,0,2,6,0,0.89259,0.85889,0.10741,2.17859,825.0661,2083,41.66,0
1024,32,exact,0,2,6,1,0.83582,0.82747,0.16418,2.1857,833.084,2083,41.66,0
1024,32,exact,0,2,6,2,0.87129,0.84717,0.12871,2.19145,906.367,2083,41.66,0
1024,32,exact,0,2,6,3,0.83804,0.80952,0.16196,2.19719,910.2438,2083,41.66,0
1024,32,exact,0,2,6,4,0.8339,0.7988,0.16610000000000003,2.20268,910.2438,2083,41.66,0
1024,32,exact,0,2,7,0,0.89306,0.84966,0.10694000000000004,2.52792,825.0661,2083,41.66,0
1024,32,exact,0,2,7,1,0.8723,0.82598,0.12770000000000004,2.53503,833.084,2083,41.66,0
1024,32,exact,0,2,7,2,0.86867,0.81202,0.13132999999999995,2.54078,906.367,2083,41.66,0
1024,32,exact,0,2,7,3,0.83836,0.82124,0.16164,2.54652,910.2438,2083,41.66,0
1024,32,exact,0,2,7,4,0.83644,0.82448,0.16356000000000004,2.55202,910.2438,2083,41.66,0
1024,32,exact,0,2,8,0,0.86531,0.84268,0.13468999999999998,2.88993,973.9594,2083,41.66,0
1024,32,exact,0,2,8,1,0.86349,0.80853,0.13651000000000002,2.89704,981.9773,2083,41.66,0
1024,32,exact,0,2,8,2,0.83767,0.82149,0.16232999999999997,2.9028,1051.265,2083,41.66,0
1024,32,exact,0,2,8,3,0.83339,0.80753,0.16661000000000004,2.90853,1053.9763,2083,41.66,0
1024,32,exact,0,2,8,4,0.81721,0.80853,0.18279,2.91403,1053.9763,2083,41.66,0
1024,32,trunc,1,0,8,0,0.66717,0.65694,0.33282999999999996,0.39415,71.3373,2083,41.66,0
1024,32,trunc,1,1,2,0,0.83344,0.60284,0.16656000000000004,0.75297,772.4524,2083,41.66,0
1024,32,trunc,1,1,2,1,0.7956,0.62727,0.20440000000000003,0.76008,780.4703,2083,41.66,0
1024,32,trunc,1,1,2,2,0.79517,0.63949,0.20482999999999996,0.76584,858.6364,2083,41.66,0
1024,32,trunc,1,1,2,3,0.81668,0.67814,0.18332000000000004,0.77157,875.7574,2083,41.66,0
1024,32,trunc,1,1,2,4,0.77145,0.60234,0.22855000000000003,0.77707,875.7574,2083,41.66,0
1024,32,trunc,1,1,3,0,0.83428,0.638,0.16571999999999998,1.11494,772.4524,2083,41.66,0
1024,32,trunc,1,1,3,1,0.79597,0.61481,0.20403000000000004,1.12205,780.4703,2083,41.66,0
1024,32,trunc,1,1,3,2,0.79111,0.64024,0.20889000000000002,1.12781,858.6364,2083,41.66,0
1024,32,trunc,1,1,3,3,0.78276,0.62378,0.21724,1.13354,875.7574,2083,41.66,0
1024,32,trunc,1,1,3,4,0.70011,0.60558,0.29989,1.13904,875.7574,2083,41.66,0
1024,32,trunc,1,1,4,0,0.81197,0.60334,0.18803000000000003,1.46401,771.3626,2083,41.66,0
1024,32,trunc,1,1,4,1,0.75996,0.60858,0.24004000000000003,1.47112,779.3805,2083,41.66,0
1024,32,trunc,1,1,4,2,0.72898,0.62154,0.27102000000000004,1.47688,855.06,2083,41.66,0
1024,32,trunc,1,1,4,3,0.69539,0.62603,0.30461000000000005,1.48261,860.195,2083,41.66,0
1024,32,trunc,1,1,4,4,0.66011,0.6183,0.33989,1.48811,860.195,2083,41.66,0
1024,32,trunc,1,1,5,0,0.75967,0.6188,0.24033000000000004,1.82112,770.3178,2083,41.66,0
1024,32,trunc,1,1,5,1,0.71478,0.62478,0.28522000000000003,1.82823,778.3357,2083,41.66,0
1024,32,trunc,1,1,5,2,0.66711,0.62329,0.33289,1.83398,855.06,2083,41.66,0
1024,32,trunc,1,1,5,3,0.66242,0.63101,0.33758,1.83972,860.195,2083,41.66,0
1024,32,trunc,1,1,5,4,0.64619,0.61032,0.35380999999999996,1.84522,860.195,2083,41.66,0
1024,32,trunc,1,1,6,0,0.70402,0.62802,0.29598,2.17764,768.5249,2083,41.66,0
1024,32,trunc,1,1,6,1,0.66043,0.62354,0.33957000000000004,2.18475,776.5428,2083,41.66,0
1024,32,trunc,1,1,6,2,0.66204,0.63101,0.33796000000000004,2.1905,853.2671,2083,41.66,0
1024,32,trunc,1,1,6,3,0.66154,0.63101,0.33846,2.19624,858.4021,2083,41.66,0
1024,32,trunc,1,1,6,4,0.64619,0.61032,0.35380999999999996,2.20174,858.4021,2083,41.66,0
1024,32,trunc,1,1,7,0,0.65105,0.62678,0.34895,2.52697,768.5249,2083,41.66,0
1024,32,trunc,1,1,7,1,0.65205,0.62354,0.34795,2.53408,776.5428,2083,41.66,0
1024,32,trunc,1,1,7,2,0.66204,0.63101,0.33796000000000004,2.53984,853.2671,2083,41.66,0
1024,32,trunc,1,1,7,3,0.66154,0.63101,0.33846,2.54557,858.4021,2083,41.66,0
1024,32,trunc,1,1,7,4,0.64619,0.61032,0.35380999999999996,2.55107,858.4021,2083,41.66,0
1024,32,trunc,1,1,8,0,0.64839,0.62678,0.35161,2.88898,917.4182,2083,41.66,0
1024,32,trunc,1,1,8,1,0.65205,0.62354,0.34795,2.89609,925.4361,2083,41.66,0
1024,32,trunc,1,1,8,2,0.66204,0.63101,0.33796000000000004,2.90185,998.1651,2083,41.66,0
1024,32,trunc,1,1,8,3,0.66154,0.63101,0.33846,2.90758,1002.1346,2083,41.66,0
1024,32,trunc,1,1,8,4,0.64619,0.61032,0.35380999999999996,2.91308,1002.1346,2083,41.66,0
1024,32,trunc,1,2,2,0,0.33744,0.31164,0.66256,0.75297,831.5994,2083,41.66,0
1024,32,trunc,1,2,2,1,0.28942,0.27998,0.71058,0.76008,839.6173,2083,41.66,0
1024,32,trunc,1,2,2,2,0.38563,0.41685,0.6143700000000001,0.76584,913.6808,2083,41.66,0
1024,32,trunc,1,2,2,3,0.50159,0.57292,0.49841,0.77157,929.5437,2083,41.66,0
1024,32,trunc,1,2,2,4,0.55988,0.55871,0.44011999999999996,0.77707,929.5437,2083,41.66,0
1024,32,trunc,1,2,3,0,0.40345,0.362,0.59655,1.11494,831.5994,2083,41.66,0
1024,32,trunc,1,2,3,1,0.50863,0.4717,0.49137,1.12205,839.6173,2083,41.66,0
1024,32,trunc,1,2,3,2,0.68077,0.61207,0.31923,1.12781,913.6808,2083,41.66,0
1024,32,trunc,1,2,3,3,0.62961,0.61406,0.37039,1.13354,929.5437,2083,41.66,0
1024,32,trunc,1,2,3,4,0.7018,0.70057,0.2982,1.13904,929.5437,2083,41.66,0
1024,32,trunc,1,2,4,0,0.64241,0.60309,0.35758999999999996,1.46401,828.565,2083,41.66,0
1024,32,trunc,1,2,4,1,0.6201,0.69534,0.3799,1.47112,836.5829,2083,41.66,0
1024,32,trunc,1,2,4,2,0.71342,0.66617,0.28657999999999995,1.47688,908.1599,2083,41.66,0
1024,32,trunc,1,2,4,3,0.75765,0.75418,0.24234999999999995,1.48261,912.0366,2083,41.66,0
1024,32,trunc,1,2,4,4,0.78379,0.7821,0.21621,1.48811,912.0366,2083,41.66,0
1024,32,trunc,1,2,5,0,0.62233,0.49564,0.37766999999999995,1.82112,827.5202,2083,41.66,0
1024,32,trunc,1,2,5,1,0.74248,0.77961,0.25751999999999997,1.82823,835.5381,2083,41.66,0
1024,32,trunc,1,2,5,2,0.78587,0.76589,0.21413000000000004,1.83398,908.1599,2083,41.66,0
1024,32,trunc,1,2,5,3,0.79356,0.79257,0.20643999999999996,1.83972,912.0366,2083,41.66,0
1024,32,trunc,1,2,5,4,0.81772,0.77287,0.18228,1.84522,912.0366,2083,41.66,0
1024,32,trunc,1,2,6,0,0.81438,0.78933,0.18562,2.17764,825.7273,2083,41.66,0
1024,32,trunc,1,2,6,1,0.81429,0.7993,0.18571000000000004,2.18475,833.7452,2083,41.66,0
1024,32,trunc,1,2,6,2,0.81967,0.82049,0.18033,2.1905,906.367,2083,41.66,0
1024,32,trunc,1,2,6,3,0.79581,0.76116,0.20418999999999998,2.19624,910.2438,2083,41.66,0
1024,32,trunc,1,2,6,4,0.77239,0.74769,0.22760999999999998,2.20174,910.2438,2083,41.66,0
1024,32,trunc,1,2,7,0,0.8311,0.80229,0.16890000000000005,2.52697,825.7273,2083,41.66,0
1024,32,trunc,1,2,7,1,0.80132,0.79731,0.19867999999999997,2.53408,833.7452,2083,41.66,0
1024,32,trunc,1,2,7,2,0.78042,0.76864,0.21958,2.53984,906.367,2083,41.66,0
1024,32,trunc,1,2,7,3,0.74203,0.72999,0.25797000000000003,2.54557,910.2438,2083,41.66,0
1024,32,trunc,1,2,7,4,0.73485,0.72476,0.26515,2.55107,910.2438,2083,41.66,0
1024,32,trunc,1,2,8,0,0.80822,0.79806,0.19177999999999995,2.88898,974.6206,2083,41.66,0
1024,32,trunc,1,2,8,1,0.78388,0.73398,0.21611999999999998,2.89609,982.6385,2083,41.66,0
1024,32,trunc,1,2,8,2,0.75836,0.73947,0.24163999999999997,2.90185,1051.265,2083,41.66,0
1024,32,trunc,1,2,8,3,0.75483,0.72226,0.24517,2.90758,1053.9763,2083,41.66,0
1024,32,trunc,1,2,8,4,0.76061,0.73448,0.23939,2.91308,1053.9763,2083,41.66,0
1024,32,satcomp,2,0,8,0,0.81953,0.80279,0.18047000000000002,0.39027,47.1755,2083,41.66,1
1024,32,satcomp,2,1,2,0,0.84451,0.72974,0.15549000000000002,0.74909,723.6629,2083,41.66,1
1024,32,satcomp,2,1,2,1,0.83752,0.73074,0.16247999999999996,0.7562,724.4183,2083,41.66,0
1024,32,satcomp,2,1,2,2,0.83854,0.72949,0.16146000000000005,0.76196,794.8544,2083,41.66,0
1024,32,satcomp,2,1,2,3,0.83939,0.7447,0.16061000000000003,0.76769,806.3461,2083,41.66,0
1024,32,satcomp,2,1,2,4,0.7796,0.72476,0.22040000000000004,0.77319,806.3461,2083,41.66,0
1024,32,satcomp,2,1,3,0,0.84333,0.75817,0.15666999999999998,1.11107,723.6629,2083,41.66,0
1024,32,satcomp,2,1,3,1,0.83226,0.7472,0.16774,1.11818,724.4183,2083,41.66,0
1024,32,satcomp,2,1,3,2,0.8284,0.75143,0.17159999999999997,1.12393,794.8544,2083,41.66,0
1024,32,satcomp,2,1,3,3,0.81446,0.74819,0.18554000000000004,1.12967,806.3461,2083,41.66,0
1024,32,satcomp,2,1,3,4,0.77455,0.729,0.22545000000000004,1.13516,806.3461,2083,41.66,0
1024,32,satcomp,2,1,4,0,0.82619,0.7472,0.17381000000000002,1.46013,722.5731,2083,41.66,0
1024,32,satcomp,2,1,4,1,0.82309,0.75293,0.17691,1.46725,723.3285,2083,41.66,0
1024,32,satcomp,2,1,4,2,0.79366,0.75617,0.20633999999999997,1.473,791.278,2083,41.66,0
1024,32,satcomp,2,1,4,3,0.78632,0.76066,0.21367999999999998,1.47874,790.7836,2083,41.66,0
1024,32,satcomp,2,1,4,4,0.75505,0.74271,0.24495,1.48423,790.7836,2083,41.66,0
1024,32,satcomp,2,1,5,0,0.825,0.74994,0.17500000000000004,1.81724,721.5283,2083,41.66,0
1024,32,satcomp,2,1,5,1,0.79414,0.75118,0.20586000000000004,1.82435,722.2837,2083,41.66,0
1024,32,satcomp,2,1,5,2,0.76983,0.75742,0.23016999999999999,1.83011,791.278,2083,41.66,0
1024,32,satcomp,2,1,5,3,0.76546,0.76091,0.23453999999999997,1.83584,790.7836,2083,41.66,0
1024,32,satcomp,2,1,5,4,0.74707,0.74196,0.25293,1.84134,790.7836,2083,41.66,0
1024,32,satcomp,2,1,6,0,0.78254,0.75318,0.21746,2.17376,716.6669,2083,41.66,0
1024,32,satcomp,2,1,6,1,0.7738,0.7462,0.22619999999999996,2.18087,717.4223,2083,41.66,0
1024,32,satcomp,2,1,6,2,0.76269,0.75592,0.23731000000000002,2.18663,786.4166,2083,41.66,0
1024,32,satcomp,2,1,6,3,0.76264,0.76091,0.23736000000000002,2.19236,785.9222,2083,41.66,0
1024,32,satcomp,2,1,6,4,0.74707,0.74196,0.25293,2.19786,785.9222,2083,41.66,0
1024,32,satcomp,2,1,7,0,0.76419,0.75093,0.23580999999999996,2.52309,716.6669,2083,41.66,0
1024,32,satcomp,2,1,7,1,0.76938,0.7462,0.23062000000000005,2.5302,717.4223,2083,41.66,0
1024,32,satcomp,2,1,7,2,0.76269,0.75592,0.23731000000000002,2.53596,786.4166,2083,41.66,0
1024,32,satcomp,2,1,7,3,0.76264,0.76091,0.23736000000000002,2.54169,785.9222,2083,41.66,0
1024,32,satcomp,2,1,7,4,0.74707,0.74196,0.25293,2.54719,785.9222,2083,41.66,0
1024,32,satcomp,2,1,8,0,0.76153,0.75093,0.23846999999999996,2.8851,864.0594,2083,41.66,0
1024,32,satcomp,2,1,8,1,0.76938,0.7462,0.23062000000000005,2.89222,864.8148,2083,41.66,0
1024,32,satcomp,2,1,8,2,0.76269,0.75592,0.23731000000000002,2.89797,929.8138,2083,41.66,0
1024,32,satcomp,2,1,8,3,0.76264,0.76091,0.23736000000000002,2.90371,928.1539,2083,41.66,0
1024,32,satcomp,2,1,8,4,0.74707,0.74196,0.25293,2.9092,928.1539,2083,41.66,0
1024,32,satcomp,2,2,2,0,0.34617,0.33558,0.65383,0.74909,782.8099,2083,41.66,0
1024,32,satcomp,2,2,2,1,0.3292,0.30815,0.6708000000000001,0.7562,783.5653,2083,41.66,0
1024,32,satcomp,2,2,2,2,0.40298,0.35976,0.59702,0.76196,849.8988,2083,41.66,0
1024,32,satcomp,2,2,2,3,0.49078,0.51384,0.50922,0.76769,860.1323,2083,41.66,0
1024,32,satcomp,2,2,2,4,0.50469,0.54874,0.49531000000000003,0.77319,860.1323,2083,41.66,0
1024,32,satcomp,2,2,3,0,0.36816,0.41187,0.63184,1.11107,782.8099,2083,41.66,0
1024,32,satcomp,2,2,3,1,0.49088,0.43032,0.50912,1.11818,783.5653,2083,41.66,0
1024,32,satcomp,2,2,3,2,0.55605,0.53054,0.44394999999999996,1.12393,849.8988,2083,41.66,0
1024,32,satcomp,2,2,3,3,0.59614,0.5804,0.40386,1.12967,860.1323,2083,41.66,0
1024,32,satcomp,2,2,3,4,0.65651,0.59162,0.34348999999999996,1.13516,860.1323,2083,41.66,0
1024,32,satcomp,2,2,4,0,0.64079,0.46846,0.35921000000000003,1.46013,779.7755,2083,41.66,0
1024,32,satcomp,2,2,4,1,0.63691,0.72102,0.36309,1.46725,780.5309,2083,41.66,0
1024,32,satcomp,2,2,4,2,0.69928,0.67988,0.30072,1.473,844.3779,2083,41.66,0
1024,32,satcomp,2,2,4,3,0.73544,0.70805,0.26456,1.47874,842.6253,2083,41.66,0
1024,32,satcomp,2,2,4,4,0.75602,0.75243,0.24397999999999997,1.48423,842.6253,2083,41.66,0
1024,32,satcomp,2,2,5,0,0.81472,0.80155,0.18528,1.81724,778.7307,2083,41.66,0
1024,32,satcomp,2,2,5,1,0.76326,0.70007,0.23673999999999995,1.82435,779.486,2083,41.66,0
1024,32,satcomp,2,2,5,2,0.79854,0.81626,0.20145999999999997,1.83011,844.3779,2083,41.66,0
1024,32,satcomp,2,2,5,3,0.80297,0.80404,0.19703000000000004,1.83584,842.6253,2083,41.66,0
1024,32,satcomp,2,2,5,4,0.84156,0.78983,0.15844000000000003,1.84134,842.6253,2083,41.66,0
1024,32,satcomp,2,2,6,0,0.89414,0.84518,0.10585999999999995,2.17376,773.8693,2083,41.66,1
1024,32,satcomp,2,2,6,1,0.86476,0.85814,0.13524000000000003,2.18087,774.6246,2083,41.66,0
1024,32,satcomp,2,2,6,2,0.85166,0.83072,0.14834000000000003,2.18663,839.5165,2083,41.66,0
1024,32,satcomp,2,2,6,3,0.8516,0.81252,0.14839999999999998,2.19236,837.7639,2083,41.66,0
1024,32,satcomp,2,2,6,4,0.84445,0.81376,0.15554999999999997,2.19786,837.7639,2083,41.66,0
1024,32,satcomp,2,2,7,0,0.8993,0.84617,0.10070000000000001,2.52309,773.8693,2083,41.66,1
1024,32,satcomp,2,2,7,1,0.86545,0.84243,0.13454999999999995,2.5302,774.6246,2083,41.66,0
1024,32,satcomp,2,2,7,2,0.84603,0.81027,0.15397000000000005,2.53596,839.5165,2083,41.66,0
1024,32,satcomp,2,2,7,3,0.84921,0.79756,0.15078999999999998,2.54169,837.7639,2083,41.66,0
1024,32,satcomp,2,2,7,4,0.84524,0.81426,0.15476,2.54719,837.7639,2083,41.66,0
1024,32,satcomp,2,2,8,0,0.87763,0.84293,0.12236999999999998,2.8851,921.2618,2083,41.66,0
1024,32,satcomp,2,2,8,1,0.86158,0.82349,0.13842,2.89222,922.0171,2083,41.66,0
1024,32,satcomp,2,2,8,2,0.85054,0.81027,0.14946000000000004,2.89797,982.9137,2083,41.66,0
1024,32,satcomp,2,2,8,3,0.83741,0.82049,0.16259,2.90371,979.9956,2083,41.66,0
1024,32,satcomp,2,2,8,4,0.82888,0.81526,0.17112000000000005,2.9092,979.9956,2083,41.66,0
1024,32,satcomp,3,0,8,0,0.81782,0.8018,0.18218,0.39443,47.1755,2083,41.66,0
1024,32,satcomp,3,1,2,0,0.84451,0.72949,0.15549000000000002,0.75325,723.6629,2083,41.66,0
1024,32,satcomp,3,1,2,1,0.83752,0.73049,0.16247999999999996,0.76036,724.4183,2083,41.66,0
1024,32,satcomp,3,1,2,2,0.83768,0.72974,0.16232000000000002,0.76612,794.8544,2083,41.66,0
1024,32,satcomp,3,1,2,3,0.83939,0.74445,0.16061000000000003,0.77185,806.3461,2083,41.66,0
1024,32,satcomp,3,1,2,4,0.7796,0.72476,0.22040000000000004,0.77735,806.3461,2083,41.66,0
1024,32,satcomp,3,1,3,0,0.84419,0.75941,0.15581,1.11523,723.6629,2083,41.66,0
1024,32,satcomp,3,1,3,1,0.83226,0.7472,0.16774,1.12234,724.4183,2083,41.66,0
1024,32,satcomp,3,1,3,2,0.8284,0.75143,0.17159999999999997,1.12809,794.8544,2083,41.66,0
1024,32,satcomp,3,1,3,3,0.81446,0.74819,0.18554000000000004,1.13383,806.3461,2083,41.66,0
1024,32,satcomp,3,1,3,4,0.77455,0.72949,0.22545000000000004,1.13932,806.3461,2083,41.66,0
1024,32,satcomp,3,1,4,0,0.82619,0.74769,0.17381000000000002,1.46429,722.5731,2083,41.66,0
1024,32,satcomp,3,1,4,1,0.82395,0.75268,0.17605000000000004,1.47141,723.3285,2083,41.66,0
1024,32,satcomp,3,1,4,2,0.79366,0.75642,0.20633999999999997,1.47716,791.278,2083,41.66,0
1024,32,satcomp,3,1,4,3,0.78546,0.76091,0.21453999999999995,1.4829,790.7836,2083,41.66,0
1024,32,satcomp,3,1,4,4,0.75505,0.74296,0.24495,1.48839,790.7836,2083,41.66,0
1024,32,satcomp,3,1,5,0,0.82586,0.75019,0.17413999999999996,1.8214,721.5283,2083,41.66,0
1024,32,satcomp,3,1,5,1,0.79414,0.75093,0.20586000000000004,1.82851,722.2837,2083,41.66,0
1024,32,satcomp,3,1,5,2,0.76983,0.75767,0.23016999999999999,1.83427,791.278,2083,41.66,0
1024,32,satcomp,3,1,5,3,0.76647,0.76091,0.23353000000000002,1.84,790.7836,2083,41.66,0
1024,32,satcomp,3,1,5,4,0.748,0.74196,0.252,1.8455,790.7836,2083,41.66,0
1024,32,satcomp,3,1,6,0,0.78355,0.75318,0.21645000000000003,2.17792,716.6669,2083,41.66,0
1024,32,satcomp,3,1,6,1,0.7738,0.74595,0.22619999999999996,2.18503,717.4223,2083,41.66,0
1024,32,satcomp,3,1,6,2,0.76269,0.75567,0.23731000000000002,2.19079,786.4166,2083,41.66,0
1024,32,satcomp,3,1,6,3,0.76264,0.76091,0.23736000000000002,2.19652,785.9222,2083,41.66,0
1024,32,satcomp,3,1,6,4,0.748,0.74196,0.252,2.20202,785.9222,2083,41.66,0
1024,32,satcomp,3,1,7,0,0.76419,0.75093,0.23580999999999996,2.52725,716.6669,2083,41.66,0
1024,32,satcomp,3,1,7,1,0.76938,0.74595,0.23062000000000005,2.53436,717.4223,2083,41.66,0
1024,32,satcomp,3,1,7,2,0.76269,0.75567,0.23731000000000002,2.54012,786.4166,2083,41.66,0
1024,32,satcomp,3,1,7,3,0.76264,0.76091,0.23736000000000002,2.54585,785.9222,2083,41.66,0
1024,32,satcomp,3,1,7,4,0.748,0.74196,0.252,2.55135,785.9222,2083,41.66,0
1024,32,satcomp,3,1,8,0,0.76153,0.75093,0.23846999999999996,2.88926,864.0594,2083,41.66,0
1024,32,satcomp,3,1,8,1,0.76938,0.74595,0.23062000000000005,2.89638,864.8148,2083,41.66,0
1024,32,satcomp,3,1,8,2,0.76269,0.75567,0.23731000000000002,2.90213,929.8138,2083,41.66,0
1024,32,satcomp,3,1,8,3,0.76264,0.76091,0.23736000000000002,2.90787,928.1539,2083,41.66,0
1024,32,satcomp,3,1,8,4,0.748,0.74196,0.252,2.91336,928.1539,2083,41.66,0
1024,32,satcomp,3,2,2,0,0.3102,0.30541,0.6898,0.75325,782.8099,2083,41.66,0
1024,32,satcomp,3,2,2,1,0.28436,0.33907,0.71564,0.76036,783.5653,2083,41.66,0
1024,32,satcomp,3,2,2,2,0.40217,0.41835,0.59783,0.76612,849.8988,2083,41.66,0
1024,32,satcomp,3,2,2,3,0.49753,0.44951,0.50247,0.77185,860.1323,2083,41.66,0
1024,32,satcomp,3,2,2,4,0.61729,0.64622,0.38271,0.77735,860.1323,2083,41.66,0
1024,32,satcomp,3,2,3,0,0.36811,0.33932,0.6318900000000001,1.11523,782.8099,2083,41.66,0
1024,32,satcomp,3,2,3,1,0.55538,0.4004,0.44462,1.12234,783.5653,2083,41.66,0
1024,32,satcomp,3,2,3,2,0.62364,0.54799,0.37636000000000003,1.12809,849.8988,2083,41.66,0
1024,32,satcomp,3,2,3,3,0.66806,0.60509,0.33194,1.13383,860.1323,2083,41.66,0
1024,32,satcomp,3,2,3,4,0.68546,0.67016,0.31454000000000004,1.13932,860.1323,2083,41.66,0
1024,32,satcomp,3,2,4,0,0.67098,0.44577,0.32902,1.46429,779.7755,2083,41.66,0
1024,32,satcomp,3,2,4,1,0.64393,0.66293,0.35607,1.47141,780.5309,2083,41.66,0
1024,32,satcomp,3,2,4,2,0.74548,0.75792,0.25451999999999997,1.47716,844.3779,2083,41.66,0
1024,32,satcomp,3,2,4,3,0.76974,0.73398,0.23026000000000002,1.4829,842.6253,2083,41.66,0
1024,32,satcomp,3,2,4,4,0.7937,0.78808,0.20630000000000004,1.48839,842.6253,2083,41.66,0
1024,32,satcomp,3,2,5,0,0.77986,0.81675,0.22014,1.8214,778.7307,2083,41.66,0
1024,32,satcomp,3,2,5,1,0.81291,0.79781,0.18708999999999998,1.82851,779.486,2083,41.66,0
1024,32,satcomp,3,2,5,2,0.83754,0.79382,0.16246000000000005,1.83427,844.3779,2083,41.66,0
1024,32,satcomp,3,2,5,3,0.84702,0.78484,0.15298,1.84,842.6253,2083,41.66,0
1024,32,satcomp,3,2,5,4,0.82455,0.79407,0.17545,1.8455,842.6253,2083,41.66,0
1024,32,satcomp,3,2,6,0,0.89259,0.85889,0.10741,2.17792,773.8693,2083,41.66,0
1024,32,satcomp,3,2,6,1,0.83582,0.82747,0.16418,2.18503,774.6246,2083,41.66,0
1024,32,satcomp,3,2,6,2,0.87129,0.84717,0.12871,2.19079,839.5165,2083,41.66,0
1024,32,satcomp,3,2,6,3,0.83804,0.80952,0.16196,2.19652,837.7639,2083,41.66,0
1024,32,satcomp,3,2,6,4,0.8339,0.7988,0.16610000000000003,2.20202,837.7639,2083,41.66,0
1024,32,satcomp,3,2,7,0,0.89306,0.84966,0.10694000000000004,2.52725,773.8693,2083,41.66,0
1024,32,satcomp,3,2,7,1,0.8723,0.82598,0.12770000000000004,2.53436,774.6246,2083,41.66,0
1024,32,satcomp,3,2,7,2,0.86867,0.81202,0.13132999999999995,2.54012,839.5165,2083,41.66,0
1024,32,satcomp,3,2,7,3,0.83836,0.82124,0.16164,2.54585,837.7639,2083,41.66,0
1024,32,satcomp,3,2,7,4,0.83644,0.82448,0.16356000000000004,2.55135,837.7639,2083,41.66,0
1024,32,satcomp,3,2,8,0,0.86531,0.84268,0.13468999999999998,2.88926,921.2618,2083,41.66,0
1024,32,satcomp,3,2,8,1,0.86349,0.80853,0.13651000000000002,2.89638,922.0171,2083,41.66,0
1024,32,satcomp,3,2,8,2,0.83767,0.82149,0.16232999999999997,2.90213,982.9137,2083,41.66,0
1024,32,satcomp,3,2,8,3,0.83339,0.80753,0.16661000000000004,2.90787,979.9956,2083,41.66,0
1024,32,satcomp,3,2,8,4,0.81721,0.80853,0.18279,2.91336,979.9956,2083,41.66,0
1024,32,sampled,4,0,8,0,0.7614,0.75069,0.23860000000000003,0.3951,74.7984,1059,21.18,0
1024,32,sampled,4,1,2,0,0.83283,0.65395,0.16717000000000004,0.75392,775.9136,1059,21.18,0
1024,32,sampled,4,1,2,1,0.83878,0.61057,0.16122000000000003,0.76103,783.9315,1059,21.18,0
1024,32,sampled,4,1,2,2,0.81248,0.68063,0.18752000000000002,0.76679,862.7587,1059,21.18,0
1024,32,sampled,4,1,2,3,0.80195,0.68462,0.19804999999999995,0.77252,879.8798,1059,21.18,0
1024,32,sampled,4,1,2,4,0.7782,0.65021,0.2218,0.77802,879.8798,1059,21.18,0
1024,32,sampled,4,1,3,0,0.83306,0.73199,0.16693999999999998,1.11589,775.9136,1059,21.18,0
1024,32,sampled,4,1,3,1,0.82807,0.71379,0.17193000000000003,1.123,783.9315,1059,21.18,0
1024,32,sampled,4,1,3,2,0.81544,0.72226,0.18455999999999995,1.12876,862.7587,1059,21.18,0
1024,32,sampled,4,1,3,3,0.78616,0.71454,0.21384000000000003,1.13449,879.8798,1059,21.18,0
1024,32,sampled,4,1,3,4,0.74322,0.6906,0.25678,1.13999,879.8798,1059,21.18,0
1024,32,sampled,4,1,4,0,0.80845,0.73373,0.19155,1.46496,778.8627,1059,21.18,0
1024,32,sampled,4,1,4,1,0.79174,0.7275,0.20826,1.47207,786.8806,1059,21.18,0
1024,32,sampled,4,1,4,2,0.76389,0.726,0.23611000000000004,1.47783,863.2212,1059,21.18,0
1024,32,sampled,4,1,4,3,0.73369,0.73049,0.26631000000000005,1.48356,868.3561,1059,21.18,0
1024,32,sampled,4,1,4,4,0.71963,0.72177,0.28037,1.48906,868.3561,1059,21.18,0
1024,32,sampled,4,1,5,0,0.79881,0.73099,0.20118999999999998,1.82207,777.8178,1059,21.18,0
1024,32,sampled,4,1,5,1,0.77509,0.73722,0.22491000000000005,1.82918,785.8357,1059,21.18,0
1024,32,sampled,4,1,5,2,0.73459,0.72775,0.26541000000000003,1.83493,863.2212,1059,21.18,0
1024,32,sampled,4,1,5,3,0.74528,0.74221,0.25471999999999995,1.84067,868.3561,1059,21.18,0
1024,32,sampled,4,1,5,4,0.71711,0.71678,0.28289,1.84616,868.3561,1059,21.18,0
1024,32,sampled,4,1,6,0,0.7658,0.73573,0.23419999999999996,2.17859,776.0249,1059,21.18,0
1024,32,sampled,4,1,6,1,0.75012,0.7457,0.24988,2.1857,784.0428,1059,21.18,0
1024,32,sampled,4,1,6,2,0.73492,0.73099,0.26508,2.19145,861.4283,1059,21.18,0
1024,32,sampled,4,1,6,3,0.74173,0.74221,0.25827,2.19719,866.5632,1059,21.18,0
1024,32,sampled,4,1,6,4,0.71711,0.71678,0.28289,2.20268,866.5632,1059,21.18,0
1024,32,sampled,4,1,7,0,0.7254,0.73448,0.27459999999999996,2.52792,776.0249,1059,21.18,0
1024,32,sampled,4,1,7,1,0.74483,0.7457,0.25517,2.53503,784.0428,1059,21.18,0
1024,32,sampled,4,1,7,2,0.73492,0.73099,0.26508,2.54078,861.4283,1059,21.18,0
1024,32,sampled,4,1,7,3,0.74173,0.74221,0.25827,2.54652,866.5632,1059,21.18,0
1024,32,sampled,4,1,7,4,0.71711,0.71678,0.28289,2.55202,866.5632,1059,21.18,0
1024,32,sampled,4,1,8,0,0.72451,0.73448,0.27549,2.88993,924.9182,1059,21.18,0
1024,32,sampled,4,1,8,1,0.74483,0.7457,0.25517,2.89704,932.9361,1059,21.18,0
1024,32,sampled,4,1,8,2,0.73492,0.73099,0.26508,2.9028,1006.3263,1059,21.18,0
1024,32,sampled,4,1,8,3,0.74173,0.74221,0.25827,2.90853,1010.2958,1059,21.18,0
1024,32,sampled,4,1,8,4,0.71711,0.71678,0.28289,2.91403,1010.2958,1059,21.18,0
1024,32,sampled,4,2,2,0,0.32968,0.31788,0.67032,0.75392,835.0606,1059,21.18,0
1024,32,sampled,4,2,2,1,0.31711,0.33508,0.68289,0.76103,843.0785,1059,21.18,0
1024,32,sampled,4,2,2,2,0.40189,0.42009,0.5981099999999999,0.76679,917.8032,1059,21.18,0
1024,32,sampled,4,2,2,3,0.45024,0.49738,0.54976,0.77252,933.666,1059,21.18,0
1024,32,sampled,4,2,2,4,0.5299,0.43306,0.47009999999999996,0.77802,933.666,1059,21.18,0
1024,32,sampled,4,2,3,0,0.37804,0.36649,0.6219600000000001,1.11589,835.0606,1059,21.18,0
1024,32,sampled,4,2,3,1,0.43028,0.48766,0.56972,1.123,843.0785,1059,21.18,0
1024,32,sampled,4,2,3,2,0.52942,0.55871,0.47058,1.12876,917.8032,1059,21.18,0
1024,32,sampled,4,2,3,3,0.63582,0.6532,0.36417999999999995,1.13449,933.666,1059,21.18,0
1024,32,sampled,4,2,3,4,0.72814,0.65445,0.27186,1.13999,933.666,1059,21.18,0
1024,32,sampled,4,2,4,0,0.62579,0.48666,0.37421000000000004,1.46496,836.065,1059,21.18,0
1024,32,sampled,4,2,4,1,0.62577,0.68088,0.37422999999999995,1.47207,844.0829,1059,21.18,0
1024,32,sampled,4,2,4,2,0.67318,0.69584,0.32682,1.47783,916.3211,1059,21.18,0
1024,32,sampled,4,2,4,3,0.75356,0.70656,0.24644,1.48356,920.1978,1059,21.18,0
1024,32,sampled,4,2,4,4,0.77658,0.75742,0.22341999999999995,1.48906,920.1978,1059,21.18,0
1024,32,sampled,4,2,5,0,0.67158,0.57542,0.32842000000000005,1.82207,835.0202,1059,21.18,0
1024,32,sampled,4,2,5,1,0.77147,0.73099,0.22853,1.82918,843.0381,1059,21.18,0
1024,32,sampled,4,2,5,2,0.81529,0.74894,0.18471000000000004,1.83493,916.3211,1059,21.18,0
1024,32,sampled,4,2,5,3,0.75872,0.77512,0.24128000000000005,1.84067,920.1978,1059,21.18,0
1024,32,sampled,4,2,5,4,0.77858,0.73573,0.22141999999999995,1.84616,920.1978,1059,21.18,0
1024,32,sampled,4,2,6,0,0.79722,0.82997,0.20277999999999996,2.17859,833.2273,1059,21.18,0
1024,32,sampled,4,2,6,1,0.84941,0.83321,0.15059,2.1857,841.2452,1059,21.18,0
1024,32,sampled,4,2,6,2,0.83818,0.80055,0.16181999999999996,2.19145,914.5282,1059,21.18,0
1024,32,sampled,4,2,6,3,0.77944,0.77786,0.22055999999999998,2.19719,918.4049,1059,21.18,0
1024,32,sampled,4,2,6,4,0.77104,0.75443,0.22896000000000005,2.20268,918.4049,1059,21.18,0
1024,32,sampled,4,2,7,0,0.858,0.82024,0.14200000000000002,2.52792,833.2273,1059,21.18,0
1024,32,sampled,4,2,7,1,0.85351,0.79157,0.14649,2.53503,841.2452,1059,21.18,0
1024,32,sampled,4,2,7,2,0.7994,0.78484,0.2006,2.54078,914.5282,1059,21.18,0
1024,32,sampled,4,2,7,3,0.78881,0.78135,0.21119,2.54652,918.4049,1059,21.18,0
1024,32,sampled,4,2,7,4,0.78798,0.7801,0.21202,2.55202,918.4049,1059,21.18,0
1024,32,sampled,4,2,8,0,0.84462,0.79556,0.15537999999999996,2.88993,982.1206,1059,21.18,0
1024,32,sampled,4,2,8,1,0.8272,0.7998,0.17279999999999995,2.89704,990.1385,1059,21.18,0
1024,32,sampled,4,2,8,2,0.79888,0.75617,0.20111999999999997,2.9028,1059.4262,1059,21.18,0
1024,32,sampled,4,2,8,3,0.80186,0.78709,0.19813999999999998,2.90853,1062.1375,1059,21.18,0
1024,32,sampled,4,2,8,4,0.80346,0.75991,0.19654000000000005,2.91403,1062.1375,1059,21.18,0
1024,64,exact,0,0,8,0,0.81782,0.8018,0.18218,0.46083,61.348,1043,20.86,0
1024,64,exact,0,1,2,0,0.84451,0.72949,0.15549000000000002,0.84809,763.5953,1043,20.86,0
1024,64,exact,0,1,2,1,0.83752,0.73049,0.16247999999999996,0.86073,771.6132,1043,20.86,0
1024,64,exact,0,1,2,2,0.83768,0.72974,0.16232000000000002,0.87251,871.2313,1043,20.86,0
1024,64,exact,0,1,2,3,0.83939,0.74445,0.16061000000000003,0.88307,893.0209,1043,20.86,0
1024,64,exact,0,1,2,4,0.7796,0.72476,0.22040000000000004,0.89592,893.0209,1043,20.86,0
1024,64,exact,0,1,3,0,0.84419,0.75941,0.15581,1.24144,763.5953,1043,20.86,0
1024,64,exact,0,1,3,1,0.83226,0.7472,0.16774,1.25408,771.6132,1043,20.86,0
1024,64,exact,0,1,3,2,0.8284,0.75143,0.17159999999999997,1.26586,871.2313,1043,20.86,0
1024,64,exact,0,1,3,3,0.81446,0.74819,0.18554000000000004,1.27642,893.0209,1043,20.86,0
1024,64,exact,0,1,3,4,0.77455,0.72949,0.22545000000000004,1.28927,893.0209,1043,20.86,0
1024,64,exact,0,1,4,0,0.82619,0.74769,0.17381000000000002,1.60959,759.7661,1043,20.86,0
1024,64,exact,0,1,4,1,0.82395,0.75268,0.17605000000000004,1.62223,767.784,1043,20.86,0
1024,64,exact,0,1,4,2,0.79366,0.75642,0.20633999999999997,1.63401,864.9155,1043,20.86,0
1024,64,exact,0,1,4,3,0.78546,0.76091,0.21453999999999995,1.64457,874.719,1043,20.86,0
1024,64,exact,0,1,4,4,0.75505,0.74296,0.24495,1.65742,874.719,1043,20.86,0
1024,64,exact,0,1,5,0,0.82586,0.75019,0.17413999999999996,1.99366,758.7212,1043,20.86,0
1024,64,exact,0,1,5,1,0.79414,0.75093,0.20586000000000004,2.0063,766.7391,1043,20.86,0
1024,64,exact,0,1,5,2,0.76983,0.75767,0.23016999999999999,2.01808,864.9155,1043,20.86,0
1024,64,exact,0,1,5,3,0.76647,0.76091,0.23353000000000002,2.02864,874.719,1043,20.86,0
1024,64,exact,0,1,5,4,0.748,0.74196,0.252,2.04149,874.719,1043,20.86,0
1024,64,exact,0,1,6,0,0.78355,0.75318,0.21645000000000003,2.37623,756.9283,1043,20.86,0
1024,64,exact,0,1,6,1,0.7738,0.74595,0.22619999999999996,2.38887,764.9462,1043,20.86,0
1024,64,exact,0,1,6,2,0.76269,0.75567,0.23731000000000002,2.40065,863.1226,1043,20.86,0
1024,64,exact,0,1,6,3,0.76264,0.76091,0.23736000000000002,2.41121,872.9261,1043,20.86,0
1024,64,exact,0,1,6,4,0.748,0.74196,0.252,2.42406,872.9261,1043,20.86,0
1024,64,exact,0,1,7,0,0.76419,0.75093,0.23580999999999996,2.74404,756.9283,1043,20.86,0
1024,64,exact,0,1,7,1,0.76938,0.74595,0.23062000000000005,2.75668,764.9462,1043,20.86,0
1024,64,exact,0,1,7,2,0.76269,0.75567,0.23731000000000002,2.76846,863.1226,1043,20.86,0
1024,64,exact,0,1,7,3,0.76264,0.76091,0.23736000000000002,2.77901,872.9261,1043,20.86,0
1024,64,exact,0,1,7,4,0.748,0.74196,0.252,2.79186,872.9261,1043,20.86,0
1024,64,exact,0,1,8,0,0.76153,0.75093,0.23846999999999996,3.13634,893.104,1043,20.86,0
1024,64,exact,0,1,8,1,0.76938,0.74595,0.23062000000000005,3.14898,901.1219,1043,20.86,0
1024,64,exact,0,1,8,2,0.76269,0.75567,0.23731000000000002,3.16076,995.303,1043,20.86,0
1024,64,exact,0,1,8,3,0.76264,0.76091,0.23736000000000002,3.17132,1003.941,1043,20.86,0
1024,64,exact,0,1,8,4,0.748,0.74196,0.252,3.18417,1003.941,1043,20.86,0
1024,64,exact,0,2,2,0,0.32736,0.31538,0.67264,0.84809,818.8108,1043,20.86,0
1024,64,exact,0,2,2,1,0.31499,0.33084,0.68501,0.86073,826.8287,1043,20.86,0
1024,64,exact,0,2,2,2,0.40868,0.48168,0.5913200000000001,0.87251,922.3443,1043,20.86,0
1024,64,exact,0,2,2,3,0.46416,0.52605,0.53584,0.88307,942.8757,1043,20.86,0
1024,64,exact,0,2,2,4,0.55625,0.59013,0.44375,0.89592,942.8757,1043,20.86,0
1024,64,exact,0,2,3,0,0.36811,0.33932,0.6318900000000001,1.24144,818.8108,1043,20.86,0
1024,64,exact,0,2,3,1,0.5426,0.453,0.45740000000000003,1.25408,826.8287,1043,20.86,0
1024,64,exact,0,2,3,2,0.54806,0.6547,0.45194,1.26586,922.3443,1043,20.86,0
1024,64,exact,0,2,3,3,0.62749,0.66318,0.37251,1.27642,942.8757,1043,20.86,0
1024,64,exact,0,2,3,4,0.69431,0.71379,0.30569,1.28927,942.8757,1043,20.86,0
1024,64,exact,0,2,4,0,0.67098,0.44577,0.32902,1.60959,813.0369,1043,20.86,0
1024,64,exact,0,2,4,1,0.71038,0.74994,0.28962,1.62223,821.0548,1043,20.86,0
1024,64,exact,0,2,4,2,0.77189,0.72401,0.22811000000000003,1.63401,914.0839,1043,20.86,0
1024,64,exact,0,2,4,3,0.74018,0.76639,0.25982000000000005,1.64457,922.6292,1043,20.86,0
1024,64,exact,0,2,4,4,0.78559,0.77711,0.21441,1.65742,922.6292,1043,20.86,0
1024,64,exact,0,2,5,0,0.77986,0.81675,0.22014,1.99366,811.9921,1043,20.86,0
1024,64,exact,0,2,5,1,0.79774,0.77736,0.20226,2.0063,820.01,1043,20.86,0
1024,64,exact,0,2,5,2,0.83754,0.79382,0.16246000000000005,2.01808,914.0839,1043,20.86,0
1024,64,exact,0,2,5,3,0.84702,0.78484,0.15298,2.02864,922.6292,1043,20.86,0
1024,64,exact,0,2,5,4,0.82455,0.79407,0.17545,2.04149,922.6292,1043,20.86,0
1024,64,exact,0,2,6,0,0.89259,0.85889,0.10741,2.37623,810.1992,1043,20.86,0
1024,64,exact,0,2,6,1,0.83582,0.82747,0.16418,2.38887,818.2171,1043,20.86,0
1024,64,exact,0,2,6,2,0.87129,0.84717,0.12871,2.40065,912.291,1043,20.86,0
1024,64,exact,0,2,6,3,0.83804,0.80952,0.16196,2.41121,920.8363,1043,20.86,0
1024,64,exact,0,2,6,4,0.8339,0.7988,0.16610000000000003,2.42406,920.8363,1043,20.86,0
1024,64,exact,0,2,7,0,0.89306,0.84966,0.10694000000000004,2.74404,810.1992,1043,20.86,0
1024,64,exact,0,2,7,1,0.8723,0.82598,0.12770000000000004,2.75668,818.2171,1043,20.86,0
1024,64,exact,0,2,7,2,0.86867,0.81202,0.13132999999999995,2.76846,912.291,1043,20.86,0
1024,64,exact,0,2,7,3,0.83836,0.82124,0.16164,2.77901,920.8363,1043,20.86,0
1024,64,exact,0,2,7,4,0.83644,0.82448,0.16356000000000004,2.79186,920.8363,1043,20.86,0
1024,64,exact,0,2,8,0,0.86531,0.84268,0.13468999999999998,3.13634,946.3749,1043,20.86,0
1024,64,exact,0,2,8,1,0.86349,0.80853,0.13651000000000002,3.14898,954.3928,1043,20.86,0
1024,64,exact,0,2,8,2,0.83767,0.82149,0.16232999999999997,3.16076,1044.4714,1043,20.86,0
1024,64,exact,0,2,8,3,0.83339,0.80753,0.16661000000000004,3.17132,1051.8513,1043,20.86,0
1024,64,exact,0,2,8,4,0.81721,0.80853,0.18279,3.18417,1051.8513,1043,20.86,0
1024,64,trunc,1,0,8,0,0.66717,0.65694,0.33282999999999996,0.45708,62.0091,1043,20.86,0
1024,64,trunc,1,1,2,0,0.83344,0.60284,0.16656000000000004,0.84433,764.2565,1043,20.86,0
1024,64,trunc,1,1,2,1,0.7956,0.62727,0.20440000000000003,0.85697,772.2744,1043,20.86,0
1024,64,trunc,1,1,2,2,0.79517,0.63949,0.20482999999999996,0.86875,871.2313,1043,20.86,0
1024,64,trunc,1,1,2,3,0.81668,0.67814,0.18332000000000004,0.87931,893.0209,1043,20.86,0
1024,64,trunc,1,1,2,4,0.77145,0.60234,0.22855000000000003,0.89216,893.0209,1043,20.86,0
1024,64,trunc,1,1,3,0,0.83428,0.638,0.16571999999999998,1.23769,764.2565,1043,20.86,0
1024,64,trunc,1,1,3,1,0.79597,0.61481,0.20403000000000004,1.25033,772.2744,1043,20.86,0
1024,64,trunc,1,1,3,2,0.79111,0.64024,0.20889000000000002,1.26211,871.2313,1043,20.86,0
1024,64,trunc,1,1,3,3,0.78276,0.62378,0.21724,1.27266,893.0209,1043,20.86,0
1024,64,trunc,1,1,3,4,0.70011,0.60558,0.29989,1.28551,893.0209,1043,20.86,0
1024,64,trunc,1,1,4,0,0.81197,0.60334,0.18803000000000003,1.60584,760.4272,1043,20.86,0
1024,64,trunc,1,1,4,1,0.75996,0.60858,0.24004000000000003,1.61848,768.4451,1043,20.86,0
1024,64,trunc,1,1,4,2,0.72898,0.62154,0.27102000000000004,1.63026,864.9155,1043,20.86,0
1024,64,trunc,1,1,4,3,0.69539,0.62603,0.30461000000000005,1.64082,874.719,1043,20.86,0
1024,64,trunc,1,1,4,4,0.66011,0.6183,0.33989,1.65367,874.719,1043,20.86,0
1024,64,trunc,1,1,5,0,0.75967,0.6188,0.24033000000000004,1.9899,759.3824,1043,20.86,0
1024,64,trunc,1,1,5,1,0.71478,0.62478,0.28522000000000003,2.00254,767.4003,1043,20.86,0
1024,64,trunc,1,1,5,2,0.66711,0.62329,0.33289,2.01432,864.9155,1043,20.86,0
1024,64,trunc,1,1,5,3,0.66242,0.63101,0.33758,2.02488,874.719,1043,20.86,0
1024,64,trunc,1,1,5,4,0.64619,0.61032,0.35380999999999996,2.03773,874.719,1043,20.86,0
1024,64,trunc,1,1,6,0,0.70402,0.62802,0.29598,2.37247,757.5895,1043,20.86,0
1024,64,trunc,1,1,6,1,0.66043,0.62354,0.33957000000000004,2.38511,765.6074,1043,20.86,0
1024,64,trunc,1,1,6,2,0.66204,0.63101,0.33796000000000004,2.39689,863.1226,1043,20.86,0
1024,64,trunc,1,1,6,3,0.66154,0.63101,0.33846,2.40745,872.9261,1043,20.86,0
1024,64,trunc,1,1,6,4,0.64619,0.61032,0.35380999999999996,2.4203,872.9261,1043,20.86,0
1024,64,trunc,1,1,7,0,0.65105,0.62678,0.34895,2.74028,757.5895,1043,20.86,0
1024,64,trunc,1,1,7,1,0.65205,0.62354,0.34795,2.75292,765.6074,1043,20.86,0
1024,64,trunc,1,1,7,2,0.66204,0.63101,0.33796000000000004,2.7647,863.1226,1043,20.86,0
1024,64,trunc,1,1,7,3,0.66154,0.63101,0.33846,2.77526,872.9261,1043,20.86,0
1024,64,trunc,1,1,7,4,0.64619,0.61032,0.35380999999999996,2.78811,872.9261,1043,20.86,0
1024,64,trunc,1,1,8,0,0.64839,0.62678,0.35161,3.13258,893.7652,1043,20.86,0
1024,64,trunc,1,1,8,1,0.65205,0.62354,0.34795,3.14522,901.7831,1043,20.86,0
1024,64,trunc,1,1,8,2,0.66204,0.63101,0.33796000000000004,3.157,995.303,1043,20.86,0
1024,64,trunc,1,1,8,3,0.66154,0.63101,0.33846,3.16756,1003.941,1043,20.86,0
1024,64,trunc,1,1,8,4,0.64619,0.61032,0.35380999999999996,3.18041,1003.941,1043,20.86,0
1024,64,trunc,1,2,2,0,0.33744,0.31164,0.66256,0.84433,819.4719,1043,20.86,0
1024,64,trunc,1,2,2,1,0.28942,0.27998,0.71058,0.85697,827.4898,1043,20.86,0
1024,64,trunc,1,2,2,2,0.38563,0.41685,0.6143700000000001,0.86875,922.3443,1043,20.86,0
1024,64,trunc,1,2,2,3,0.50159,0.57292,0.49841,0.87931,942.8757,1043,20.86,0
1024,64,trunc,1,2,2,4,0.55988,0.55871,0.44011999999999996,0.89216,942.8757,1043,20.86,0
1024,64,trunc,1,2,3,0,0.40345,0.362,0.59655,1.23769,819.4719,1043,20.86,0
1024,64,trunc,1,2,3,1,0.50863,0.4717,0.49137,1.25033,827.4898,1043,20.86,0
1024,64,trunc,1,2,3,2,0.68077,0.61207,0.31923,1.26211,922.3443,1043,20.86,0
1024,64,trunc,1,2,3,3,0.62961,0.61406,0.37039,1.27266,942.8757,1043,20.86,0
1024,64,trunc,1,2,3,4,0.7018,0.70057,0.2982,1.28551,942.8757,1043,20.86,0
1024,64,trunc,1,2,4,0,0.64241,0.60309,0.35758999999999996,1.60584,813.6981,1043,20.86,0
1024,64,trunc,1,2,4,1,0.6201,0.69534,0.3799,1.61848,821.716,1043,20.86,0
1024,64,trunc,1,2,4,2,0.71342,0.66617,0.28657999999999995,1.63026,914.0839,1043,20.86,0
1024,64,trunc,1,2,4,3,0.75765,0.75418,0.24234999999999995,1.64082,922.6292,1043,20.86,0
1024,64,trunc,1,2,4,4,0.78379,0.7821,0.21621,1.65367,922.6292,1043,20.86,0
1024,64,trunc,1,2,5,0,0.62233,0.49564,0.37766999999999995,1.9899,812.6533,1043,20.86,0
1024,64,trunc,1,2,5,1,0.74248,0.77961,0.25751999999999997,2.00254,820.6712,1043,20.86,0
1024,64,trunc,1,2,5,2,0.78587,0.76589,0.21413000000000004,2.01432,914.0839,1043,20.86,0
1024,64,trunc,1,2,5,3,0.79356,0.79257,0.20643999999999996,2.02488,922.6292,1043,20.86,0
1024,64,trunc,1,2,5,4,0.81772,0.77287,0.18228,2.03773,922.6292,1043,20.86,0
1024,64,trunc,1,2,6,0,0.81438,0.78933,0.18562,2.37247,810.8604,1043,20.86,0
1024,64,trunc,1,2,6,1,0.81429,0.7993,0.18571000000000004,2.38511,818.8783,1043,20.86,0
1024,64,trunc,1,2,6,2,0.81967,0.82049,0.18033,2.39689,912.291,1043,20.86,0
1024,64,trunc,1,2,6,3,0.79581,0.76116,0.20418999999999998,2.40745,920.8363,1043,20.86,0
1024,64,trunc,1,2,6,4,0.77239,0.74769,0.22760999999999998,2.4203,920.8363,1043,20.86,0
1024,64,trunc,1,2,7,0,0.8311,0.80229,0.16890000000000005,2.74028,810.8604,1043,20.86,0
1024,64,trunc,1,2,7,1,0.80132,0.79731,0.19867999999999997,2.75292,818.8783,1043,20.86,0
1024,64,trunc,1,2,7,2,0.78042,0.76864,0.21958,2.7647,912.291,1043,20.86,0
1024,64,trunc,1,2,7,3,0.74203,0.72999,0.25797000000000003,2.77526,920.8363,1043,20.86,0
1024,64,trunc,1,2,7,4,0.73485,0.72476,0.26515,2.78811,920.8363,1043,20.86,0
1024,64,trunc,1,2,8,0,0.80822,0.79806,0.19177999999999995,3.13258,947.0361,1043,20.86,0
1024,64,trunc,1,2,8,1,0.78388,0.73398,0.21611999999999998,3.14522,955.054,1043,20.86,0
1024,64,trunc,1,2,8,2,0.75836,0.73947,0.24163999999999997,3.157,1044.4714,1043,20.86,0
1024,64,trunc,1,2,8,3,0.75483,0.72226,0.24517,3.16756,1051.8513,1043,20.86,0
1024,64,trunc,1,2,8,4,0.76061,0.73448,0.23939,3.18041,1051.8513,1043,20.86,0
1024,64,satcomp,2,0,8,0,0.81953,0.80279,0.18047000000000002,0.44993,39.6037,1043,20.86,0
1024,64,satcomp,2,1,2,0,0.84451,0.72974,0.15549000000000002,0.83718,717.2233,1043,20.86,1
1024,64,satcomp,2,1,2,1,0.83752,0.73074,0.16247999999999996,0.84983,717.9787,1043,20.86,0
1024,64,satcomp,2,1,2,2,0.83854,0.72949,0.16146000000000005,0.8616,809.2057,1043,20.86,0
1024,64,satcomp,2,1,2,3,0.83939,0.7447,0.16061000000000003,0.87216,825.3659,1043,20.86,0
1024,64,satcomp,2,1,2,4,0.7796,0.72476,0.22040000000000004,0.88501,825.3659,1043,20.86,0
1024,64,satcomp,2,1,3,0,0.84333,0.75817,0.15666999999999998,1.23054,717.2233,1043,20.86,0
1024,64,satcomp,2,1,3,1,0.83226,0.7472,0.16774,1.24318,717.9787,1043,20.86,0
1024,64,satcomp,2,1,3,2,0.8284,0.75143,0.17159999999999997,1.25496,809.2057,1043,20.86,0
1024,64,satcomp,2,1,3,3,0.81446,0.74819,0.18554000000000004,1.26552,825.3659,1043,20.86,0
1024,64,satcomp,2,1,3,4,0.77455,0.729,0.22545000000000004,1.27837,825.3659,1043,20.86,0
1024,64,satcomp,2,1,4,0,0.82619,0.7472,0.17381000000000002,1.59869,713.3941,1043,20.86,0
1024,64,satcomp,2,1,4,1,0.82309,0.75293,0.17691,1.61133,714.1495,1043,20.86,0
1024,64,satcomp,2,1,4,2,0.79366,0.75617,0.20633999999999997,1.62311,802.8898,1043,20.86,0
1024,64,satcomp,2,1,4,3,0.78632,0.76066,0.21367999999999998,1.63367,807.064,1043,20.86,0
1024,64,satcomp,2,1,4,4,0.75505,0.74271,0.24495,1.64652,807.064,1043,20.86,0
1024,64,satcomp,2,1,5,0,0.825,0.74994,0.17500000000000004,1.98275,712.3492,1043,20.86,0
1024,64,satcomp,2,1,5,1,0.79414,0.75118,0.20586000000000004,1.99539,713.1046,1043,20.86,0
1024,64,satcomp,2,1,5,2,0.76983,0.75742,0.23016999999999999,2.00717,802.8898,1043,20.86,0
1024,64,satcomp,2,1,5,3,0.76546,0.76091,0.23453999999999997,2.01773,807.064,1043,20.86,0
1024,64,satcomp,2,1,5,4,0.74707,0.74196,0.25293,2.03058,807.064,1043,20.86,0
1024,64,satcomp,2,1,6,0,0.78254,0.75318,0.21746,2.36532,707.4878,1043,20.86,0
1024,64,satcomp,2,1,6,1,0.7738,0.7462,0.22619999999999996,2.37796,708.2432,1043,20.86,0
1024,64,satcomp,2,1,6,2,0.76269,0.75592,0.23731000000000002,2.38974,798.0284,1043,20.86,0
1024,64,satcomp,2,1,6,3,0.76264,0.76091,0.23736000000000002,2.4003,802.2026,1043,20.86,0
1024,64,satcomp,2,1,6,4,0.74707,0.74196,0.25293,2.41315,802.2026,1043,20.86,0
1024,64,satcomp,2,1,7,0,0.76419,0.75093,0.23580999999999996,2.73313,707.4878,1043,20.86,0
1024,64,satcomp,2,1,7,1,0.76938,0.7462,0.23062000000000005,2.74577,708.2432,1043,20.86,0
1024,64,satcomp,2,1,7,2,0.76269,0.75592,0.23731000000000002,2.75755,798.0284,1043,20.86,0
1024,64,satcomp,2,1,7,3,0.76264,0.76091,0.23736000000000002,2.76811,802.2026,1043,20.86,0
1024,64,satcomp,2,1,7,4,0.74707,0.74196,0.25293,2.78096,802.2026,1043,20.86,0
1024,64,satcomp,2,1,8,0,0.76153,0.75093,0.23846999999999996,3.12543,842.1627,1043,20.86,0
1024,64,satcomp,2,1,8,1,0.76938,0.7462,0.23062000000000005,3.13808,842.9181,1043,20.86,0
1024,64,satcomp,2,1,8,2,0.76269,0.75592,0.23731000000000002,3.14986,928.7081,1043,20.86,0
1024,64,satcomp,2,1,8,3,0.76264,0.76091,0.23736000000000002,3.16041,931.7167,1043,20.86,0
1024,64,satcomp,2,1,8,4,0.74707,0.74196,0.25293,3.17326,931.7167,1043,20.86,0
1024,64,satcomp,2,2,2,0,0.34617,0.33558,0.65383,0.83718,772.4388,1043,20.86,0
1024,64,satcomp,2,2,2,1,0.3292,0.30815,0.6708000000000001,0.84983,773.1942,1043,20.86,0
1024,64,satcomp,2,2,2,2,0.40298,0.35976,0.59702,0.8616,860.3187,1043,20.86,0
1024,64,satcomp,2,2,2,3,0.49078,0.51384,0.50922,0.87216,875.2207,1043,20.86,0
1024,64,satcomp,2,2,2,4,0.50469,0.54874,0.49531000000000003,0.88501,875.2207,1043,20.86,0
1024,64,satcomp,2,2,3,0,0.36816,0.41187,0.63184,1.23054,772.4388,1043,20.86,0
1024,64,satcomp,2,2,3,1,0.49088,0.43032,0.50912,1.24318,773.1942,1043,20.86,0
1024,64,satcomp,2,2,3,2,0.55605,0.53054,0.44394999999999996,1.25496,860.3187,1043,20.86,0
1024,64,satcomp,2,2,3,3,0.59614,0.5804,0.40386,1.26552,875.2207,1043,20.86,0
1024,64,satcomp,2,2,3,4,0.65651,0.59162,0.34348999999999996,1.27837,875.2207,1043,20.86,0
1024,64,satcomp,2,2,4,0,0.64079,0.46846,0.35921000000000003,1.59869,766.665,1043,20.86,0
1024,64,satcomp,2,2,4,1,0.63691,0.72102,0.36309,1.61133,767.4204,1043,20.86,0
1024,64,satcomp,2,2,4,2,0.69928,0.67988,0.30072,1.62311,852.0583,1043,20.86,0
1024,64,satcomp,2,2,4,3,0.73544,0.70805,0.26456,1.63367,854.9742,1043,20.86,0
1024,64,satcomp,2,2,4,4,0.75602,0.75243,0.24397999999999997,1.64652,854.9742,1043,20.86,0
1024,64,satcomp,2,2,5,0,0.81472,0.80155,0.18528,1.98275,765.6201,1043,20.86,0
1024,64,satcomp,2,2,5,1,0.76326,0.70007,0.23673999999999995,1.99539,766.3755,1043,20.86,0
1024,64,satcomp,2,2,5,2,0.79854,0.81626,0.20145999999999997,2.00717,852.0583,1043,20.86,0
1024,64,satcomp,2,2,5,3,0.80297,0.80404,0.19703000000000004,2.01773,854.9742,1043,20.86,0
1024,64,satcomp,2,2,5,4,0.84156,0.78983,0.15844000000000003,2.03058,854.9742,1043,20.86,0
1024,64,satcomp,2,2,6,0,0.89414,0.84518,0.10585999999999995,2.36532,760.7587,1043,20.86,1
1024,64,satcomp,2,2,6,1,0.86476,0.85814,0.13524000000000003,2.37796,761.5141,1043,20.86,0
1024,64,satcomp,2,2,6,2,0.85166,0.83072,0.14834000000000003,2.38974,847.1969,1043,20.86,0
1024,64,satcomp,2,2,6,3,0.8516,0.81252,0.14839999999999998,2.4003,850.1128,1043,20.86,0
1024,64,satcomp,2,2,6,4,0.84445,0.81376,0.15554999999999997,2.41315,850.1128,1043,20.86,0
1024,64,satcomp,2,2,7,0,0.8993,0.84617,0.10070000000000001,2.73313,760.7587,1043,20.86,1
1024,64,satcomp,2,2,7,1,0.86545,0.84243,0.13454999999999995,2.74577,761.5141,1043,20.86,0
1024,64,satcomp,2,2,7,2,0.84603,0.81027,0.15397000000000005,2.75755,847.1969,1043,20.86,0
1024,64,satcomp,2,2,7,3,0.84921,0.79756,0.15078999999999998,2.76811,850.1128,1043,20.86,0
1024,64,satcomp,2,2,7,4,0.84524,0.81426,0.15476,2.78096,850.1128,1043,20.86,0
1024,64,satcomp,2,2,8,0,0.87763,0.84293,0.12236999999999998,3.12543,895.4336,1043,20.86,0
1024,64,satcomp,2,2,8,1,0.86158,0.82349,0.13842,3.13808,896.189,1043,20.86,0
1024,64,satcomp,2,2,8,2,0.85054,0.81027,0.14946000000000004,3.14986,977.8765,1043,20.86,0
1024,64,satcomp,2,2,8,3,0.83741,0.82049,0.16259,3.16041,979.627,1043,20.86,0
1024,64,satcomp,2,2,8,4,0.82888,0.81526,0.17112000000000005,3.17326,979.627,1043,20.86,0
1024,64,satcomp,3,0,8,0,0.81782,0.8018,0.18218,0.45752,39.6037,1043,20.86,0
1024,64,satcomp,3,1,2,0,0.84451,0.72949,0.15549000000000002,0.84478,717.2233,1043,20.86,0
1024,64,satcomp,3,1,2,1,0.83752,0.73049,0.16247999999999996,0.85742,717.9787,1043,20.86,0
1024,64,satcomp,3,1,2,2,0.83768,0.72974,0.16232000000000002,0.8692,809.2057,1043,20.86,0
1024,64,satcomp,3,1,2,3,0.83939,0.74445,0.16061000000000003,0.87976,825.3659,1043,20.86,0
1024,64,satcomp,3,1,2,4,0.7796,0.72476,0.22040000000000004,0.89261,825.3659,1043,20.86,0
1024,64,satcomp,3,1,3,0,0.84419,0.75941,0.15581,1.23813,717.2233,1043,20.86,0
1024,64,satcomp,3,1,3,1,0.83226,0.7472,0.16774,1.25077,717.9787,1043,20.86,0
1024,64,satcomp,3,1,3,2,0.8284,0.75143,0.17159999999999997,1.26255,809.2057,1043,20.86,0
1024,64,satcomp,3,1,3,3,0.81446,0.74819,0.18554000000000004,1.27311,825.3659,1043,20.86,0
1024,64,satcomp,3,1,3,4,0.77455,0.72949,0.22545000000000004,1.28596,825.3659,1043,20.86,0
1024,64,satcomp,3,1,4,0,0.82619,0.74769,0.17381000000000002,1.60628,713.3941,1043,20.86,0
1024,64,satcomp,3,1,4,1,0.82395,0.75268,0.17605000000000004,1.61892,714.1495,1043,20.86,0
1024,64,satcomp,3,1,4,2,0.79366,0.75642,0.20633999999999997,1.6307,802.8898,1043,20.86,0
1024,64,satcomp,3,1,4,3,0.78546,0.76091,0.21453999999999995,1.64126,807.064,1043,20.86,0
1024,64,satcomp,3,1,4,4,0.75505,0.74296,0.24495,1.65411,807.064,1043,20.86,0
1024,64,satcomp,3,1,5,0,0.82586,0.75019,0.17413999999999996,1.99035,712.3492,1043,20.86,0
1024,64,satcomp,3,1,5,1,0.79414,0.75093,0.20586000000000004,2.00299,713.1046,1043,20.86,0
1024,64,satcomp,3,1,5,2,0.76983,0.75767,0.23016999999999999,2.01477,802.8898,1043,20.86,0
1024,64,satcomp,3,1,5,3,0.76647,0.76091,0.23353000000000002,2.02532,807.064,1043,20.86,0
1024,64,satcomp,3,1,5,4,0.748,0.74196,0.252,2.03817,807.064,1043,20.86,0
1024,64,satcomp,3,1,6,0,0.78355,0.75318,0.21645000000000003,2.37292,707.4878,1043,20.86,0
1024,64,satcomp,3,1,6,1,0.7738,0.74595,0.22619999999999996,2.38556,708.2432,1043,20.86,0
1024,64,satcomp,3,1,6,2,0.76269,0.75567,0.23731000000000002,2.39734,798.0284,1043,20.86,0
1024,64,satcomp,3,1,6,3,0.76264,0.76091,0.23736000000000002,2.40789,802.2026,1043,20.86,0
1024,64,satcomp,3,1,6,4,0.748,0.74196,0.252,2.42074,802.2026,1043,20.86,0
1024,64,satcomp,3,1,7,0,0.76419,0.75093,0.23580999999999996,2.74072,707.4878,1043,20.86,0
1024,64,satcomp,3,1,7,1,0.76938,0.74595,0.23062000000000005,2.75337,708.2432,1043,20.86,0
1024,64,satcomp,3,1,7,2,0.76269,0.75567,0.23731000000000002,2.76515,798.0284,1043,20.86,0
1024,64,satcomp,3,1,7,3,0.76264,0.76091,0.23736000000000002,2.7757,802.2026,1043,20.86,0
1024,64,satcomp,3,1,7,4,0.748,0.74196,0.252,2.78855,802.2026,1043,20.86,0
1024,64,satcomp,3,1,8,0,0.76153,0.75093,0.23846999999999996,3.13303,842.1627,1043,20.86,0
1024,64,satcomp,3,1,8,1,0.76938,0.74595,0.23062000000000005,3.14567,842.9181,1043,20.86,0
1024,64,satcomp,3,1,8,2,0.76269,0.75567,0.23731000000000002,3.15745,928.7081,1043,20.86,0
1024,64,satcomp,3,1,8,3,0.76264,0.76091,0.23736000000000002,3.16801,931.7167,1043,20.86,0
1024,64,satcomp,3,1,8,4,0.748,0.74196,0.252,3.18086,931.7167,1043,20.86,0
1024,64,satcomp,3,2,2,0,0.3102,0.30541,0.6898,0.84478,772.4388,1043,20.86,0
1024,64,satcomp,3,2,2,1,0.28436,0.33907,0.71564,0.85742,773.1942,1043,20.86,0
1024,64,satcomp,3,2,2,2,0.40217,0.41835,0.59783,0.8692,860.3187,1043,20.86,0
1024,64,satcomp,3,2,2,3,0.49753,0.44951,0.50247,0.87976,875.2207,1043,20.86,0
1024,64,satcomp,3,2,2,4,0.61729,0.64622,0.38271,0.89261,875.2207,1043,20.86,0
1024,64,satcomp,3,2,3,0,0.36811,0.33932,0.6318900000000001,1.23813,772.4388,1043,20.86,0
1024,64,satcomp,3,2,3,1,0.55538,0.4004,0.44462,1.25077,773.1942,1043,20.86,0
1024,64,satcomp,3,2,3,2,0.62364,0.54799,0.37636000000000003,1.26255,860.3187,1043,20.86,0
1024,64,satcomp,3,2,3,3,0.66806,0.60509,0.33194,1.27311,875.2207,1043,20.86,0
1024,64,satcomp,3,2,3,4,0.68546,0.67016,0.31454000000000004,1.28596,875.2207,1043,20.86,0
1024,64,satcomp,3,2,4,0,0.67098,0.44577,0.32902,1.60628,766.665,1043,20.86,0
1024,64,satcomp,3,2,4,1,0.64393,0.66293,0.35607,1.61892,767.4204,1043,20.86,0
1024,64,satcomp,3,2,4,2,0.74548,0.75792,0.25451999999999997,1.6307,852.0583,1043,20.86,0
1024,64,satcomp,3,2,4,3,0.76974,0.73398,0.23026000000000002,1.64126,854.9742,1043,20.86,0
1024,64,satcomp,3,2,4,4,0.7937,0.78808,0.20630000000000004,1.65411,854.9742,1043,20.86,0
1024,64,satcomp,3,2,5,0,0.77986,0.81675,0.22014,1.99035,765.6201,1043,20.86,0
1024,64,satcomp,3,2,5,1,0.81291,0.79781,0.18708999999999998,2.00299,766.3755,1043,20.86,0
1024,64,satcomp,3,2,5,2,0.83754,0.79382,0.16246000000000005,2.01477,852.0583,1043,20.86,0
1024,64,satcomp,3,2,5,3,0.84702,0.78484,0.15298,2.02532,854.9742,1043,20.86,0
1024,64,satcomp,3,2,5,4,0.82455,0.79407,0.17545,2.03817,854.9742,1043,20.86,0
1024,64,satcomp,3,2,6,0,0.89259,0.85889,0.10741,2.37292,760.7587,1043,20.86,0
1024,64,satcomp,3,2,6,1,0.83582,0.82747,0.16418,2.38556,761.5141,1043,20.86,0
1024,64,satcomp,3,2,6,2,0.87129,0.84717,0.12871,2.39734,847.1969,1043,20.86,0
1024,64,satcomp,3,2,6,3,0.83804,0.80952,0.16196,2.40789,850.1128,1043,20.86,0
1024,64,satcomp,3,2,6,4,0.8339,0.7988,0.16610000000000003,2.42074,850.1128,1043,20.86,0
1024,64,satcomp,3,2,7,0,0.89306,0.84966,0.10694000000000004,2.74072,760.7587,1043,20.86,0
1024,64,satcomp,3,2,7,1,0.8723,0.82598,0.12770000000000004,2.75337,761.5141,1043,20.86,0
1024,64,satcomp,3,2,7,2,0.86867,0.81202,0.13132999999999995,2.76515,847.1969,1043,20.86,0
1024,64,satcomp,3,2,7,3,0.83836,0.82124,0.16164,2.7757,850.1128,1043,20.86,0
1024,64,satcomp,3,2,7,4,0.83644,0.82448,0.16356000000000004,2.78855,850.1128,1043,20.86,0
1024,64,satcomp,3,2,8,0,0.86531,0.84268,0.13468999999999998,3.13303,895.4336,1043,20.86,0
1024,64,satcomp,3,2,8,1,0.86349,0.80853,0.13651000000000002,3.14567,896.189,1043,20.86,0
1024,64,satcomp,3,2,8,2,0.83767,0.82149,0.16232999999999997,3.15745,977.8765,1043,20.86,0
1024,64,satcomp,3,2,8,3,0.83339,0.80753,0.16661000000000004,3.16801,979.627,1043,20.86,0
1024,64,satcomp,3,2,8,4,0.81721,0.80853,0.18279,3.18086,979.627,1043,20.86,0
1024,64,sampled,4,0,8,0,0.7614,0.75069,0.23860000000000003,0.46083,65.4703,531,10.62,0
1024,64,sampled,4,1,2,0,0.83283,0.65395,0.16717000000000004,0.84809,767.7177,531,10.62,0
1024,64,sampled,4,1,2,1,0.83878,0.61057,0.16122000000000003,0.86073,775.7356,531,10.62,0
1024,64,sampled,4,1,2,2,0.81248,0.68063,0.18752000000000002,0.87251,875.3537,531,10.62,0
1024,64,sampled,4,1,2,3,0.80195,0.68462,0.19804999999999995,0.88307,897.1433,531,10.62,0
1024,64,sampled,4,1,2,4,0.7782,0.65021,0.2218,0.89592,897.1433,531,10.62,0
1024,64,sampled,4,1,3,0,0.83306,0.73199,0.16693999999999998,1.24144,767.7177,531,10.62,0
1024,64,sampled,4,1,3,1,0.82807,0.71379,0.17193000000000003,1.25408,775.7356,531,10.62,0
1024,64,sampled,4,1,3,2,0.81544,0.72226,0.18455999999999995,1.26586,875.3537,531,10.62,0
1024,64,sampled,4,1,3,3,0.78616,0.71454,0.21384000000000003,1.27642,897.1433,531,10.62,0
1024,64,sampled,4,1,3,4,0.74322,0.6906,0.25678,1.28927,897.1433,531,10.62,0
1024,64,sampled,4,1,4,0,0.80845,0.73373,0.19155,1.60959,767.9272,531,10.62,0
1024,64,sampled,4,1,4,1,0.79174,0.7275,0.20826,1.62223,775.9451,531,10.62,0
1024,64,sampled,4,1,4,2,0.76389,0.726,0.23611000000000004,1.63401,873.0767,531,10.62,0
1024,64,sampled,4,1,4,3,0.73369,0.73049,0.26631000000000005,1.64457,882.8802,531,10.62,0
1024,64,sampled,4,1,4,4,0.71963,0.72177,0.28037,1.65742,882.8802,531,10.62,0
1024,64,sampled,4,1,5,0,0.79881,0.73099,0.20118999999999998,1.99366,766.8824,531,10.62,0
1024,64,sampled,4,1,5,1,0.77509,0.73722,0.22491000000000005,2.0063,774.9003,531,10.62,0
1024,64,sampled,4,1,5,2,0.73459,0.72775,0.26541000000000003,2.01808,873.0767,531,10.62,0
1024,64,sampled,4,1,5,3,0.74528,0.74221,0.25471999999999995,2.02864,882.8802,531,10.62,0
1024,64,sampled,4,1,5,4,0.71711,0.71678,0.28289,2.04149,882.8802,531,10.62,0
1024,64,sampled,4,1,6,0,0.7658,0.73573,0.23419999999999996,2.37623,765.0895,531,10.62,0
1024,64,sampled,4,1,6,1,0.75012,0.7457,0.24988,2.38887,773.1074,531,10.62,0
1024,64,sampled,4,1,6,2,0.73492,0.73099,0.26508,2.40065,871.2838,531,10.62,0
1024,64,sampled,4,1,6,3,0.74173,0.74221,0.25827,2.41121,881.0873,531,10.62,0
1024,64,sampled,4,1,6,4,0.71711,0.71678,0.28289,2.42406,881.0873,531,10.62,0
1024,64,sampled,4,1,7,0,0.7254,0.73448,0.27459999999999996,2.74404,765.0895,531,10.62,0
1024,64,sampled,4,1,7,1,0.74483,0.7457,0.25517,2.75668,773.1074,531,10.62,0
1024,64,sampled,4,1,7,2,0.73492,0.73099,0.26508,2.76846,871.2838,531,10.62,0
1024,64,sampled,4,1,7,3,0.74173,0.74221,0.25827,2.77901,881.0873,531,10.62,0
1024,64,sampled,4,1,7,4,0.71711,0.71678,0.28289,2.79186,881.0873,531,10.62,0
1024,64,sampled,4,1,8,0,0.72451,0.73448,0.27549,3.13634,901.2652,531,10.62,0
1024,64,sampled,4,1,8,1,0.74483,0.7457,0.25517,3.14898,909.2831,531,10.62,0
1024,64,sampled,4,1,8,2,0.73492,0.73099,0.26508,3.16076,1003.4642,531,10.62,0
1024,64,sampled,4,1,8,3,0.74173,0.74221,0.25827,3.17132,1012.1022,531,10.62,0
1024,64,sampled,4,1,8,4,0.71711,0.71678,0.28289,3.18417,1012.1022,531,10.62,0
1024,64,sampled,4,2,2,0,0.32968,0.31788,0.67032,0.84809,822.9331,531,10.62,0
1024,64,sampled,4,2,2,1,0.31711,0.33508,0.68289,0.86073,830.951,531,10.62,0
1024,64,sampled,4,2,2,2,0.40189,0.42009,0.5981099999999999,0.87251,926.4667,531,10.62,0
1024,64,sampled,4,2,2,3,0.45024,0.49738,0.54976,0.88307,946.9981,531,10.62,0
1024,64,sampled,4,2,2,4,0.5299,0.43306,0.47009999999999996,0.89592,946.9981,531,10.62,0
1024,64,sampled,4,2,3,0,0.37804,0.36649,0.6219600000000001,1.24144,822.9331,531,10.62,0
1024,64,sampled,4,2,3,1,0.43028,0.48766,0.56972,1.25408,830.951,531,10.62,0
1024,64,sampled,4,2,3,2,0.52942,0.55871,0.47058,1.26586,926.4667,531,10.62,0
1024,64,sampled,4,2,3,3,0.63582,0.6532,0.36417999999999995,1.27642,946.9981,531,10.62,0
1024,64,sampled,4,2,3,4,0.72814,0.65445,0.27186,1.28927,946.9981,531,10.62,0
1024,64,sampled,4,2,4,0,0.62579,0.48666,0.37421000000000004,1.60959,821.1981,531,10.62,0
1024,64,sampled,4,2,4,1,0.62577,0.68088,0.37422999999999995,1.62223,829.216,531,10.62,0
1024,64,sampled,4,2,4,2,0.67318,0.69584,0.32682,1.63401,922.2451,531,10.62,0
1024,64,sampled,4,2,4,3,0.75356,0.70656,0.24644,1.64457,930.7904,531,10.62,0
1024,64,sampled,4,2,4,4,0.77658,0.75742,0.22341999999999995,1.65742,930.7904,531,10.62,0
1024,64,sampled,4,2,5,0,0.67158,0.57542,0.32842000000000005,1.99366,820.1533,531,10.62,0
1024,64,sampled,4,2,5,1,0.77147,0.73099,0.22853,2.0063,828.1712,531,10.62,0
1024,64,sampled,4,2,5,2,0.81529,0.74894,0.18471000000000004,2.01808,922.2451,531,10.62,0
1024,64,sampled,4,2,5,3,0.75872,0.77512,0.24128000000000005,2.02864,930.7904,531,10.62,0
1024,64,sampled,4,2,5,4,0.77858,0.73573,0.22141999999999995,2.04149,930.7904,531,10.62,0
1024,64,sampled,4,2,6,0,0.79722,0.82997,0.20277999999999996,2.37623,818.3604,531,10.62,0
1024,64,sampled,4,2,6,1,0.84941,0.83321,0.15059,2.38887,826.3783,531,10.62,0
1024,64,sampled,4,2,6,2,0.83818,0.80055,0.16181999999999996,2.40065,920.4522,531,10.62,0
1024,64,sampled,4,2,6,3,0.77944,0.77786,0.22055999999999998,2.41121,928.9975,531,10.62,0
1024,64,sampled,4,2,6,4,0.77104,0.75443,0.22896000000000005,2.42406,928.9975,531,10.62,0
1024,64,sampled,4,2,7,0,0.858,0.82024,0.14200000000000002,2.74404,818.3604,531,10.62,0
1024,64,sampled,4,2,7,1,0.85351,0.79157,0.14649,2.75668,826.3783,531,10.62,0
1024,64,sampled,4,2,7,2,0.7994,0.78484,0.2006,2.76846,920.4522,531,10.62,0
1024,64,sampled,4,2,7,3,0.78881,0.78135,0.21119,2.77901,928.9975,531,10.62,0
1024,64,sampled,4,2,7,4,0.78798,0.7801,0.21202,2.79186,928.9975,531,10.62,0
1024,64,sampled,4,2,8,0,0.84462,0.79556,0.15537999999999996,3.13634,954.5361,531,10.62,0
1024,64,sampled,4,2,8,1,0.8272,0.7998,0.17279999999999995,3.14898,962.554,531,10.62,0
1024,64,sampled,4,2,8,2,0.79888,0.75617,0.20111999999999997,3.16076,1052.6326,531,10.62,0
1024,64,sampled,4,2,8,3,0.80186,0.78709,0.19813999999999998,3.17132,1060.0124,531,10.62,0
1024,64,sampled,4,2,8,4,0.80346,0.75991,0.19654000000000005,3.18417,1060.0124,531,10.62,0
1024,128,exact,0,0,8,0,0.81782,0.8018,0.18218,0.58806,211.3369,523,10.46,0
1024,128,exact,0,1,2,0,0.84451,0.72949,0.15549000000000002,1.03218,913.5843,523,10.46,0
1024,128,exact,0,1,2,1,0.83752,0.73049,0.16247999999999996,1.05578,921.6022,523,10.46,0
1024,128,exact,0,1,2,2,0.83768,0.72974,0.16232000000000002,1.07852,1030.7467,523,10.46,0
1024,128,exact,0,1,2,3,0.83939,0.74445,0.16061000000000003,1.10052,1046.346,523,10.46,0
1024,128,exact,0,1,2,4,0.7796,0.72476,0.22040000000000004,1.12275,1046.346,523,10.46,0
1024,128,exact,0,1,3,0,0.84419,0.75941,0.15581,1.48925,913.5843,523,10.46,0
1024,128,exact,0,1,3,1,0.83226,0.7472,0.16774,1.51284,921.6022,523,10.46,0
1024,128,exact,0,1,3,2,0.8284,0.75143,0.17159999999999997,1.53559,1030.7467,523,10.46,0
1024,128,exact,0,1,3,3,0.81446,0.74819,0.18554000000000004,1.55758,1046.346,523,10.46,0
1024,128,exact,0,1,3,4,0.77455,0.72949,0.22545000000000004,1.57981,1046.346,523,10.46,0
1024,128,exact,0,1,4,0,0.82619,0.74769,0.17381000000000002,1.89506,920.1484,523,10.46,0
1024,128,exact,0,1,4,1,0.82395,0.75268,0.17605000000000004,1.91865,928.1663,523,10.46,0
1024,128,exact,0,1,4,2,0.79366,0.75642,0.20633999999999997,1.9414,1034.8243,523,10.46,0
1024,128,exact,0,1,4,3,0.78546,0.76091,0.21453999999999995,1.96339,1038.4375,523,10.46,0
1024,128,exact,0,1,4,4,0.75505,0.74296,0.24495,1.98562,1038.4375,523,10.46,0
1024,128,exact,0,1,5,0,0.82586,0.75019,0.17413999999999996,2.33122,919.1035,523,10.46,0
1024,128,exact,0,1,5,1,0.79414,0.75093,0.20586000000000004,2.35482,927.1214,523,10.46,0
1024,128,exact,0,1,5,2,0.76983,0.75767,0.23016999999999999,2.37756,1034.8243,523,10.46,0
1024,128,exact,0,1,5,3,0.76647,0.76091,0.23353000000000002,2.39956,1038.4375,523,10.46,0
1024,128,exact,0,1,5,4,0.748,0.74196,0.252,2.42179,1038.4375,523,10.46,0
1024,128,exact,0,1,6,0,0.78355,0.75318,0.21645000000000003,2.76682,916.5053,523,10.46,0
1024,128,exact,0,1,6,1,0.7738,0.74595,0.22619999999999996,2.79041,924.5232,523,10.46,0
1024,128,exact,0,1,6,2,0.76269,0.75567,0.23731000000000002,2.81316,1032.226,523,10.46,0
1024,128,exact,0,1,6,3,0.76264,0.76091,0.23736000000000002,2.83516,1035.8392,523,10.46,0
1024,128,exact,0,1,6,4,0.748,0.74196,0.252,2.85739,1035.8392,523,10.46,0
1024,128,exact,0,1,7,0,0.76419,0.75093,0.23580999999999996,3.17047,916.5053,523,10.46,0
1024,128,exact,0,1,7,1,0.76938,0.74595,0.23062000000000005,3.19407,924.5232,523,10.46,0
1024,128,exact,0,1,7,2,0.76269,0.75567,0.23731000000000002,3.21681,1032.226,523,10.46,0
1024,128,exact,0,1,7,3,0.76264,0.76091,0.23736000000000002,3.23881,1035.8392,523,10.46,0
1024,128,exact,0,1,7,4,0.748,0.74196,0.252,3.26104,1035.8392,523,10.46,0
1024,128,exact,0,1,8,0,0.76153,0.75093,0.23846999999999996,3.62433,1011.128,523,10.46,0
1024,128,exact,0,1,8,1,0.76938,0.74595,0.23062000000000005,3.64792,1019.1459,523,10.46,0
1024,128,exact,0,1,8,2,0.76269,0.75567,0.23731000000000002,3.67067,1122.8535,523,10.46,0
1024,128,exact,0,1,8,3,0.76264,0.76091,0.23736000000000002,3.69266,1125.3012,523,10.46,0
1024,128,exact,0,1,8,4,0.748,0.74196,0.252,3.71489,1125.3012,523,10.46,0
1024,128,exact,0,2,2,0,0.32736,0.31538,0.67264,1.03218,948.3589,523,10.46,0
1024,128,exact,0,2,2,1,0.31499,0.33084,0.68501,1.05578,956.3768,523,10.46,0
1024,128,exact,0,2,2,2,0.40868,0.48168,0.5913200000000001,1.07852,1061.4189,523,10.46,0
1024,128,exact,0,2,2,3,0.46416,0.52605,0.53584,1.10052,1075.7599,523,10.46,0
1024,128,exact,0,2,2,4,0.55625,0.59013,0.44375,1.12275,1075.7599,523,10.46,0
1024,128,exact,0,2,3,0,0.36811,0.33932,0.6318900000000001,1.48925,948.3589,523,10.46,0
1024,128,exact,0,2,3,1,0.5426,0.453,0.45740000000000003,1.51284,956.3768,523,10.46,0
1024,128,exact,0,2,3,2,0.54806,0.6547,0.45194,1.53559,1061.4189,523,10.46,0
1024,128,exact,0,2,3,3,0.62749,0.66318,0.37251,1.55758,1075.7599,523,10.46,0
1024,128,exact,0,2,3,4,0.69431,0.71379,0.30569,1.57981,1075.7599,523,10.46,0
1024,128,exact,0,2,4,0,0.67098,0.44577,0.32902,1.89506,952.9784,523,10.46,0
1024,128,exact,0,2,4,1,0.71038,0.74994,0.28962,1.91865,960.9963,523,10.46,0
1024,128,exact,0,2,4,2,0.77189,0.72401,0.22811000000000003,1.9414,1063.5519,523,10.46,0
1024,128,exact,0,2,4,3,0.74018,0.76639,0.25982000000000005,1.96339,1065.9068,523,10.46,0
1024,128,exact,0,2,4,4,0.78559,0.77711,0.21441,1.98562,1065.9068,523,10.46,0
1024,128,exact,0,2,5,0,0.77986,0.81675,0.22014,2.33122,951.9336,523,10.46,0
1024,128,exact,0,2,5,1,0.79774,0.77736,0.20226,2.35482,959.9515,523,10.46,0
1024,128,exact,0,2,5,2,0.83754,0.79382,0.16246000000000005,2.37756,1063.5519,523,10.46,0
1024,128,exact,0,2,5,3,0.84702,0.78484,0.15298,2.39956,1065.9068,523,10.46,0
1024,128,exact,0,2,5,4,0.82455,0.79407,0.17545,2.42179,1065.9068,523,10.46,0
1024,128,exact,0,2,6,0,0.89259,0.85889,0.10741,2.76682,949.3353,523,10.46,0
1024,128,exact,0,2,6,1,0.83582,0.82747,0.16418,2.79041,957.3532,523,10.46,0
1024,128,exact,0,2,6,2,0.87129,0.84717,0.12871,2.81316,1060.9536,523,10.46,0
1024,128,exact,0,2,6,3,0.83804,0.80952,0.16196,2.83516,1063.3086,523,10.46,0
1024,128,exact,0,2,6,4,0.8339,0.7988,0.16610000000000003,2.85739,1063.3086,523,10.46,0
1024,128,exact,0,2,7,0,0.89306,0.84966,0.10694000000000004,3.17047,949.3353,523,10.46,0
1024,128,exact,0,2,7,1,0.8723,0.82598,0.12770000000000004,3.19407,957.3532,523,10.46,0
1024,128,exact,0,2,7,2,0.86867,0.81202,0.13132999999999995,3.21681,1060.9536,523,10.46,0
1024,128,exact,0,2,7,3,0.83836,0.82124,0.16164,3.23881,1063.3086,523,10.46,0
1024,128,exact,0,2,7,4,0.83644,0.82448,0.16356000000000004,3.26104,1063.3086,523,10.46,0
1024,128,exact,0,2,8,0,0.86531,0.84268,0.13468999999999998,3.62433,1043.9581,523,10.46,0
1024,128,exact,0,2,8,1,0.86349,0.80853,0.13651000000000002,3.64792,1051.976,523,10.46,0
1024,128,exact,0,2,8,2,0.83767,0.82149,0.16232999999999997,3.67067,1151.5811,523,10.46,0
1024,128,exact,0,2,8,3,0.83339,0.80753,0.16661000000000004,3.69266,1152.7706,523,10.46,0
1024,128,exact,0,2,8,4,0.81721,0.80853,0.18279,3.71489,1152.7706,523,10.46,0
1024,128,trunc,1,0,8,0,0.66717,0.65694,0.33282999999999996,0.5832,200.2946,523,10.46,0
1024,128,trunc,1,1,2,0,0.83344,0.60284,0.16656000000000004,1.02732,902.5419,523,10.46,0
1024,128,trunc,1,1,2,1,0.7956,0.62727,0.20440000000000003,1.05091,910.5599,523,10.46,0
1024,128,trunc,1,1,2,2,0.79517,0.63949,0.20482999999999996,1.07366,1019.0433,523,10.46,0
1024,128,trunc,1,1,2,3,0.81668,0.67814,0.18332000000000004,1.09565,1034.6425,523,10.46,0
1024,128,trunc,1,1,2,4,0.77145,0.60234,0.22855000000000003,1.11788,1034.6425,523,10.46,0
1024,128,trunc,1,1,3,0,0.83428,0.638,0.16571999999999998,1.48438,902.5419,523,10.46,0
1024,128,trunc,1,1,3,1,0.79597,0.61481,0.20403000000000004,1.50797,910.5599,523,10.46,0
1024,128,trunc,1,1,3,2,0.79111,0.64024,0.20889000000000002,1.53072,1019.0433,523,10.46,0
1024,128,trunc,1,1,3,3,0.78276,0.62378,0.21724,1.55272,1034.6425,523,10.46,0
1024,128,trunc,1,1,3,4,0.70011,0.60558,0.29989,1.57494,1034.6425,523,10.46,0
1024,128,trunc,1,1,4,0,0.81197,0.60334,0.18803000000000003,1.89019,909.1061,523,10.46,0
1024,128,trunc,1,1,4,1,0.75996,0.60858,0.24004000000000003,1.91379,917.124,523,10.46,0
1024,128,trunc,1,1,4,2,0.72898,0.62154,0.27102000000000004,1.93653,1023.1208,523,10.46,0
1024,128,trunc,1,1,4,3,0.69539,0.62603,0.30461000000000005,1.95853,1026.734,523,10.46,0
1024,128,trunc,1,1,4,4,0.66011,0.6183,0.33989,1.98076,1026.734,523,10.46,0
1024,128,trunc,1,1,5,0,0.75967,0.6188,0.24033000000000004,2.32636,908.0612,523,10.46,0
1024,128,trunc,1,1,5,1,0.71478,0.62478,0.28522000000000003,2.34995,916.0791,523,10.46,0
1024,128,trunc,1,1,5,2,0.66711,0.62329,0.33289,2.3727,1023.1208,523,10.46,0
1024,128,trunc,1,1,5,3,0.66242,0.63101,0.33758,2.39469,1026.734,523,10.46,0
1024,128,trunc,1,1,5,4,0.64619,0.61032,0.35380999999999996,2.41692,1026.734,523,10.46,0
1024,128,trunc,1,1,6,0,0.70402,0.62802,0.29598,2.76195,905.463,523,10.46,0
1024,128,trunc,1,1,6,1,0.66043,0.62354,0.33957000000000004,2.78555,913.4809,523,10.46,0
1024,128,trunc,1,1,6,2,0.66204,0.63101,0.33796000000000004,2.8083,1020.5226,523,10.46,0
1024,128,trunc,1,1,6,3,0.66154,0.63101,0.33846,2.83029,1024.1357,523,10.46,0
1024,128,trunc,1,1,6,4,0.64619,0.61032,0.35380999999999996,2.85252,1024.1357,523,10.46,0
1024,128,trunc,1,1,7,0,0.65105,0.62678,0.34895,3.16561,905.463,523,10.46,0
1024,128,trunc,1,1,7,1,0.65205,0.62354,0.34795,3.1892,913.4809,523,10.46,0
1024,128,trunc,1,1,7,2,0.66204,0.63101,0.33796000000000004,3.21195,1020.5226,523,10.46,0
1024,128,trunc,1,1,7,3,0.66154,0.63101,0.33846,3.23394,1024.1357,523,10.46,0
1024,128,trunc,1,1,7,4,0.64619,0.61032,0.35380999999999996,3.25617,1024.1357,523,10.46,0
1024,128,trunc,1,1,8,0,0.64839,0.62678,0.35161,3.61946,1000.0857,523,10.46,0
1024,128,trunc,1,1,8,1,0.65205,0.62354,0.34795,3.64305,1008.1036,523,10.46,0
1024,128,trunc,1,1,8,2,0.66204,0.63101,0.33796000000000004,3.6658,1111.15,523,10.46,0
1024,128,trunc,1,1,8,3,0.66154,0.63101,0.33846,3.68779,1113.5977,523,10.46,0
1024,128,trunc,1,1,8,4,0.64619,0.61032,0.35380999999999996,3.71002,1113.5977,523,10.46,0
1024,128,trunc,1,2,2,0,0.33744,0.31164,0.66256,1.02732,937.3166,523,10.46,0
1024,128,trunc,1,2,2,1,0.28942,0.27998,0.71058,1.05091,945.3345,523,10.46,0
1024,128,trunc,1,2,2,2,0.38563,0.41685,0.6143700000000001,1.07366,1049.7154,523,10.46,0
1024,128,trunc,1,2,2,3,0.50159,0.57292,0.49841,1.09565,1064.0565,523,10.46,0
1024,128,trunc,1,2,2,4,0.55988,0.55871,0.44011999999999996,1.11788,1064.0565,523,10.46,0
1024,128,trunc,1,2,3,0,0.40345,0.362,0.59655,1.48438,937.3166,523,10.46,0
1024,128,trunc,1,2,3,1,0.50863,0.4717,0.49137,1.50797,945.3345,523,10.46,0
1024,128,trunc,1,2,3,2,0.68077,0.61207,0.31923,1.53072,1049.7154,523,10.46,0
1024,128,trunc,1,2,3,3,0.62961,0.61406,0.37039,1.55272,1064.0565,523,10.46,0
1024,128,trunc,1,2,3,4,0.7018,0.70057,0.2982,1.57494,1064.0565,523,10.46,0
1024,128,trunc,1,2,4,0,0.64241,0.60309,0.35758999999999996,1.89019,941.9361,523,10.46,0
1024,128,trunc,1,2,4,1,0.6201,0.69534,0.3799,1.91379,949.954,523,10.46,0
1024,128,trunc,1,2,4,2,0.71342,0.66617,0.28657999999999995,1.93653,1051.8484,523,10.46,0
1024,128,trunc,1,2,4,3,0.75765,0.75418,0.24234999999999995,1.95853,1054.2034,523,10.46,0
1024,128,trunc,1,2,4,4,0.78379,0.7821,0.21621,1.98076,1054.2034,523,10.46,0
1024,128,trunc,1,2,5,0,0.62233,0.49564,0.37766999999999995,2.32636,940.8913,523,10.46,0
1024,128,trunc,1,2,5,1,0.74248,0.77961,0.25751999999999997,2.34995,948.9092,523,10.46,0
1024,128,trunc,1,2,5,2,0.78587,0.76589,0.21413000000000004,2.3727,1051.8484,523,10.46,0
1024,128,trunc,1,2,5,3,0.79356,0.79257,0.20643999999999996,2.39469,1054.2034,523,10.46,0
1024,128,trunc,1,2,5,4,0.81772,0.77287,0.18228,2.41692,1054.2034,523,10.46,0
1024,128,trunc,1,2,6,0,0.81438,0.78933,0.18562,2.76195,938.293,523,10.46,0
1024,128,trunc,1,2,6,1,0.81429,0.7993,0.18571000000000004,2.78555,946.3109,523,10.46,0
1024,128,trunc,1,2,6,2,0.81967,0.82049,0.18033,2.8083,1049.2501,523,10.46,0
1024,128,trunc,1,2,6,3,0.79581,0.76116,0.20418999999999998,2.83029,1051.6051,523,10.46,0
1024,128,trunc,1,2,6,4,0.77239,0.74769,0.22760999999999998,2.85252,1051.6051,523,10.46,0
1024,128,trunc,1,2,7,0,0.8311,0.80229,0.16890000000000005,3.16561,938.293,523,10.46,0
1024,128,trunc,1,2,7,1,0.80132,0.79731,0.19867999999999997,3.1892,946.3109,523,10.46,0
1024,128,trunc,1,2,7,2,0.78042,0.76864,0.21958,3.21195,1049.2501,523,10.46,0
1024,128,trunc,1,2,7,3,0.74203,0.72999,0.25797000000000003,3.23394,1051.6051,523,10.46,0
1024,128,trunc,1,2,7,4,0.73485,0.72476,0.26515,3.25617,1051.6051,523,10.46,0
1024,128,trunc,1,2,8,0,0.80822,0.79806,0.19177999999999995,3.61946,1032.9158,523,10.46,0
1024,128,trunc,1,2,8,1,0.78388,0.73398,0.21611999999999998,3.64305,1040.9337,523,10.46,0
1024,128,trunc,1,2,8,2,0.75836,0.73947,0.24163999999999997,3.6658,1139.8776,523,10.46,0
1024,128,trunc,1,2,8,3,0.75483,0.72226,0.24517,3.68779,1141.0671,523,10.46,0
1024,128,trunc,1,2,8,4,0.76061,0.73448,0.23939,3.71002,1141.0671,523,10.46,0
1024,128,satcomp,2,0,8,0,0.81953,0.80279,0.18047000000000002,0.56797,189.5927,523,10.46,0
1024,128,satcomp,2,1,2,0,0.84451,0.72974,0.15549000000000002,1.01209,867.2123,523,10.46,1
1024,128,satcomp,2,1,2,1,0.83752,0.73074,0.16247999999999996,1.03568,867.9677,523,10.46,0
1024,128,satcomp,2,1,2,2,0.83854,0.72949,0.16146000000000005,1.05843,968.7211,523,10.46,0
1024,128,satcomp,2,1,2,3,0.83939,0.7447,0.16061000000000003,1.08043,978.691,523,10.46,0
1024,128,satcomp,2,1,2,4,0.7796,0.72476,0.22040000000000004,1.10266,978.691,523,10.46,0
1024,128,satcomp,2,1,3,0,0.84333,0.75817,0.15666999999999998,1.46915,867.2123,523,10.46,0
1024,128,satcomp,2,1,3,1,0.83226,0.7472,0.16774,1.49275,867.9677,523,10.46,0
1024,128,satcomp,2,1,3,2,0.8284,0.75143,0.17159999999999997,1.5155,968.7211,523,10.46,0
1024,128,satcomp,2,1,3,3,0.81446,0.74819,0.18554000000000004,1.53749,978.691,523,10.46,0
1024,128,satcomp,2,1,3,4,0.77455,0.729,0.22545000000000004,1.55972,978.691,523,10.46,0
1024,128,satcomp,2,1,4,0,0.82619,0.7472,0.17381000000000002,1.87497,873.7764,523,10.46,0
1024,128,satcomp,2,1,4,1,0.82309,0.75293,0.17691,1.89856,874.5318,523,10.46,0
1024,128,satcomp,2,1,4,2,0.79366,0.75617,0.20633999999999997,1.92131,972.7987,523,10.46,0
1024,128,satcomp,2,1,4,3,0.78632,0.76066,0.21367999999999998,1.9433,970.7825,523,10.46,0
1024,128,satcomp,2,1,4,4,0.75505,0.74271,0.24495,1.96553,970.7825,523,10.46,0
1024,128,satcomp,2,1,5,0,0.825,0.74994,0.17500000000000004,2.31113,872.7316,523,10.46,0
1024,128,satcomp,2,1,5,1,0.79414,0.75118,0.20586000000000004,2.33472,873.487,523,10.46,0
1024,128,satcomp,2,1,5,2,0.76983,0.75742,0.23016999999999999,2.35747,972.7987,523,10.46,0
1024,128,satcomp,2,1,5,3,0.76546,0.76091,0.23453999999999997,2.37947,970.7825,523,10.46,0
1024,128,satcomp,2,1,5,4,0.74707,0.74196,0.25293,2.4017,970.7825,523,10.46,0
1024,128,satcomp,2,1,6,0,0.78254,0.75318,0.21746,2.74673,867.0648,523,10.46,0
1024,128,satcomp,2,1,6,1,0.7738,0.7462,0.22619999999999996,2.77032,867.8202,523,10.46,0
1024,128,satcomp,2,1,6,2,0.76269,0.75592,0.23731000000000002,2.79307,967.1319,523,10.46,0
1024,128,satcomp,2,1,6,3,0.76264,0.76091,0.23736000000000002,2.81506,965.1157,523,10.46,0
1024,128,satcomp,2,1,6,4,0.74707,0.74196,0.25293,2.83729,965.1157,523,10.46,0
1024,128,satcomp,2,1,7,0,0.76419,0.75093,0.23580999999999996,3.15038,867.0648,523,10.46,0
1024,128,satcomp,2,1,7,1,0.76938,0.7462,0.23062000000000005,3.17397,867.8202,523,10.46,0
1024,128,satcomp,2,1,7,2,0.76269,0.75592,0.23731000000000002,3.19672,967.1319,523,10.46,0
1024,128,satcomp,2,1,7,3,0.76264,0.76091,0.23736000000000002,3.21872,965.1157,523,10.46,0
1024,128,satcomp,2,1,7,4,0.74707,0.74196,0.25293,3.24095,965.1157,523,10.46,0
1024,128,satcomp,2,1,8,0,0.76153,0.75093,0.23846999999999996,3.60423,960.1868,523,10.46,0
1024,128,satcomp,2,1,8,1,0.76938,0.7462,0.23062000000000005,3.62783,960.9421,523,10.46,0
1024,128,satcomp,2,1,8,2,0.76269,0.75592,0.23731000000000002,3.65057,1056.2586,523,10.46,0
1024,128,satcomp,2,1,8,3,0.76264,0.76091,0.23736000000000002,3.67257,1053.0769,523,10.46,0
1024,128,satcomp,2,1,8,4,0.74707,0.74196,0.25293,3.6948,1053.0769,523,10.46,0
1024,128,satcomp,2,2,2,0,0.34617,0.33558,0.65383,1.01209,901.9869,523,10.46,0
1024,128,satcomp,2,2,2,1,0.3292,0.30815,0.6708000000000001,1.03568,902.7423,523,10.46,0
1024,128,satcomp,2,2,2,2,0.40298,0.35976,0.59702,1.05843,999.3932,523,10.46,0
1024,128,satcomp,2,2,2,3,0.49078,0.51384,0.50922,1.08043,1008.1049,523,10.46,0
1024,128,satcomp,2,2,2,4,0.50469,0.54874,0.49531000000000003,1.10266,1008.1049,523,10.46,0
1024,128,satcomp,2,2,3,0,0.36816,0.41187,0.63184,1.46915,901.9869,523,10.46,0
1024,128,satcomp,2,2,3,1,0.49088,0.43032,0.50912,1.49275,902.7423,523,10.46,0
1024,128,satcomp,2,2,3,2,0.55605,0.53054,0.44394999999999996,1.5155,999.3932,523,10.46,0
1024,128,satcomp,2,2,3,3,0.59614,0.5804,0.40386,1.53749,1008.1049,523,10.46,0
1024,128,satcomp,2,2,3,4,0.65651,0.59162,0.34348999999999996,1.55972,1008.1049,523,10.46,0
1024,128,satcomp,2,2,4,0,0.64079,0.46846,0.35921000000000003,1.87497,906.6065,523,10.46,0
1024,128,satcomp,2,2,4,1,0.63691,0.72102,0.36309,1.89856,907.3618,523,10.46,0
1024,128,satcomp,2,2,4,2,0.69928,0.67988,0.30072,1.92131,1001.5262,523,10.46,0
1024,128,satcomp,2,2,4,3,0.73544,0.70805,0.26456,1.9433,998.2518,523,10.46,0
1024,128,satcomp,2,2,4,4,0.75602,0.75243,0.24397999999999997,1.96553,998.2518,523,10.46,0
1024,128,satcomp,2,2,5,0,0.81472,0.80155,0.18528,2.31113,905.5616,523,10.46,0
1024,128,satcomp,2,2,5,1,0.76326,0.70007,0.23673999999999995,2.33472,906.317,523,10.46,0
1024,128,satcomp,2,2,5,2,0.79854,0.81626,0.20145999999999997,2.35747,1001.5262,523,10.46,0
1024,128,satcomp,2,2,5,3,0.80297,0.80404,0.19703000000000004,2.37947,998.2518,523,10.46,0
1024,128,satcomp,2,2,5,4,0.84156,0.78983,0.15844000000000003,2.4017,998.2518,523,10.46,0
1024,128,satcomp,2,2,6,0,0.89414,0.84518,0.10585999999999995,2.74673,899.8949,523,10.46,1
1024,128,satcomp,2,2,6,1,0.86476,0.85814,0.13524000000000003,2.77032,900.6502,523,10.46,0
1024,128,satcomp,2,2,6,2,0.85166,0.83072,0.14834000000000003,2.79307,995.8595,523,10.46,0
1024,128,satcomp,2,2,6,3,0.8516,0.81252,0.14839999999999998,2.81506,992.5851,523,10.46,0
1024,128,satcomp,2,2,6,4,0.84445,0.81376,0.15554999999999997,2.83729,992.5851,523,10.46,0
1024,128,satcomp,2,2,7,0,0.8993,0.84617,0.10070000000000001,3.15038,899.8949,523,10.46,1
1024,128,satcomp,2,2,7,1,0.86545,0.84243,0.13454999999999995,3.17397,900.6502,523,10.46,0
1024,128,satcomp,2,2,7,2,0.84603,0.81027,0.15397000000000005,3.19672,995.8595,523,10.46,0
1024,128,satcomp,2,2,7,3,0.84921,0.79756,0.15078999999999998,3.21872,992.5851,523,10.46,0
1024,128,satcomp,2,2,7,4,0.84524,0.81426,0.15476,3.24095,992.5851,523,10.46,0
1024,128,satcomp,2,2,8,0,0.87763,0.84293,0.12236999999999998,3.60423,993.0168,523,10.46,0
1024,128,satcomp,2,2,8,1,0.86158,0.82349,0.13842,3.62783,993.7722,523,10.46,0
1024,128,satcomp,2,2,8,2,0.85054,0.81027,0.14946000000000004,3.65057,1084.9861,523,10.46,0
1024,128,satcomp,2,2,8,3,0.83741,0.82049,0.16259,3.67257,1080.5463,523,10.46,0
1024,128,satcomp,2,2,8,4,0.82888,0.81526,0.17112000000000005,3.6948,1080.5463,523,10.46,0
1024,128,satcomp,3,0,8,0,0.81782,0.8018,0.18218,0.58518,189.5927,523,10.46,0
1024,128,satcomp,3,1,2,0,0.84451,0.72949,0.15549000000000002,1.0293,867.2123,523,10.46,0
1024,128,satcomp,3,1,2,1,0.83752,0.73049,0.16247999999999996,1.05289,867.9677,523,10.46,0
1024,128,satcomp,3,1,2,2,0.83768,0.72974,0.16232000000000002,1.07564,968.7211,523,10.46,0
1024,128,satcomp,3,1,2,3,0.83939,0.74445,0.16061000000000003,1.09763,978.691,523,10.46,0
1024,128,satcomp,3,1,2,4,0.7796,0.72476,0.22040000000000004,1.11986,978.691,523,10.46,0
1024,128,satcomp,3,1,3,0,0.84419,0.75941,0.15581,1.48636,867.2123,523,10.46,0
1024,128,satcomp,3,1,3,1,0.83226,0.7472,0.16774,1.50995,867.9677,523,10.46,0
1024,128,satcomp,3,1,3,2,0.8284,0.75143,0.17159999999999997,1.5327,968.7211,523,10.46,0
1024,128,satcomp,3,1,3,3,0.81446,0.74819,0.18554000000000004,1.55469,978.691,523,10.46,0
1024,128,satcomp,3,1,3,4,0.77455,0.72949,0.22545000000000004,1.57692,978.691,523,10.46,0
1024,128,satcomp,3,1,4,0,0.82619,0.74769,0.17381000000000002,1.89217,873.7764,523,10.46,0
1024,128,satcomp,3,1,4,1,0.82395,0.75268,0.17605000000000004,1.91576,874.5318,523,10.46,0
1024,128,satcomp,3,1,4,2,0.79366,0.75642,0.20633999999999997,1.93851,972.7987,523,10.46,0
1024,128,satcomp,3,1,4,3,0.78546,0.76091,0.21453999999999995,1.96051,970.7825,523,10.46,0
1024,128,satcomp,3,1,4,4,0.75505,0.74296,0.24495,1.98274,970.7825,523,10.46,0
1024,128,satcomp,3,1,5,0,0.82586,0.75019,0.17413999999999996,2.32834,872.7316,523,10.46,0
1024,128,satcomp,3,1,5,1,0.79414,0.75093,0.20586000000000004,2.35193,873.487,523,10.46,0
1024,128,satcomp,3,1,5,2,0.76983,0.75767,0.23016999999999999,2.37468,972.7987,523,10.46,0
1024,128,satcomp,3,1,5,3,0.76647,0.76091,0.23353000000000002,2.39667,970.7825,523,10.46,0
1024,128,satcomp,3,1,5,4,0.748,0.74196,0.252,2.4189,970.7825,523,10.46,0
1024,128,satcomp,3,1,6,0,0.78355,0.75318,0.21645000000000003,2.76393,867.0648,523,10.46,0
1024,128,satcomp,3,1,6,1,0.7738,0.74595,0.22619999999999996,2.78753,867.8202,523,10.46,0
1024,128,satcomp,3,1,6,2,0.76269,0.75567,0.23731000000000002,2.81027,967.1319,523,10.46,0
1024,128,satcomp,3,1,6,3,0.76264,0.76091,0.23736000000000002,2.83227,965.1157,523,10.46,0
1024,128,satcomp,3,1,6,4,0.748,0.74196,0.252,2.8545,965.1157,523,10.46,0
1024,128,satcomp,3,1,7,0,0.76419,0.75093,0.23580999999999996,3.16759,867.0648,523,10.46,0
1024,128,satcomp,3,1,7,1,0.76938,0.74595,0.23062000000000005,3.19118,867.8202,523,10.46,0
1024,128,satcomp,3,1,7,2,0.76269,0.75567,0.23731000000000002,3.21393,967.1319,523,10.46,0
1024,128,satcomp,3,1,7,3,0.76264,0.76091,0.23736000000000002,3.23592,965.1157,523,10.46,0
1024,128,satcomp,3,1,7,4,0.748,0.74196,0.252,3.25815,965.1157,523,10.46,0
1024,128,satcomp,3,1,8,0,0.76153,0.75093,0.23846999999999996,3.62144,960.1868,523,10.46,0
1024,128,satcomp,3,1,8,1,0.76938,0.74595,0.23062000000000005,3.64503,960.9421,523,10.46,0
1024,128,satcomp,3,1,8,2,0.76269,0.75567,0.23731000000000002,3.66778,1056.2586,523,10.46,0
1024,128,satcomp,3,1,8,3,0.76264,0.76091,0.23736000000000002,3.68977,1053.0769,523,10.46,0
1024,128,satcomp,3,1,8,4,0.748,0.74196,0.252,3.712,1053.0769,523,10.46,0
1024,128,satcomp,3,2,2,0,0.3102,0.30541,0.6898,1.0293,901.9869,523,10.46,0
1024,128,satcomp,3,2,2,1,0.28436,0.33907,0.71564,1.05289,902.7423,523,10.46,0
1024,128,satcomp,3,2,2,2,0.40217,0.41835,0.59783,1.07564,999.3932,523,10.46,0
1024,128,satcomp,3,2,2,3,0.49753,0.44951,0.50247,1.09763,1008.1049,523,10.46,0
1024,128,satcomp,3,2,2,4,0.61729,0.64622,0.38271,1.11986,1008.1049,523,10.46,0
1024,128,satcomp,3,2,3,0,0.36811,0.33932,0.6318900000000001,1.48636,901.9869,523,10.46,0
1024,128,satcomp,3,2,3,1,0.55538,0.4004,0.44462,1.50995,902.7423,523,10.46,0
1024,128,satcomp,3,2,3,2,0.62364,0.54799,0.37636000000000003,1.5327,999.3932,523,10.46,0
1024,128,satcomp,3,2,3,3,0.66806,0.60509,0.33194,1.55469,1008.1049,523,10.46,0
1024,128,satcomp,3,2,3,4,0.68546,0.67016,0.31454000000000004,1.57692,1008.1049,523,10.46,0
1024,128,satcomp,3,2,4,0,0.67098,0.44577,0.32902,1.89217,906.6065,523,10.46,0
1024,128,satcomp,3,2,4,1,0.64393,0.66293,0.35607,1.91576,907.3618,523,10.46,0
1024,128,satcomp,3,2,4,2,0.74548,0.75792,0.25451999999999997,1.93851,1001.5262,523,10.46,0
1024,128,satcomp,3,2,4,3,0.76974,0.73398,0.23026000000000002,1.96051,998.2518,523,10.46,0
1024,128,satcomp,3,2,4,4,0.7937,0.78808,0.20630000000000004,1.98274,998.2518,523,10.46,0
1024,128,satcomp,3,2,5,0,0.77986,0.81675,0.22014,2.32834,905.5616,523,10.46,0
1024,128,satcomp,3,2,5,1,0.81291,0.79781,0.18708999999999998,2.35193,906.317,523,10.46,0
1024,128,satcomp,3,2,5,2,0.83754,0.79382,0.16246000000000005,2.37468,1001.5262,523,10.46,0
1024,128,satcomp,3,2,5,3,0.84702,0.78484,0.15298,2.39667,998.2518,523,10.46,0
1024,128,satcomp,3,2,5,4,0.82455,0.79407,0.17545,2.4189,998.2518,523,10.46,0
1024,128,satcomp,3,2,6,0,0.89259,0.85889,0.10741,2.76393,899.8949,523,10.46,0
1024,128,satcomp,3,2,6,1,0.83582,0.82747,0.16418,2.78753,900.6502,523,10.46,0
1024,128,satcomp,3,2,6,2,0.87129,0.84717,0.12871,2.81027,995.8595,523,10.46,0
1024,128,satcomp,3,2,6,3,0.83804,0.80952,0.16196,2.83227,992.5851,523,10.46,0
1024,128,satcomp,3,2,6,4,0.8339,0.7988,0.16610000000000003,2.8545,992.5851,523,10.46,0
1024,128,satcomp,3,2,7,0,0.89306,0.84966,0.10694000000000004,3.16759,899.8949,523,10.46,0
1024,128,satcomp,3,2,7,1,0.8723,0.82598,0.12770000000000004,3.19118,900.6502,523,10.46,0
1024,128,satcomp,3,2,7,2,0.86867,0.81202,0.13132999999999995,3.21393,995.8595,523,10.46,0
1024,128,satcomp,3,2,7,3,0.83836,0.82124,0.16164,3.23592,992.5851,523,10.46,0
1024,128,satcomp,3,2,7,4,0.83644,0.82448,0.16356000000000004,3.25815,992.5851,523,10.46,0
1024,128,satcomp,3,2,8,0,0.86531,0.84268,0.13468999999999998,3.62144,993.0168,523,10.46,0
1024,128,satcomp,3,2,8,1,0.86349,0.80853,0.13651000000000002,3.64503,993.7722,523,10.46,0
1024,128,satcomp,3,2,8,2,0.83767,0.82149,0.16232999999999997,3.66778,1084.9861,523,10.46,0
1024,128,satcomp,3,2,8,3,0.83339,0.80753,0.16661000000000004,3.68977,1080.5463,523,10.46,0
1024,128,satcomp,3,2,8,4,0.81721,0.80853,0.18279,3.712,1080.5463,523,10.46,0
1024,128,sampled,4,0,8,0,0.7614,0.75069,0.23860000000000003,0.58806,230.0779,267,5.34,0
1024,128,sampled,4,1,2,0,0.83283,0.65395,0.16717000000000004,1.03218,932.3252,267,5.34,0
1024,128,sampled,4,1,2,1,0.83878,0.61057,0.16122000000000003,1.05578,940.3431,267,5.34,0
1024,128,sampled,4,1,2,2,0.81248,0.68063,0.18752000000000002,1.07852,1049.4877,267,5.34,0
1024,128,sampled,4,1,2,3,0.80195,0.68462,0.19804999999999995,1.10052,1065.0869,267,5.34,0
1024,128,sampled,4,1,2,4,0.7782,0.65021,0.2218,1.12275,1065.0869,267,5.34,0
1024,128,sampled,4,1,3,0,0.83306,0.73199,0.16693999999999998,1.48925,932.3252,267,5.34,0
1024,128,sampled,4,1,3,1,0.82807,0.71379,0.17193000000000003,1.51284,940.3431,267,5.34,0
1024,128,sampled,4,1,3,2,0.81544,0.72226,0.18455999999999995,1.53559,1049.4877,267,5.34,0
1024,128,sampled,4,1,3,3,0.78616,0.71454,0.21384000000000003,1.55758,1065.0869,267,5.34,0
1024,128,sampled,4,1,3,4,0.74322,0.6906,0.25678,1.57981,1065.0869,267,5.34,0
1024,128,sampled,4,1,4,0,0.80845,0.73373,0.19155,1.89506,942.9281,267,5.34,0
1024,128,sampled,4,1,4,1,0.79174,0.7275,0.20826,1.91865,950.946,267,5.34,0
1024,128,sampled,4,1,4,2,0.76389,0.726,0.23611000000000004,1.9414,1057.604,267,5.34,0
1024,128,sampled,4,1,4,3,0.73369,0.73049,0.26631000000000005,1.96339,1061.2172,267,5.34,0
1024,128,sampled,4,1,4,4,0.71963,0.72177,0.28037,1.98562,1061.2172,267,5.34,0
1024,128,sampled,4,1,5,0,0.79881,0.73099,0.20118999999999998,2.33122,941.8833,267,5.34,0
1024,128,sampled,4,1,5,1,0.77509,0.73722,0.22491000000000005,2.35482,949.9012,267,5.34,0
1024,128,sampled,4,1,5,2,0.73459,0.72775,0.26541000000000003,2.37756,1057.604,267,5.34,0
1024,128,sampled,4,1,5,3,0.74528,0.74221,0.25471999999999995,2.39956,1061.2172,267,5.34,0
1024,128,sampled,4,1,5,4,0.71711,0.71678,0.28289,2.42179,1061.2172,267,5.34,0
1024,128,sampled,4,1,6,0,0.7658,0.73573,0.23419999999999996,2.76682,939.285,267,5.34,0
1024,128,sampled,4,1,6,1,0.75012,0.7457,0.24988,2.79041,947.3029,267,5.34,0
1024,128,sampled,4,1,6,2,0.73492,0.73099,0.26508,2.81316,1055.0058,267,5.34,0
1024,128,sampled,4,1,6,3,0.74173,0.74221,0.25827,2.83516,1058.619,267,5.34,0
1024,128,sampled,4,1,6,4,0.71711,0.71678,0.28289,2.85739,1058.619,267,5.34,0
1024,128,sampled,4,1,7,0,0.7254,0.73448,0.27459999999999996,3.17047,939.285,267,5.34,0
1024,128,sampled,4,1,7,1,0.74483,0.7457,0.25517,3.19407,947.3029,267,5.34,0
1024,128,sampled,4,1,7,2,0.73492,0.73099,0.26508,3.21681,1055.0058,267,5.34,0
1024,128,sampled,4,1,7,3,0.74173,0.74221,0.25827,3.23881,1058.619,267,5.34,0
1024,128,sampled,4,1,7,4,0.71711,0.71678,0.28289,3.26104,1058.619,267,5.34,0
1024,128,sampled,4,1,8,0,0.72451,0.73448,0.27549,3.62433,1033.9078,267,5.34,0
1024,128,sampled,4,1,8,1,0.74483,0.7457,0.25517,3.64792,1041.9257,267,5.34,0
1024,128,sampled,4,1,8,2,0.73492,0.73099,0.26508,3.67067,1145.6333,267,5.34,0
1024,128,sampled,4,1,8,3,0.74173,0.74221,0.25827,3.69266,1148.0809,267,5.34,0
1024,128,sampled,4,1,8,4,0.71711,0.71678,0.28289,3.71489,1148.0809,267,5.34,0
1024,128,sampled,4,2,2,0,0.32968,0.31788,0.67032,1.03218,967.0998,267,5.34,0
1024,128,sampled,4,2,2,1,0.31711,0.33508,0.68289,1.05578,975.1177,267,5.34,0
1024,128,sampled,4,2,2,2,0.40189,0.42009,0.5981099999999999,1.07852,1080.1598,267,5.34,0
1024,128,sampled,4,2,2,3,0.45024,0.49738,0.54976,1.10052,1094.5009,267,5.34,0
1024,128,sampled,4,2,2,4,0.5299,0.43306,0.47009999999999996,1.12275,1094.5009,267,5.34,0
1024,128,sampled,4,2,3,0,0.37804,0.36649,0.6219600000000001,1.48925,967.0998,267,5.34,0
1024,128,sampled,4,2,3,1,0.43028,0.48766,0.56972,1.51284,975.1177,267,5.34,0
1024,128,sampled,4,2,3,2,0.52942,0.55871,0.47058,1.53559,1080.1598,267,5.34,0
1024,128,sampled,4,2,3,3,0.63582,0.6532,0.36417999999999995,1.55758,1094.5009,267,5.34,0
1024,128,sampled,4,2,3,4,0.72814,0.65445,0.27186,1.57981,1094.5009,267,5.34,0
1024,128,sampled,4,2,4,0,0.62579,0.48666,0.37421000000000004,1.89506,975.7582,267,5.34,0
1024,128,sampled,4,2,4,1,0.62577,0.68088,0.37422999999999995,1.91865,983.7761,267,5.34,0
1024,128,sampled,4,2,4,2,0.67318,0.69584,0.32682,1.9414,1086.3316,267,5.34,0
1024,128,sampled,4,2,4,3,0.75356,0.70656,0.24644,1.96339,1088.6866,267,5.34,0
1024,128,sampled,4,2,4,4,0.77658,0.75742,0.22341999999999995,1.98562,1088.6866,267,5.34,0
1024,128,sampled,4,2,5,0,0.67158,0.57542,0.32842000000000005,2.33122,974.7133,267,5.34,0
1024,128,sampled,4,2,5,1,0.77147,0.73099,0.22853,2.35482,982.7312,267,5.34,0
1024,128,sampled,4,2,5,2,0.81529,0.74894,0.18471000000000004,2.37756,1086.3316,267,5.34,0
1024,128,sampled,4,2,5,3,0.75872,0.77512,0.24128000000000005,2.39956,1088.6866,267,5.34,0
1024,128,sampled,4,2,5,4,0.77858,0.73573,0.22141999999999995,2.42179,1088.6866,267,5.34,0
1024,128,sampled,4,2,6,0,0.79722,0.82997,0.20277999999999996,2.76682,972.1151,267,5.34,0
1024,128,sampled,4,2,6,1,0.84941,0.83321,0.15059,2.79041,980.133,267,5.34,0
1024,128,sampled,4,2,6,2,0.83818,0.80055,0.16181999999999996,2.81316,1083.7334,267,5.34,0
1024,128,sampled,4,2,6,3,0.77944,0.77786,0.22055999999999998,2.83516,1086.0883,267,5.34,0
1024,128,sampled,4,2,6,4,0.77104,0.75443,0.22896000000000005,2.85739,1086.0883,267,5.34,0
1024,128,sampled,4,2,7,0,0.858,0.82024,0.14200000000000002,3.17047,972.1151,267,5.34,0
1024,128,sampled,4,2,7,1,0.85351,0.79157,0.14649,3.19407,980.133,267,5.34,0
1024,128,sampled,4,2,7,2,0.7994,0.78484,0.2006,3.21681,1083.7334,267,5.34,0
1024,128,sampled,4,2,7,3,0.78881,0.78135,0.21119,3.23881,1086.0883,267,5.34,0
1024,128,sampled,4,2,7,4,0.78798,0.7801,0.21202,3.26104,1086.0883,267,5.34,0
1024,128,sampled,4,2,8,0,0.84462,0.79556,0.15537999999999996,3.62433,1066.7378,267,5.34,0
1024,128,sampled,4,2,8,1,0.8272,0.7998,0.17279999999999995,3.64792,1074.7557,267,5.34,0
1024,128,sampled,4,2,8,2,0.79888,0.75617,0.20111999999999997,3.67067,1174.3608,267,5.34,0
1024,128,sampled,4,2,8,3,0.80186,0.78709,0.19813999999999998,3.69266,1175.5503,267,5.34,0
1024,128,sampled,4,2,8,4,0.80346,0.75991,0.19654000000000005,3.71489,1175.5503,267,5.34,0
2048,32,exact,0,0,8,0,0.87046,0.85864,0.12954,0.72694,70.6761,4163,83.26,0
2048,32,exact,0,1,2,0,0.85635,0.7644,0.14365000000000006,1.41615,771.7913,4163,83.26,0
2048,32,exact,0,1,2,1,0.85901,0.75143,0.14098999999999995,1.42326,779.8092,4163,83.26,0
2048,32,exact,0,1,2,2,0.86039,0.7629,0.13961,1.42902,858.6364,4163,83.26,0
2048,32,exact,0,1,2,3,0.84549,0.75517,0.15451000000000004,1.43475,875.7574,4163,83.26,0
2048,32,exact,0,1,2,4,0.81349,0.77063,0.18650999999999995,1.44025,875.7574,4163,83.26,0
2048,32,exact,0,1,3,0,0.85853,0.78908,0.14146999999999998,2.10852,771.7913,4163,83.26,0
2048,32,exact,0,1,3,1,0.85062,0.77736,0.14937999999999996,2.11563,779.8092,4163,83.26,0
2048,32,exact,0,1,3,2,0.84096,0.77562,0.15903999999999996,2.12138,858.6364,4163,83.26,0
2048,32,exact,0,1,3,3,0.81577,0.77387,0.18423,2.12712,875.7574,4163,83.26,0
2048,32,exact,0,1,3,4,0.79222,0.77661,0.20777999999999996,2.13261,875.7574,4163,83.26,0
2048,32,exact,0,1,4,0,0.84162,0.76963,0.15837999999999997,2.78797,770.7015,4163,83.26,0
2048,32,exact,0,1,4,1,0.84833,0.76814,0.15166999999999997,2.79509,778.7194,4163,83.26,0
2048,32,exact,0,1,4,2,0.80368,0.78459,0.19632000000000005,2.80084,855.06,4163,83.26,0
2048,32,exact,0,1,4,3,0.80649,0.77661,0.19350999999999996,2.80658,860.195,4163,83.26,0
2048,32,exact,0,1,4,4,0.80734,0.7806,0.19266000000000005,2.81207,860.195,4163,83.26,0
2048,32,exact,0,1,5,0,0.83618,0.77836,0.16381999999999997,3.47547,769.6566,4163,83.26,0
2048,32,exact,0,1,5,1,0.80575,0.77587,0.19425000000000003,3.48258,777.6745,4163,83.26,0
2048,32,exact,0,1,5,2,0.8048,0.77836,0.19520000000000004,3.48834,855.06,4163,83.26,0
2048,32,exact,0,1,5,3,0.79224,0.77562,0.20775999999999994,3.49407,860.195,4163,83.26,0
2048,32,exact,0,1,5,4,0.7865,0.77088,0.21350000000000002,3.49957,860.195,4163,83.26,0
2048,32,exact,0,1,6,0,0.80246,0.77537,0.19754000000000005,4.16238,767.8637,4163,83.26,0
2048,32,exact,0,1,6,1,0.7943,0.77512,0.2057,4.16949,775.8816,4163,83.26,0
2048,32,exact,0,1,6,2,0.80052,0.77836,0.19948,4.17525,853.2671,4163,83.26,0
2048,32,exact,0,1,6,3,0.79148,0.77612,0.20852000000000004,4.18098,858.4021,4163,83.26,0
2048,32,exact,0,1,6,4,0.7865,0.77088,0.21350000000000002,4.18648,858.4021,4163,83.26,0
2048,32,exact,0,1,7,0,0.78998,0.77487,0.21001999999999998,4.8421,767.8637,4163,83.26,0
2048,32,exact,0,1,7,1,0.79119,0.77537,0.20881000000000005,4.84921,775.8816,4163,83.26,0
2048,32,exact,0,1,7,2,0.80052,0.77836,0.19948,4.85497,853.2671,4163,83.26,0
2048,32,exact,0,1,7,3,0.79148,0.77612,0.20852000000000004,4.8607,858.4021,4163,83.26,0
2048,32,exact,0,1,7,4,0.7865,0.77088,0.21350000000000002,4.8662,858.4021,4163,83.26,0
2048,32,exact,0,1,8,0,0.78643,0.77487,0.21357000000000004,5.5345,916.757,4163,83.26,0
2048,32,exact,0,1,8,1,0.79119,0.77537,0.20881000000000005,5.54161,924.7749,4163,83.26,0
2048,32,exact,0,1,8,2,0.80052,0.77836,0.19948,5.54737,998.1651,4163,83.26,0
2048,32,exact,0,1,8,3,0.79148,0.77612,0.20852000000000004,5.5531,1002.1346,4163,83.26,0
2048,32,exact,0,1,8,4,0.7865,0.77088,0.21350000000000002,5.5586,1002.1346,4163,83.26,0
2048,32,exact,0,2,2,0,0.32725,0.31937,0.67275,1.41615,830.9382,4163,83.26,0
2048,32,exact,0,2,2,1,0.35511,0.3286,0.64489,1.42326,838.9561,4163,83.26,0
2048,32,exact,0,2,2,2,0.43071,0.38719,0.5692900000000001,1.42902,913.6808,4163,83.26,0
2048,32,exact,0,2,2,3,0.50821,0.52705,0.49178999999999995,1.43475,929.5437,4163,83.26,0
2048,32,exact,0,2,2,4,0.59723,0.53478,0.40276999999999996,1.44025,929.5437,4163,83.26,0
2048,32,exact,0,2,3,0,0.36358,0.38968,0.63642,2.10852,830.9382,4163,83.26,0
2048,32,exact,0,2,3,1,0.51559,0.45974,0.48441,2.11563,838.9561,4163,83.26,0
2048,32,exact,0,2,3,2,0.64847,0.62977,0.35153,2.12138,913.6808,4163,83.26,0
2048,32,exact,0,2,3,3,0.73137,0.65221,0.26863000000000004,2.12712,929.5437,4163,83.26,0
2048,32,exact,0,2,3,4,0.76493,0.69783,0.23507,2.13261,929.5437,4163,83.26,0
2048,32,exact,0,2,4,0,0.67007,0.5814,0.32992999999999995,2.78797,827.9038,4163,83.26,0
2048,32,exact,0,2,4,1,0.68253,0.64722,0.31747000000000003,2.79509,835.9217,4163,83.26,0
2048,32,exact,0,2,4,2,0.69947,0.69434,0.30052999999999996,2.80084,908.1599,4163,83.26,0
2048,32,exact,0,2,4,3,0.80374,0.78758,0.19626,2.80658,912.0366,4163,83.26,0
2048,32,exact,0,2,4,4,0.84492,0.82997,0.15508,2.81207,912.0366,4163,83.26,0
2048,32,exact,0,2,5,0,0.88423,0.8367,0.11577000000000004,3.47547,826.859,4163,83.26,0
2048,32,exact,0,2,5,1,0.81213,0.81177,0.18786999999999998,3.48258,834.8769,4163,83.26,0
2048,32,exact,0,2,5,2,0.84976,0.83495,0.15024000000000004,3.48834,908.1599,4163,83.26,0
2048,32,exact,0,2,5,3,0.87355,0.84094,0.12644999999999995,3.49407,912.0366,4163,83.26,0
2048,32,exact,0,2,5,4,0.86335,0.83595,0.13665000000000005,3.49957,912.0366,4163,83.26,0
2048,32,exact,0,2,6,0,0.91271,0.86736,0.08728999999999998,4.16238,825.0661,4163,83.26,0
2048,32,exact,0,2,6,1,0.88739,0.84293,0.11260999999999999,4.16949,833.084,4163,83.26,0
2048,32,exact,0,2,6,2,0.89973,0.86537,0.10026999999999997,4.17525,906.367,4163,83.26,0
2048,32,exact,0,2,6,3,0.88921,0.83495,0.11079000000000006,4.18098,910.2438,4163,83.26,0
2048,32,exact,0,2,6,4,0.86548,0.83919,0.13451999999999997,4.18648,910.2438,4163,83.26,0
2048,32,exact,0,2,7,0,0.90406,0.86537,0.09594000000000003,4.8421,825.0661,4163,83.26,0
2048,32,exact,0,2,7,1,0.88827,0.83695,0.11173,4.84921,833.084,4163,83.26,0
2048,32,exact,0,2,7,2,0.88117,0.85789,0.11882999999999999,4.85497,906.367,4163,83.26,0
2048,32,exact,0,2,7,3,0.89527,0.8539,0.10472999999999999,4.8607,910.2438,4163,83.26,0
2048,32,exact,0,2,7,4,0.85144,0.84518,0.14856000000000003,4.8662,910.2438,4163,83.26,0
2048,32,exact,0,2,8,0,0.90881,0.86437,0.09119,5.5345,973.9594,4163,83.26,0
2048,32,exact,0,2,8,1,0.88368,0.85515,0.11631999999999998,5.54161,981.9773,4163,83.26,0
2048,32,exact,0,2,8,2,0.86896,0.84792,0.13104000000000005,5.54737,1051.265,4163,83.26,0
2048,32,exact,0,2,8,3,0.87697,0.83495,0.12302999999999997,5.5531,1053.9763,4163,83.26,0
2048,32,exact,0,2,8,4,0.85347,0.84169,0.14653000000000005,5.5586,1053.9763,4163,83.26,0
2048,32,trunc,1,0,8,0,0.75758,0.72825,0.24241999999999997,0.72472,71.3373,4163,83.26,0
2048,32,trunc,1,1,2,0,0.84809,0.64647,0.15191,1.41393,772.4524,4163,83.26,0
2048,32,trunc,1,1,2,1,0.8373,0.66642,0.16269999999999996,1.42104,780.4703,4163,83.26,0
2048,32,trunc,1,1,2,2,0.84241,0.66692,0.15759,1.4268,858.6364,4163,83.26,0
2048,32,trunc,1,1,2,3,0.83223,0.69658,0.16776999999999997,1.43253,875.7574,4163,83.26,0
2048,32,trunc,1,1,2,4,0.79483,0.68287,0.20516999999999996,1.43803,875.7574,4163,83.26,0
2048,32,trunc,1,1,3,0,0.84786,0.70057,0.15214000000000005,2.10629,772.4524,4163,83.26,0
2048,32,trunc,1,1,3,1,0.83932,0.69559,0.16068000000000005,2.11341,780.4703,4163,83.26,0
2048,32,trunc,1,1,3,2,0.81691,0.68512,0.18308999999999997,2.11916,858.6364,4163,83.26,0
2048,32,trunc,1,1,3,3,0.81273,0.67789,0.18727000000000005,2.1249,875.7574,4163,83.26,0
2048,32,trunc,1,1,3,4,0.75251,0.67489,0.24749,2.13039,875.7574,4163,83.26,0
2048,32,trunc,1,1,4,0,0.83872,0.66891,0.16127999999999998,2.78575,771.3626,4163,83.26,0
2048,32,trunc,1,1,4,1,0.80461,0.67215,0.19538999999999995,2.79286,779.3805,4163,83.26,0
2048,32,trunc,1,1,4,2,0.77783,0.67739,0.22216999999999998,2.79862,855.06,4163,83.26,0
2048,32,trunc,1,1,4,3,0.74737,0.67838,0.25263,2.80435,860.195,4163,83.26,0
2048,32,trunc,1,1,4,4,0.72752,0.67863,0.27248000000000006,2.80985,860.195,4163,83.26,0
2048,32,trunc,1,1,5,0,0.80621,0.67091,0.19379000000000002,3.47325,770.3178,4163,83.26,0
2048,32,trunc,1,1,5,1,0.75048,0.67115,0.24951999999999996,3.48036,778.3357,4163,83.26,0
2048,32,trunc,1,1,5,2,0.72222,0.67988,0.27778,3.48611,855.06,4163,83.26,0
2048,32,trunc,1,1,5,3,0.72893,0.68362,0.27107000000000003,3.49185,860.195,4163,83.26,0
2048,32,trunc,1,1,5,4,0.72281,0.67564,0.27719000000000005,3.49735,860.195,4163,83.26,0
2048,32,trunc,1,1,6,0,0.74214,0.67115,0.25786,4.16016,768.5249,4163,83.26,0
2048,32,trunc,1,1,6,1,0.72271,0.66916,0.27729000000000004,4.16727,776.5428,4163,83.26,0
2048,32,trunc,1,1,6,2,0.71893,0.67863,0.28107000000000004,4.17302,853.2671,4163,83.26,0
2048,32,trunc,1,1,6,3,0.72979,0.68337,0.27020999999999995,4.17876,858.4021,4163,83.26,0
2048,32,trunc,1,1,6,4,0.72281,0.67564,0.27719000000000005,4.18426,858.4021,4163,83.26,0
2048,32,trunc,1,1,7,0,0.71654,0.66966,0.28346000000000005,4.83988,768.5249,4163,83.26,0
2048,32,trunc,1,1,7,1,0.71651,0.66941,0.28349,4.84699,776.5428,4163,83.26,0
2048,32,trunc,1,1,7,2,0.71893,0.67863,0.28107000000000004,4.85275,853.2671,4163,83.26,0
2048,32,trunc,1,1,7,3,0.72979,0.68337,0.27020999999999995,4.85848,858.4021,4163,83.26,0
2048,32,trunc,1,1,7,4,0.72281,0.67564,0.27719000000000005,4.86398,858.4021,4163,83.26,0
2048,32,trunc,1,1,8,0,0.71477,0.66966,0.28523,5.53228,917.4182,4163,83.26,0
2048,32,trunc,1,1,8,1,0.71651,0.66941,0.28349,5.53939,925.4361,4163,83.26,0
2048,32,trunc,1,1,8,2,0.71893,0.67863,0.28107000000000004,5.54515,998.1651,4163,83.26,0
2048,32,trunc,1,1,8,3,0.72979,0.68337,0.27020999999999995,5.55088,1002.1346,4163,83.26,0
2048,32,trunc,1,1,8,4,0.72281,0.67564,0.27719000000000005,5.55638,1002.1346,4163,83.26,0
2048,32,trunc,1,2,2,0,0.32219,0.29245,0.67781,1.41393,831.5994,4163,83.26,0
2048,32,trunc,1,2,2,1,0.28169,0.32959,0.71831,1.42104,839.6173,4163,83.26,0
2048,32,trunc,1,2,2,2,0.35129,0.33458,0.64871,1.4268,913.6808,4163,83.26,0
2048,32,trunc,1,2,2,3,0.51376,0.51134,0.48624,1.43253,929.5437,4163,83.26,0
2048,32,trunc,1,2,2,4,0.61544,0.57043,0.38456,1.43803,929.5437,4163,83.26,0
2048,32,trunc,1,2,3,0,0.37826,0.37896,0.62174,2.10629,831.5994,4163,83.26,0
2048,32,trunc,1,2,3,1,0.55101,0.42408,0.44899,2.11341,839.6173,4163,83.26,0
2048,32,trunc,1,2,3,2,0.5982,0.61082,0.40180000000000005,2.11916,913.6808,4163,83.26,0
2048,32,trunc,1,2,3,3,0.67679,0.66018,0.32321,2.1249,929.5437,4163,83.26,0
2048,32,trunc,1,2,3,4,0.73326,0.70406,0.26674,2.13039,929.5437,4163,83.26,0
2048,32,trunc,1,2,4,0,0.65587,0.57841,0.34413000000000005,2.78575,828.565,4163,83.26,0
2048,32,trunc,1,2,4,1,0.70015,0.69658,0.29984999999999995,2.79286,836.5829,4163,83.26,0
2048,32,trunc,1,2,4,2,0.76081,0.70007,0.23919,2.79862,908.1599,4163,83.26,0
2048,32,trunc,1,2,4,3,0.77384,0.72326,0.22616000000000003,2.80435,912.0366,4163,83.26,0
2048,32,trunc,1,2,4,4,0.83753,0.78958,0.16247,2.80985,912.0366,4163,83.26,0
2048,32,trunc,1,2,5,0,0.83474,0.79157,0.16525999999999996,3.47325,827.5202,4163,83.26,0
2048,32,trunc,1,2,5,1,0.8011,0.77263,0.19889999999999997,3.48036,835.5381,4163,83.26,0
2048,32,trunc,1,2,5,2,0.83032,0.77911,0.16968000000000005,3.48611,908.1599,4163,83.26,0
2048,32,trunc,1,2,5,3,0.84047,0.80329,0.15952999999999995,3.49185,912.0366,4163,83.26,0
2048,32,trunc,1,2,5,4,0.85193,0.8185,0.14807000000000003,3.49735,912.0366,4163,83.26,0
2048,32,trunc,1,2,6,0,0.88587,0.85116,0.11412999999999995,4.16016,825.7273,4163,83.26,0
2048,32,trunc,1,2,6,1,0.87203,0.85216,0.12797000000000003,4.16727,833.7452,4163,83.26,0
2048,32,trunc,1,2,6,2,0.87434,0.83371,0.12566,4.17302,906.367,4163,83.26,0
2048,32,trunc,1,2,6,3,0.85964,0.82423,0.14036000000000004,4.17876,910.2438,4163,83.26,0
2048,32,trunc,1,2,6,4,0.78983,0.75792,0.21016999999999997,4.18426,910.2438,4163,83.26,0
2048,32,trunc,1,2,7,0,0.87517,0.84966,0.12483,4.83988,825.7273,4163,83.26,0
2048,32,trunc,1,2,7,1,0.86075,0.81675,0.13924999999999998,4.84699,833.7452,4163,83.26,0
2048,32,trunc,1,2,7,2,0.83893,0.79332,0.16107000000000005,4.85275,906.367,4163,83.26,0
2048,32,trunc,1,2,7,3,0.82831,0.79083,0.17169,4.85848,910.2438,4163,83.26,0
2048,32,trunc,1,2,7,4,0.7924,0.7654,0.2076,4.86398,910.2438,4163,83.26,0
2048,32,trunc,1,2,8,0,0.8408,0.82149,0.1592,5.53228,974.6206,4163,83.26,0
2048,32,trunc,1,2,8,1,0.7807,0.75318,0.21930000000000005,5.53939,982.6385,4163,83.26,0
2048,32,trunc,1,2,8,2,0.80803,0.76589,0.19196999999999997,5.54515,1051.265,4163,83.26,0
2048,32,trunc,1,2,8,3,0.78342,0.7811,0.21658,5.55088,1053.9763,4163,83.26,0
2048,32,trunc,1,2,8,4,0.77008,0.77088,0.22992,5.55638,1053.9763,4163,83.26,0
2048,32,satcomp,2,0,8,0,0.87134,0.85889,0.12866,0.72104,47.1755,4163,83.26,1
2048,32,satcomp,2,1,2,0,0.85635,0.76415,0.14365000000000006,1.41026,723.6629,4163,83.26,0
2048,32,satcomp,2,1,2,1,0.85901,0.75193,0.14098999999999995,1.41737,724.4183,4163,83.26,0
2048,32,satcomp,2,1,2,2,0.86039,0.76315,0.13961,1.42312,794.8544,4163,83.26,0
2048,32,satcomp,2,1,2,3,0.84549,0.75517,0.15451000000000004,1.42886,806.3461,4163,83.26,0
2048,32,satcomp,2,1,2,4,0.81451,0.76988,0.18549000000000004,1.43435,806.3461,4163,83.26,0
2048,32,satcomp,2,1,3,0,0.85939,0.78908,0.14061,2.10262,723.6629,4163,83.26,0
2048,32,satcomp,2,1,3,1,0.84977,0.77736,0.15022999999999997,2.10973,724.4183,4163,83.26,0
2048,32,satcomp,2,1,3,2,0.84096,0.77562,0.15903999999999996,2.11549,794.8544,4163,83.26,0
2048,32,satcomp,2,1,3,3,0.81491,0.77387,0.18508999999999998,2.12122,806.3461,4163,83.26,0
2048,32,satcomp,2,1,3,4,0.79324,0.77636,0.20676000000000005,2.12672,806.3461,4163,83.26,0
2048,32,satcomp,2,1,4,0,0.84162,0.76963,0.15837999999999997,2.78208,722.5731,4163,83.26,0
2048,32,satcomp,2,1,4,1,0.84833,0.76814,0.15166999999999997,2.78919,723.3285,4163,83.26,0
2048,32,satcomp,2,1,4,2,0.80368,0.78409,0.19632000000000005,2.79494,791.278,4163,83.26,0
2048,32,satcomp,2,1,4,3,0.80649,0.77636,0.19350999999999996,2.80068,790.7836,4163,83.26,0
2048,32,satcomp,2,1,4,4,0.80734,0.7806,0.19266000000000005,2.80617,790.7836,4163,83.26,0
2048,32,satcomp,2,1,5,0,0.83618,0.77836,0.16381999999999997,3.46957,721.5283,4163,83.26,0
2048,32,satcomp,2,1,5,1,0.80575,0.77587,0.19425000000000003,3.47668,722.2837,4163,83.26,0
2048,32,satcomp,2,1,5,2,0.80378,0.77836,0.19621999999999995,3.48244,791.278,4163,83.26,0
2048,32,satcomp,2,1,5,3,0.79224,0.77562,0.20775999999999994,3.48817,790.7836,4163,83.26,0
2048,32,satcomp,2,1,5,4,0.7865,0.77088,0.21350000000000002,3.49367,790.7836,4163,83.26,0
2048,32,satcomp,2,1,6,0,0.80246,0.77537,0.19754000000000005,4.15648,716.6669,4163,83.26,0
2048,32,satcomp,2,1,6,1,0.7943,0.77512,0.2057,4.16359,717.4223,4163,83.26,0
2048,32,satcomp,2,1,6,2,0.80052,0.77836,0.19948,4.16935,786.4166,4163,83.26,0
2048,32,satcomp,2,1,6,3,0.79046,0.77587,0.20953999999999995,4.17508,785.9222,4163,83.26,0
2048,32,satcomp,2,1,6,4,0.7865,0.77088,0.21350000000000002,4.18058,785.9222,4163,83.26,0
2048,32,satcomp,2,1,7,0,0.79099,0.77487,0.20901000000000003,4.8362,716.6669,4163,83.26,0
2048,32,satcomp,2,1,7,1,0.79018,0.77537,0.20982,4.84332,717.4223,4163,83.26,0
2048,32,satcomp,2,1,7,2,0.80052,0.77836,0.19948,4.84907,786.4166,4163,83.26,0
2048,32,satcomp,2,1,7,3,0.79046,0.77587,0.20953999999999995,4.85481,785.9222,4163,83.26,0
2048,32,satcomp,2,1,7,4,0.7865,0.77088,0.21350000000000002,4.8603,785.9222,4163,83.26,0
2048,32,satcomp,2,1,8,0,0.78745,0.77487,0.21255000000000002,5.52861,864.0594,4163,83.26,0
2048,32,satcomp,2,1,8,1,0.79018,0.77537,0.20982,5.53572,864.8148,4163,83.26,0
2048,32,satcomp,2,1,8,2,0.80052,0.77836,0.19948,5.54147,929.8138,4163,83.26,0
2048,32,satcomp,2,1,8,3,0.79046,0.77587,0.20953999999999995,5.54721,928.1539,4163,83.26,0
2048,32,satcomp,2,1,8,4,0.7865,0.77088,0.21350000000000002,5.5527,928.1539,4163,83.26,0
2048,32,satcomp,2,2,2,0,0.31885,0.34131,0.6811499999999999,1.41026,782.8099,4163,83.26,0
2048,32,satcomp,2,2,2,1,0.30783,0.32087,0.69217,1.41737,783.5653,4163,83.26,0
2048,32,satcomp,2,2,2,2,0.36286,0.43505,0.63714,1.42312,849.8988,4163,83.26,0
2048,32,satcomp,2,2,2,3,0.49997,0.53652,0.50003,1.42886,860.1323,4163,83.26,0
2048,32,satcomp,2,2,2,4,0.57277,0.57268,0.42723,1.43435,860.1323,4163,83.26,0
2048,32,satcomp,2,2,3,0,0.37643,0.39417,0.62357,2.10262,782.8099,4163,83.26,0
2048,32,satcomp,2,2,3,1,0.55408,0.43406,0.44592,2.10973,783.5653,4163,83.26,0
2048,32,satcomp,2,2,3,2,0.6295,0.50711,0.37050000000000005,2.11549,849.8988,4163,83.26,0
2048,32,satcomp,2,2,3,3,0.67832,0.60982,0.32167999999999997,2.12122,860.1323,4163,83.26,0
2048,32,satcomp,2,2,3,4,0.67003,0.6734,0.32997,2.12672,860.1323,4163,83.26,0
2048,32,satcomp,2,2,4,0,0.73402,0.53752,0.26598,2.78208,779.7755,4163,83.26,0
2048,32,satcomp,2,2,4,1,0.65708,0.65246,0.34292,2.78919,780.5309,4163,83.26,0
2048,32,satcomp,2,2,4,2,0.69391,0.74221,0.30609,2.79494,844.3779,4163,83.26,0
2048,32,satcomp,2,2,4,3,0.80064,0.76689,0.19935999999999998,2.80068,842.6253,4163,83.26,0
2048,32,satcomp,2,2,4,4,0.80051,0.78983,0.19948999999999995,2.80617,842.6253,4163,83.26,0
2048,32,satcomp,2,2,5,0,0.88891,0.8554,0.11109000000000002,3.46957,778.7307,4163,83.26,0
2048,32,satcomp,2,2,5,1,0.777,0.73099,0.22299999999999998,3.47668,779.486,4163,83.26,0
2048,32,satcomp,2,2,5,2,0.82922,0.84169,0.17078000000000004,3.48244,844.3779,4163,83.26,0
2048,32,satcomp,2,2,5,3,0.85775,0.82448,0.14225,3.48817,842.6253,4163,83.26,0
2048,32,satcomp,2,2,5,4,0.87567,0.85739,0.12433000000000005,3.49367,842.6253,4163,83.26,0
2048,32,satcomp,2,2,6,0,0.91849,0.88133,0.08150999999999997,4.15648,773.8693,4163,83.26,1
2048,32,satcomp,2,2,6,1,0.89406,0.86188,0.10594000000000003,4.16359,774.6246,4163,83.26,0
2048,32,satcomp,2,2,6,2,0.90315,0.84792,0.09684999999999999,4.16935,839.5165,4163,83.26,0
2048,32,satcomp,2,2,6,3,0.88546,0.85864,0.11453999999999998,4.17508,837.7639,4163,83.26,0
2048,32,satcomp,2,2,6,4,0.88054,0.84592,0.11946000000000001,4.18058,837.7639,4163,83.26,0
2048,32,satcomp,2,2,7,0,0.91651,0.85365,0.08348999999999995,4.8362,773.8693,4163,83.26,0
2048,32,satcomp,2,2,7,1,0.88052,0.8554,0.11948000000000003,4.84332,774.6246,4163,83.26,0
2048,32,satcomp,2,2,7,2,0.86756,0.84941,0.13244,4.84907,839.5165,4163,83.26,0
2048,32,satcomp,2,2,7,3,0.8762,0.84892,0.12380000000000002,4.85481,837.7639,4163,83.26,0
2048,32,satcomp,2,2,7,4,0.87144,0.84418,0.12856,4.8603,837.7639,4163,83.26,0
2048,32,satcomp,2,2,8,0,0.91111,0.86163,0.08889000000000002,5.52861,921.2618,4163,83.26,0
2048,32,satcomp,2,2,8,1,0.88962,0.85041,0.11038000000000003,5.53572,922.0171,4163,83.26,0
2048,32,satcomp,2,2,8,2,0.87944,0.85066,0.12056,5.54147,982.9137,4163,83.26,0
2048,32,satcomp,2,2,8,3,0.88019,0.85016,0.11980999999999997,5.54721,979.9956,4163,83.26,0
2048,32,satcomp,2,2,8,4,0.85628,0.83994,0.14371999999999996,5.5527,979.9956,4163,83.26,0
2048,32,satcomp,3,0,8,0,0.87046,0.85864,0.12954,0.72549,47.1755,4163,83.26,0
2048,32,satcomp,3,1,2,0,0.85635,0.7644,0.14365000000000006,1.4147,723.6629,4163,83.26,0
2048,32,satcomp,3,1,2,1,0.85901,0.75143,0.14098999999999995,1.42181,724.4183,4163,83.26,0
2048,32,satcomp,3,1,2,2,0.86039,0.7629,0.13961,1.42757,794.8544,4163,83.26,0
2048,32,satcomp,3,1,2,3,0.84549,0.75517,0.15451000000000004,1.4333,806.3461,4163,83.26,0
2048,32,satcomp,3,1,2,4,0.81349,0.77063,0.18650999999999995,1.4388,806.3461,4163,83.26,0
2048,32,satcomp,3,1,3,0,0.85853,0.78908,0.14146999999999998,2.10706,723.6629,4163,83.26,0
2048,32,satcomp,3,1,3,1,0.85062,0.77736,0.14937999999999996,2.11417,724.4183,4163,83.26,0
2048,32,satcomp,3,1,3,2,0.84096,0.77562,0.15903999999999996,2.11993,794.8544,4163,83.26,0
2048,32,satcomp,3,1,3,3,0.81577,0.77387,0.18423,2.12566,806.3461,4163,83.26,0
2048,32,satcomp,3,1,3,4,0.79222,0.77661,0.20777999999999996,2.13116,806.3461,4163,83.26,0
2048,32,satcomp,3,1,4,0,0.84162,0.76963,0.15837999999999997,2.78652,722.5731,4163,83.26,0
2048,32,satcomp,3,1,4,1,0.84833,0.76814,0.15166999999999997,2.79363,723.3285,4163,83.26,0
2048,32,satcomp,3,1,4,2,0.80368,0.78459,0.19632000000000005,2.79939,791.278,4163,83.26,0
2048,32,satcomp,3,1,4,3,0.80649,0.77661,0.19350999999999996,2.80512,790.7836,4163,83.26,0
2048,32,satcomp,3,1,4,4,0.80734,0.7806,0.19266000000000005,2.81062,790.7836,4163,83.26,0
2048,32,satcomp,3,1,5,0,0.83618,0.77836,0.16381999999999997,3.47402,721.5283,4163,83.26,0
2048,32,satcomp,3,1,5,1,0.80575,0.77587,0.19425000000000003,3.48113,722.2837,4163,83.26,0
2048,32,satcomp,3,1,5,2,0.8048,0.77836,0.19520000000000004,3.48688,791.278,4163,83.26,0
2048,32,satcomp,3,1,5,3,0.79224,0.77562,0.20775999999999994,3.49262,790.7836,4163,83.26,0
2048,32,satcomp,3,1,5,4,0.7865,0.77088,0.21350000000000002,3.49811,790.7836,4163,83.26,0
2048,32,satcomp,3,1,6,0,0.80246,0.77537,0.19754000000000005,4.16093,716.6669,4163,83.26,0
2048,32,satcomp,3,1,6,1,0.7943,0.77512,0.2057,4.16804,717.4223,4163,83.26,0
2048,32,satcomp,3,1,6,2,0.80052,0.77836,0.19948,4.17379,786.4166,4163,83.26,0
2048,32,satcomp,3,1,6,3,0.79148,0.77612,0.20852000000000004,4.17953,785.9222,4163,83.26,0
2048,32,satcomp,3,1,6,4,0.7865,0.77088,0.21350000000000002,4.18502,785.9222,4163,83.26,0
2048,32,satcomp,3,1,7,0,0.78998,0.77487,0.21001999999999998,4.84065,716.6669,4163,83.26,0
2048,32,satcomp,3,1,7,1,0.79119,0.77537,0.20881000000000005,4.84776,717.4223,4163,83.26,0
2048,32,satcomp,3,1,7,2,0.80052,0.77836,0.19948,4.85351,786.4166,4163,83.26,0
2048,32,satcomp,3,1,7,3,0.79148,0.77612,0.20852000000000004,4.85925,785.9222,4163,83.26,0
2048,32,satcomp,3,1,7,4,0.7865,0.77088,0.21350000000000002,4.86474,785.9222,4163,83.26,0
2048,32,satcomp,3,1,8,0,0.78643,0.77487,0.21357000000000004,5.53305,864.0594,4163,83.26,0
2048,32,satcomp,3,1,8,1,0.79119,0.77537,0.20881000000000005,5.54016,864.8148,4163,83.26,0
2048,32,satcomp,3,1,8,2,0.80052,0.77836,0.19948,5.54592,929.8138,4163,83.26,0
2048,32,satcomp,3,1,8,3,0.79148,0.77612,0.20852000000000004,5.55165,928.1539,4163,83.26,0
2048,32,satcomp,3,1,8,4,0.7865,0.77088,0.21350000000000002,5.55715,928.1539,4163,83.26,0
2048,32,satcomp,3,2,2,0,0.32725,0.31937,0.67275,1.4147,782.8099,4163,83.26,0
2048,32,satcomp,3,2,2,1,0.31675,0.31314,0.68325,1.42181,783.5653,4163,83.26,0
2048,32,satcomp,3,2,2,2,0.4109,0.39466,0.5891,1.42757,849.8988,4163,83.26,0
2048,32,satcomp,3,2,2,3,0.4841,0.51184,0.5159,1.4333,860.1323,4163,83.26,0
2048,32,satcomp,3,2,2,4,0.59763,0.55348,0.40237,1.4388,860.1323,4163,83.26,0
2048,32,satcomp,3,2,3,0,0.36358,0.38968,0.63642,2.10706,782.8099,4163,83.26,0
2048,32,satcomp,3,2,3,1,0.51012,0.59312,0.48988,2.11417,783.5653,4163,83.26,0
2048,32,satcomp,3,2,3,2,0.60089,0.6188,0.39910999999999996,2.11993,849.8988,4163,83.26,0
2048,32,satcomp,3,2,3,3,0.73178,0.77636,0.26822,2.12566,860.1323,4163,83.26,0
2048,32,satcomp,3,2,3,4,0.7246,0.70282,0.2754,2.13116,860.1323,4163,83.26,0
2048,32,satcomp,3,2,4,0,0.67007,0.5814,0.32992999999999995,2.78652,779.7755,4163,83.26,0
2048,32,satcomp,3,2,4,1,0.74387,0.72825,0.25612999999999997,2.79363,780.5309,4163,83.26,0
2048,32,satcomp,3,2,4,2,0.77143,0.76465,0.22857000000000005,2.79939,844.3779,4163,83.26,0
2048,32,satcomp,3,2,4,3,0.79544,0.80703,0.20455999999999996,2.80512,842.6253,4163,83.26,0
2048,32,satcomp,3,2,4,4,0.83184,0.82324,0.16815999999999998,2.81062,842.6253,4163,83.26,0
2048,32,satcomp,3,2,5,0,0.88423,0.8367,0.11577000000000004,3.47402,778.7307,4163,83.26,0
2048,32,satcomp,3,2,5,1,0.82462,0.76265,0.17537999999999998,3.48113,779.486,4163,83.26,0
2048,32,satcomp,3,2,5,2,0.84976,0.83495,0.15024000000000004,3.48688,844.3779,4163,83.26,0
2048,32,satcomp,3,2,5,3,0.87355,0.84094,0.12644999999999995,3.49262,842.6253,4163,83.26,0
2048,32,satcomp,3,2,5,4,0.86335,0.83595,0.13665000000000005,3.49811,842.6253,4163,83.26,0
2048,32,satcomp,3,2,6,0,0.91271,0.86736,0.08728999999999998,4.16093,773.8693,4163,83.26,0
2048,32,satcomp,3,2,6,1,0.88739,0.84293,0.11260999999999999,4.16804,774.6246,4163,83.26,0
2048,32,satcomp,3,2,6,2,0.89973,0.86537,0.10026999999999997,4.17379,839.5165,4163,83.26,0
2048,32,satcomp,3,2,6,3,0.88921,0.83495,0.11079000000000006,4.17953,837.7639,4163,83.26,0
2048,32,satcomp,3,2,6,4,0.86548,0.83919,0.13451999999999997,4.18502,837.7639,4163,83.26,0
2048,32,satcomp,3,2,7,0,0.90406,0.86537,0.09594000000000003,4.84065,773.8693,4163,83.26,0
2048,32,satcomp,3,2,7,1,0.88827,0.83695,0.11173,4.84776,774.6246,4163,83.26,0
2048,32,satcomp,3,2,7,2,0.88117,0.85789,0.11882999999999999,4.85351,839.5165,4163,83.26,0
2048,32,satcomp,3,2,7,3,0.89527,0.8539,0.10472999999999999,4.85925,837.7639,4163,83.26,0
2048,32,satcomp,3,2,7,4,0.85144,0.84518,0.14856000000000003,4.86474,837.7639,4163,83.26,0
2048,32,satcomp,3,2,8,0,0.90881,0.86437,0.09119,5.53305,921.2618,4163,83.26,0
2048,32,satcomp,3,2,8,1,0.88368,0.85515,0.11631999999999998,5.54016,922.0171,4163,83.26,0
2048,32,satcomp,3,2,8,2,0.86896,0.84792,0.13104000000000005,5.54592,982.9137,4163,83.26,0
2048,32,satcomp,3,2,8,3,0.87697,0.83495,0.12302999999999997,5.55165,979.9956,4163,83.26,0
2048,32,satcomp,3,2,8,4,0.85347,0.84169,0.14653000000000005,5.55715,979.9956,4163,83.26,0
2048,32,sampled,4,0,8,0,0.82986,0.817,0.17013999999999996,0.72694,74.7984,2115,42.3,0
2048,32,sampled,4,1,2,0,0.84451,0.72949,0.15549000000000002,1.41615,775.9136,2115,42.3,0
2048,32,sampled,4,1,2,1,0.83752,0.73049,0.16247999999999996,1.42326,783.9315,2115,42.3,0
2048,32,sampled,4,1,2,2,0.83768,0.72974,0.16232000000000002,1.42902,862.7587,2115,42.3,0
2048,32,sampled,4,1,2,3,0.83939,0.74445,0.16061000000000003,1.43475,879.8798,2115,42.3,0
2048,32,sampled,4,1,2,4,0.7796,0.72476,0.22040000000000004,1.44025,879.8798,2115,42.3,0
2048,32,sampled,4,1,3,0,0.84419,0.75941,0.15581,2.10852,775.9136,2115,42.3,0
2048,32,sampled,4,1,3,1,0.83226,0.7472,0.16774,2.11563,783.9315,2115,42.3,0
2048,32,sampled,4,1,3,2,0.8284,0.75143,0.17159999999999997,2.12138,862.7587,2115,42.3,0
2048,32,sampled,4,1,3,3,0.81446,0.74819,0.18554000000000004,2.12712,879.8798,2115,42.3,0
2048,32,sampled,4,1,3,4,0.77455,0.72949,0.22545000000000004,2.13261,879.8798,2115,42.3,0
2048,32,sampled,4,1,4,0,0.82619,0.74769,0.17381000000000002,2.78797,778.8627,2115,42.3,0
2048,32,sampled,4,1,4,1,0.82395,0.75268,0.17605000000000004,2.79509,786.8806,2115,42.3,0
2048,32,sampled,4,1,4,2,0.79366,0.75642,0.20633999999999997,2.80084,863.2212,2115,42.3,0
2048,32,sampled,4,1,4,3,0.78546,0.76091,0.21453999999999995,2.80658,868.3561,2115,42.3,0
2048,32,sampled,4,1,4,4,0.75505,0.74296,0.24495,2.81207,868.3561,2115,42.3,0
2048,32,sampled,4,1,5,0,0.82586,0.75019,0.17413999999999996,3.47547,777.8178,2115,42.3,0
2048,32,sampled,4,1,5,1,0.79414,0.75093,0.20586000000000004,3.48258,785.8357,2115,42.3,0
2048,32,sampled,4,1,5,2,0.76983,0.75767,0.23016999999999999,3.48834,863.2212,2115,42.3,0
2048,32,sampled,4,1,5,3,0.76647,0.76091,0.23353000000000002,3.49407,868.3561,2115,42.3,0
2048,32,sampled,4,1,5,4,0.748,0.74196,0.252,3.49957,868.3561,2115,42.3,0
2048,32,sampled,4,1,6,0,0.78355,0.75318,0.21645000000000003,4.16238,776.0249,2115,42.3,0
2048,32,sampled,4,1,6,1,0.7738,0.74595,0.22619999999999996,4.16949,784.0428,2115,42.3,0
2048,32,sampled,4,1,6,2,0.76269,0.75567,0.23731000000000002,4.17525,861.4283,2115,42.3,0
2048,32,sampled,4,1,6,3,0.76264,0.76091,0.23736000000000002,4.18098,866.5632,2115,42.3,0
2048,32,sampled,4,1,6,4,0.748,0.74196,0.252,4.18648,866.5632,2115,42.3,0
2048,32,sampled,4,1,7,0,0.76419,0.75093,0.23580999999999996,4.8421,776.0249,2115,42.3,0
2048,32,sampled,4,1,7,1,0.76938,0.74595,0.23062000000000005,4.84921,784.0428,2115,42.3,0
2048,32,sampled,4,1,7,2,0.76269,0.75567,0.23731000000000002,4.85497,861.4283,2115,42.3,0
2048,32,sampled,4,1,7,3,0.76264,0.76091,0.23736000000000002,4.8607,866.5632,2115,42.3,0
2048,32,sampled,4,1,7,4,0.748,0.74196,0.252,4.8662,866.5632,2115,42.3,0
2048,32,sampled,4,1,8,0,0.76153,0.75093,0.23846999999999996,5.5345,924.9182,2115,42.3,0
2048,32,sampled,4,1,8,1,0.76938,0.74595,0.23062000000000005,5.54161,932.9361,2115,42.3,0
2048,32,sampled,4,1,8,2,0.76269,0.75567,0.23731000000000002,5.54737,1006.3263,2115,42.3,0
2048,32,sampled,4,1,8,3,0.76264,0.76091,0.23736000000000002,5.5531,1010.2958,2115,42.3,0
2048,32,sampled,4,1,8,4,0.748,0.74196,0.252,5.5586,1010.2958,2115,42.3,0
2048,32,sampled,4,2,2,0,0.32736,0.31538,0.67264,1.41615,835.0606,2115,42.3,0
2048,32,sampled,4,2,2,1,0.31499,0.33084,0.68501,1.42326,843.0785,2115,42.3,0
2048,32,sampled,4,2,2,2,0.40868,0.48168,0.5913200000000001,1.42902,917.8032,2115,42.3,0
2048,32,sampled,4,2,2,3,0.46416,0.52605,0.53584,1.43475,933.666,2115,42.3,0
2048,32,sampled,4,2,2,4,0.55625,0.59013,0.44375,1.44025,933.666,2115,42.3,0
2048,32,sampled,4,2,3,0,0.36811,0.33932,0.6318900000000001,2.10852,835.0606,2115,42.3,0
2048,32,sampled,4,2,3,1,0.5426,0.453,0.45740000000000003,2.11563,843.0785,2115,42.3,0
2048,32,sampled,4,2,3,2,0.54806,0.6547,0.45194,2.12138,917.8032,2115,42.3,0
2048,32,sampled,4,2,3,3,0.62749,0.66318,0.37251,2.12712,933.666,2115,42.3,0
2048,32,sampled,4,2,3,4,0.69431,0.71379,0.30569,2.13261,933.666,2115,42.3,0
2048,32,sampled,4,2,4,0,0.67098,0.44577,0.32902,2.78797,836.065,2115,42.3,0
2048,32,sampled,4,2,4,1,0.71038,0.74994,0.28962,2.79509,844.0829,2115,42.3,0
2048,32,sampled,4,2,4,2,0.77189,0.72401,0.22811000000000003,2.80084,916.3211,2115,42.3,0
2048,32,sampled,4,2,4,3,0.74018,0.76639,0.25982000000000005,2.80658,920.1978,2115,42.3,0
2048,32,sampled,4,2,4,4,0.78559,0.77711,0.21441,2.81207,920.1978,2115,42.3,0
2048,32,sampled,4,2,5,0,0.77986,0.81675,0.22014,3.47547,835.0202,2115,42.3,0
2048,32,sampled,4,2,5,1,0.79774,0.77736,0.20226,3.48258,843.0381,2115,42.3,0
2048,32,sampled,4,2,5,2,0.83754,0.79382,0.16246000000000005,3.48834,916.3211,2115,42.3,0
2048,32,sampled,4,2,5,3,0.84702,0.78484,0.15298,3.49407,920.1978,2115,42.3,0
2048,32,sampled,4,2,5,4,0.82455,0.79407,0.17545,3.49957,920.1978,2115,42.3,0
2048,32,sampled,4,2,6,0,0.89259,0.85889,0.10741,4.16238,833.2273,2115,42.3,0
2048,32,sampled,4,2,6,1,0.83582,0.82747,0.16418,4.16949,841.2452,2115,42.3,0
2048,32,sampled,4,2,6,2,0.87129,0.84717,0.12871,4.17525,914.5282,2115,42.3,0
2048,32,sampled,4,2,6,3,0.83804,0.80952,0.16196,4.18098,918.4049,2115,42.3,0
2048,32,sampled,4,2,6,4,0.8339,0.7988,0.16610000000000003,4.18648,918.4049,2115,42.3,0
2048,32,sampled,4,2,7,0,0.89306,0.84966,0.10694000000000004,4.8421,833.2273,2115,42.3,0
2048,32,sampled,4,2,7,1,0.8723,0.82598,0.12770000000000004,4.84921,841.2452,2115,42.3,0
2048,32,sampled,4,2,7,2,0.86867,0.81202,0.13132999999999995,4.85497,914.5282,2115,42.3,0
2048,32,sampled,4,2,7,3,0.83836,0.82124,0.16164,4.8607,918.4049,2115,42.3,0
2048,32,sampled,4,2,7,4,0.83644,0.82448,0.16356000000000004,4.8662,918.4049,2115,42.3,0
2048,32,sampled,4,2,8,0,0.86531,0.84268,0.13468999999999998,5.5345,982.1206,2115,42.3,0
2048,32,sampled,4,2,8,1,0.86349,0.80853,0.13651000000000002,5.54161,990.1385,2115,42.3,0
2048,32,sampled,4,2,8,2,0.83767,0.82149,0.16232999999999997,5.54737,1059.4262,2115,42.3,0
2048,32,sampled,4,2,8,3,0.83339,0.80753,0.16661000000000004,5.5531,1062.1375,2115,42.3,0
2048,32,sampled,4,2,8,4,0.81721,0.80853,0.18279,5.5586,1062.1375,2115,42.3,0
2048,64,exact,0,0,8,0,0.87046,0.85864,0.12954,0.79104,61.348,2083,41.66,0
2048,64,exact,0,1,2,0,0.85635,0.7644,0.14365000000000006,1.50869,763.5953,2083,41.66,0
2048,64,exact,0,1,2,1,0.85901,0.75143,0.14098999999999995,1.52133,771.6132,2083,41.66,0
2048,64,exact,0,1,2,2,0.86039,0.7629,0.13961,1.53311,871.2313,2083,41.66,0
2048,64,exact,0,1,2,3,0.84549,0.75517,0.15451000000000004,1.54367,893.0209,2083,41.66,0
2048,64,exact,0,1,2,4,0.81349,0.77063,0.18650999999999995,1.55651,893.0209,2083,41.66,0
2048,64,exact,0,1,3,0,0.85853,0.78908,0.14146999999999998,2.23243,763.5953,2083,41.66,0
2048,64,exact,0,1,3,1,0.85062,0.77736,0.14937999999999996,2.24507,771.6132,2083,41.66,0
2048,64,exact,0,1,3,2,0.84096,0.77562,0.15903999999999996,2.25685,871.2313,2083,41.66,0
2048,64,exact,0,1,3,3,0.81577,0.77387,0.18423,2.26741,893.0209,2083,41.66,0
2048,64,exact,0,1,3,4,0.79222,0.77661,0.20777999999999996,2.28026,893.0209,2083,41.66,0
2048,64,exact,0,1,4,0,0.84162,0.76963,0.15837999999999997,2.93097,759.7661,2083,41.66,0
2048,64,exact,0,1,4,1,0.84833,0.76814,0.15166999999999997,2.94361,767.784,2083,41.66,0
2048,64,exact,0,1,4,2,0.80368,0.78459,0.19632000000000005,2.95539,864.9155,2083,41.66,0
2048,64,exact,0,1,4,3,0.80649,0.77661,0.19350999999999996,2.96595,874.719,2083,41.66,0
2048,64,exact,0,1,4,4,0.80734,0.7806,0.19266000000000005,2.9788,874.719,2083,41.66,0
2048,64,exact,0,1,5,0,0.83618,0.77836,0.16381999999999997,3.64542,758.7212,2083,41.66,0
2048,64,exact,0,1,5,1,0.80575,0.77587,0.19425000000000003,3.65807,766.7391,2083,41.66,0
2048,64,exact,0,1,5,2,0.8048,0.77836,0.19520000000000004,3.66985,864.9155,2083,41.66,0
2048,64,exact,0,1,5,3,0.79224,0.77562,0.20775999999999994,3.6804,874.719,2083,41.66,0
2048,64,exact,0,1,5,4,0.7865,0.77088,0.21350000000000002,3.69325,874.719,2083,41.66,0
2048,64,exact,0,1,6,0,0.80246,0.77537,0.19754000000000005,4.35838,756.9283,2083,41.66,0
2048,64,exact,0,1,6,1,0.7943,0.77512,0.2057,4.37103,764.9462,2083,41.66,0
2048,64,exact,0,1,6,2,0.80052,0.77836,0.19948,4.38281,863.1226,2083,41.66,0
2048,64,exact,0,1,6,3,0.79148,0.77612,0.20852000000000004,4.39336,872.9261,2083,41.66,0
2048,64,exact,0,1,6,4,0.7865,0.77088,0.21350000000000002,4.40621,872.9261,2083,41.66,0
2048,64,exact,0,1,7,0,0.78998,0.77487,0.21001999999999998,5.05658,756.9283,2083,41.66,0
2048,64,exact,0,1,7,1,0.79119,0.77537,0.20881000000000005,5.06922,764.9462,2083,41.66,0
2048,64,exact,0,1,7,2,0.80052,0.77836,0.19948,5.081,863.1226,2083,41.66,0
2048,64,exact,0,1,7,3,0.79148,0.77612,0.20852000000000004,5.09156,872.9261,2083,41.66,0
2048,64,exact,0,1,7,4,0.7865,0.77088,0.21350000000000002,5.10441,872.9261,2083,41.66,0
2048,64,exact,0,1,8,0,0.78643,0.77487,0.21357000000000004,5.77928,893.104,2083,41.66,0
2048,64,exact,0,1,8,1,0.79119,0.77537,0.20881000000000005,5.79192,901.1219,2083,41.66,0
2048,64,exact,0,1,8,2,0.80052,0.77836,0.19948,5.8037,995.303,2083,41.66,0
2048,64,exact,0,1,8,3,0.79148,0.77612,0.20852000000000004,5.81425,1003.941,2083,41.66,0
2048,64,exact,0,1,8,4,0.7865,0.77088,0.21350000000000002,5.8271,1003.941,2083,41.66,0
2048,64,exact,0,2,2,0,0.32725,0.31937,0.67275,1.50869,818.8108,2083,41.66,0
2048,64,exact,0,2,2,1,0.35511,0.3286,0.64489,1.52133,826.8287,2083,41.66,0
2048,64,exact,0,2,2,2,0.43071,0.38719,0.5692900000000001,1.53311,922.3443,2083,41.66,0
2048,64,exact,0,2,2,3,0.50821,0.52705,0.49178999999999995,1.54367,942.8757,2083,41.66,0
2048,64,exact,0,2,2,4,0.59723,0.53478,0.40276999999999996,1.55651,942.8757,2083,41.66,0
2048,64,exact,0,2,3,0,0.36358,0.38968,0.63642,2.23243,818.8108,2083,41.66,0
2048,64,exact,0,2,3,1,0.51559,0.45974,0.48441,2.24507,826.8287,2083,41.66,0
2048,64,exact,0,2,3,2,0.64847,0.62977,0.35153,2.25685,922.3443,2083,41.66,0
2048,64,exact,0,2,3,3,0.73137,0.65221,0.26863000000000004,2.26741,942.8757,2083,41.66,0
2048,64,exact,0,2,3,4,0.76493,0.69783,0.23507,2.28026,942.8757,2083,41.66,0
2048,64,exact,0,2,4,0,0.67007,0.5814,0.32992999999999995,2.93097,813.0369,2083,41.66,0
2048,64,exact,0,2,4,1,0.68253,0.64722,0.31747000000000003,2.94361,821.0548,2083,41.66,0
2048,64,exact,0,2,4,2,0.69947,0.69434,0.30052999999999996,2.95539,914.0839,2083,41.66,0
2048,64,exact,0,2,4,3,0.80374,0.78758,0.19626,2.96595,922.6292,2083,41.66,0
2048,64,exact,0,2,4,4,0.84492,0.82997,0.15508,2.9788,922.6292,2083,41.66,0
2048,64,exact,0,2,5,0,0.88423,0.8367,0.11577000000000004,3.64542,811.9921,2083,41.66,0
2048,64,exact,0,2,5,1,0.81213,0.81177,0.18786999999999998,3.65807,820.01,2083,41.66,0
2048,64,exact,0,2,5,2,0.84976,0.83495,0.15024000000000004,3.66985,914.0839,2083,41.66,0
2048,64,exact,0,2,5,3,0.87355,0.84094,0.12644999999999995,3.6804,922.6292,2083,41.66,0
2048,64,exact,0,2,5,4,0.86335,0.83595,0.13665000000000005,3.69325,922.6292,2083,41.66,0
2048,64,exact,0,2,6,0,0.91271,0.86736,0.08728999999999998,4.35838,810.1992,2083,41.66,0
2048,64,exact,0,2,6,1,0.88739,0.84293,0.11260999999999999,4.37103,818.2171,2083,41.66,0
2048,64,exact,0,2,6,2,0.89973,0.86537,0.10026999999999997,4.38281,912.291,2083,41.66,0
2048,64,exact,0,2,6,3,0.88921,0.83495,0.11079000000000006,4.39336,920.8363,2083,41.66,0
2048,64,exact,0,2,6,4,0.86548,0.83919,0.13451999999999997,4.40621,920.8363,2083,41.66,0
2048,64,exact,0,2,7,0,0.90406,0.86537,0.09594000000000003,5.05658,810.1992,2083,41.66,0
2048,64,exact,0,2,7,1,0.88827,0.83695,0.11173,5.06922,818.2171,2083,41.66,0
2048,64,exact,0,2,7,2,0.88117,0.85789,0.11882999999999999,5.081,912.291,2083,41.66,0
2048,64,exact,0,2,7,3,0.89527,0.8539,0.10472999999999999,5.09156,920.8363,2083,41.66,0
2048,64,exact,0,2,7,4,0.85144,0.84518,0.14856000000000003,5.10441,920.8363,2083,41.66,0
2048,64,exact,0,2,8,0,0.90881,0.86437,0.09119,5.77928,946.3749,2083,41.66,0
2048,64,exact,0,2,8,1,0.88368,0.85515,0.11631999999999998,5.79192,954.3928,2083,41.66,0
2048,64,exact,0,2,8,2,0.86896,0.84792,0.13104000000000005,5.8037,1044.4714,2083,41.66,0
2048,64,exact,0,2,8,3,0.87697,0.83495,0.12302999999999997,5.81425,1051.8513,2083,41.66,0
2048,64,exact,0,2,8,4,0.85347,0.84169,0.14653000000000005,5.8271,1051.8513,2083,41.66,0
2048,64,trunc,1,0,8,0,0.75758,0.72825,0.24241999999999997,0.78821,62.0091,2083,41.66,0
2048,64,trunc,1,1,2,0,0.84809,0.64647,0.15191,1.50586,764.2565,2083,41.66,0
2048,64,trunc,1,1,2,1,0.8373,0.66642,0.16269999999999996,1.5185,772.2744,2083,41.66,0
2048,64,trunc,1,1,2,2,0.84241,0.66692,0.15759,1.53028,871.2313,2083,41.66,0
2048,64,trunc,1,1,2,3,0.83223,0.69658,0.16776999999999997,1.54084,893.0209,2083,41.66,0
2048,64,trunc,1,1,2,4,0.79483,0.68287,0.20516999999999996,1.55369,893.0209,2083,41.66,0
2048,64,trunc,1,1,3,0,0.84786,0.70057,0.15214000000000005,2.2296,764.2565,2083,41.66,0
2048,64,trunc,1,1,3,1,0.83932,0.69559,0.16068000000000005,2.24224,772.2744,2083,41.66,0
2048,64,trunc,1,1,3,2,0.81691,0.68512,0.18308999999999997,2.25402,871.2313,2083,41.66,0
2048,64,trunc,1,1,3,3,0.81273,0.67789,0.18727000000000005,2.26458,893.0209,2083,41.66,0
2048,64,trunc,1,1,3,4,0.75251,0.67489,0.24749,2.27743,893.0209,2083,41.66,0
2048,64,trunc,1,1,4,0,0.83872,0.66891,0.16127999999999998,2.92814,760.4272,2083,41.66,0
2048,64,trunc,1,1,4,1,0.80461,0.67215,0.19538999999999995,2.94078,768.4451,2083,41.66,0
2048,64,trunc,1,1,4,2,0.77783,0.67739,0.22216999999999998,2.95256,864.9155,2083,41.66,0
2048,64,trunc,1,1,4,3,0.74737,0.67838,0.25263,2.96312,874.719,2083,41.66,0
2048,64,trunc,1,1,4,4,0.72752,0.67863,0.27248000000000006,2.97597,874.719,2083,41.66,0
2048,64,trunc,1,1,5,0,0.80621,0.67091,0.19379000000000002,3.6426,759.3824,2083,41.66,0
2048,64,trunc,1,1,5,1,0.75048,0.67115,0.24951999999999996,3.65524,767.4003,2083,41.66,0
2048,64,trunc,1,1,5,2,0.72222,0.67988,0.27778,3.66702,864.9155,2083,41.66,0
2048,64,trunc,1,1,5,3,0.72893,0.68362,0.27107000000000003,3.67758,874.719,2083,41.66,0
2048,64,trunc,1,1,5,4,0.72281,0.67564,0.27719000000000005,3.69043,874.719,2083,41.66,0
2048,64,trunc,1,1,6,0,0.74214,0.67115,0.25786,4.35556,757.5895,2083,41.66,0
2048,64,trunc,1,1,6,1,0.72271,0.66916,0.27729000000000004,4.3682,765.6074,2083,41.66,0
2048,64,trunc,1,1,6,2,0.71893,0.67863,0.28107000000000004,4.37998,863.1226,2083,41.66,0
2048,64,trunc,1,1,6,3,0.72979,0.68337,0.27020999999999995,4.39054,872.9261,2083,41.66,0
2048,64,trunc,1,1,6,4,0.72281,0.67564,0.27719000000000005,4.40339,872.9261,2083,41.66,0
2048,64,trunc,1,1,7,0,0.71654,0.66966,0.28346000000000005,5.05376,757.5895,2083,41.66,0
2048,64,trunc,1,1,7,1,0.71651,0.66941,0.28349,5.0664,765.6074,2083,41.66,0
2048,64,trunc,1,1,7,2,0.71893,0.67863,0.28107000000000004,5.07818,863.1226,2083,41.66,0
2048,64,trunc,1,1,7,3,0.72979,0.68337,0.27020999999999995,5.08873,872.9261,2083,41.66,0
2048,64,trunc,1,1,7,4,0.72281,0.67564,0.27719000000000005,5.10158,872.9261,2083,41.66,0
2048,64,trunc,1,1,8,0,0.71477,0.66966,0.28523,5.77645,893.7652,2083,41.66,0
2048,64,trunc,1,1,8,1,0.71651,0.66941,0.28349,5.78909,901.7831,2083,41.66,0
2048,64,trunc,1,1,8,2,0.71893,0.67863,0.28107000000000004,5.80087,995.303,2083,41.66,0
2048,64,trunc,1,1,8,3,0.72979,0.68337,0.27020999999999995,5.81143,1003.941,2083,41.66,0
2048,64,trunc,1,1,8,4,0.72281,0.67564,0.27719000000000005,5.82428,1003.941,2083,41.66,0
2048,64,trunc,1,2,2,0,0.32219,0.29245,0.67781,1.50586,819.4719,2083,41.66,0
2048,64,trunc,1,2,2,1,0.28169,0.32959,0.71831,1.5185,827.4898,2083,41.66,0
2048,64,trunc,1,2,2,2,0.35129,0.33458,0.64871,1.53028,922.3443,2083,41.66,0
2048,64,trunc,1,2,2,3,0.51376,0.51134,0.48624,1.54084,942.8757,2083,41.66,0
2048,64,trunc,1,2,2,4,0.61544,0.57043,0.38456,1.55369,942.8757,2083,41.66,0
2048,64,trunc,1,2,3,0,0.37826,0.37896,0.62174,2.2296,819.4719,2083,41.66,0
2048,64,trunc,1,2,3,1,0.55101,0.42408,0.44899,2.24224,827.4898,2083,41.66,0
2048,64,trunc,1,2,3,2,0.5982,0.61082,0.40180000000000005,2.25402,922.3443,2083,41.66,0
2048,64,trunc,1,2,3,3,0.67679,0.66018,0.32321,2.26458,942.8757,2083,41.66,0
2048,64,trunc,1,2,3,4,0.73326,0.70406,0.26674,2.27743,942.8757,2083,41.66,0
2048,64,trunc,1,2,4,0,0.65587,0.57841,0.34413000000000005,2.92814,813.6981,2083,41.66,0
2048,64,trunc,1,2,4,1,0.70015,0.69658,0.29984999999999995,2.94078,821.716,2083,41.66,0
2048,64,trunc,1,2,4,2,0.76081,0.70007,0.23919,2.95256,914.0839,2083,41.66,0
2048,64,trunc,1,2,4,3,0.77384,0.72326,0.22616000000000003,2.96312,922.6292,2083,41.66,0
2048,64,trunc,1,2,4,4,0.83753,0.78958,0.16247,2.97597,922.6292,2083,41.66,0
2048,64,trunc,1,2,5,0,0.83474,0.79157,0.16525999999999996,3.6426,812.6533,2083,41.66,0
2048,64,trunc,1,2,5,1,0.8011,0.77263,0.19889999999999997,3.65524,820.6712,2083,41.66,0
2048,64,trunc,1,2,5,2,0.83032,0.77911,0.16968000000000005,3.66702,914.0839,2083,41.66,0
2048,64,trunc,1,2,5,3,0.84047,0.80329,0.15952999999999995,3.67758,922.6292,2083,41.66,0
2048,64,trunc,1,2,5,4,0.85193,0.8185,0.14807000000000003,3.69043,922.6292,2083,41.66,0
2048,64,trunc,1,2,6,0,0.88587,0.85116,0.11412999999999995,4.35556,810.8604,2083,41.66,0
2048,64,trunc,1,2,6,1,0.87203,0.85216,0.12797000000000003,4.3682,818.8783,2083,41.66,0
2048,64,trunc,1,2,6,2,0.87434,0.83371,0.12566,4.37998,912.291,2083,41.66,0
2048,64,trunc,1,2,6,3,0.85964,0.82423,0.14036000000000004,4.39054,920.8363,2083,41.66,0
2048,64,trunc,1,2,6,4,0.78983,0.75792,0.21016999999999997,4.40339,920.8363,2083,41.66,0
2048,64,trunc,1,2,7,0,0.87517,0.84966,0.12483,5.05376,810.8604,2083,41.66,0
2048,64,trunc,1,2,7,1,0.86075,0.81675,0.13924999999999998,5.0664,818.8783,2083,41.66,0
2048,64,trunc,1,2,7,2,0.83893,0.79332,0.16107000000000005,5.07818,912.291,2083,41.66,0
2048,64,trunc,1,2,7,3,0.82831,0.79083,0.17169,5.08873,920.8363,2083,41.66,0
2048,64,trunc,1,2,7,4,0.7924,0.7654,0.2076,5.10158,920.8363,2083,41.66,0
2048,64,trunc,1,2,8,0,0.8408,0.82149,0.1592,5.77645,947.0361,2083,41.66,0
2048,64,trunc,1,2,8,1,0.7807,0.75318,0.21930000000000005,5.78909,955.054,2083,41.66,0
2048,64,trunc,1,2,8,2,0.80803,0.76589,0.19196999999999997,5.80087,1044.4714,2083,41.66,0
2048,64,trunc,1,2,8,3,0.78342,0.7811,0.21658,5.81143,1051.8513,2083,41.66,0
2048,64,trunc,1,2,8,4,0.77008,0.77088,0.22992,5.82428,1051.8513,2083,41.66,0
2048,64,satcomp,2,0,8,0,0.87134,0.85889,0.12866,0.78092,39.6037,2083,41.66,1
2048,64,satcomp,2,1,2,0,0.85635,0.76415,0.14365000000000006,1.49857,717.2233,2083,41.66,0
2048,64,satcomp,2,1,2,1,0.85901,0.75193,0.14098999999999995,1.51121,717.9787,2083,41.66,0
2048,64,satcomp,2,1,2,2,0.86039,0.76315,0.13961,1.52299,809.2057,2083,41.66,0
2048,64,satcomp,2,1,2,3,0.84549,0.75517,0.15451000000000004,1.53355,825.3659,2083,41.66,0
2048,64,satcomp,2,1,2,4,0.81451,0.76988,0.18549000000000004,1.5464,825.3659,2083,41.66,0
2048,64,satcomp,2,1,3,0,0.85939,0.78908,0.14061,2.22231,717.2233,2083,41.66,0
2048,64,satcomp,2,1,3,1,0.84977,0.77736,0.15022999999999997,2.23495,717.9787,2083,41.66,0
2048,64,satcomp,2,1,3,2,0.84096,0.77562,0.15903999999999996,2.24673,809.2057,2083,41.66,0
2048,64,satcomp,2,1,3,3,0.81491,0.77387,0.18508999999999998,2.25729,825.3659,2083,41.66,0
2048,64,satcomp,2,1,3,4,0.79324,0.77636,0.20676000000000005,2.27014,825.3659,2083,41.66,0
2048,64,satcomp,2,1,4,0,0.84162,0.76963,0.15837999999999997,2.92085,713.3941,2083,41.66,0
2048,64,satcomp,2,1,4,1,0.84833,0.76814,0.15166999999999997,2.93349,714.1495,2083,41.66,0
2048,64,satcomp,2,1,4,2,0.80368,0.78409,0.19632000000000005,2.94527,802.8898,2083,41.66,0
2048,64,satcomp,2,1,4,3,0.80649,0.77636,0.19350999999999996,2.95583,807.064,2083,41.66,0
2048,64,satcomp,2,1,4,4,0.80734,0.7806,0.19266000000000005,2.96868,807.064,2083,41.66,0
2048,64,satcomp,2,1,5,0,0.83618,0.77836,0.16381999999999997,3.63531,712.3492,2083,41.66,0
2048,64,satcomp,2,1,5,1,0.80575,0.77587,0.19425000000000003,3.64795,713.1046,2083,41.66,0
2048,64,satcomp,2,1,5,2,0.80378,0.77836,0.19621999999999995,3.65973,802.8898,2083,41.66,0
2048,64,satcomp,2,1,5,3,0.79224,0.77562,0.20775999999999994,3.67029,807.064,2083,41.66,0
2048,64,satcomp,2,1,5,4,0.7865,0.77088,0.21350000000000002,3.68314,807.064,2083,41.66,0
2048,64,satcomp,2,1,6,0,0.80246,0.77537,0.19754000000000005,4.34827,707.4878,2083,41.66,0
2048,64,satcomp,2,1,6,1,0.7943,0.77512,0.2057,4.36091,708.2432,2083,41.66,0
2048,64,satcomp,2,1,6,2,0.80052,0.77836,0.19948,4.37269,798.0284,2083,41.66,0
2048,64,satcomp,2,1,6,3,0.79046,0.77587,0.20953999999999995,4.38325,802.2026,2083,41.66,0
2048,64,satcomp,2,1,6,4,0.7865,0.77088,0.21350000000000002,4.3961,802.2026,2083,41.66,0
2048,64,satcomp,2,1,7,0,0.79099,0.77487,0.20901000000000003,5.04647,707.4878,2083,41.66,0
2048,64,satcomp,2,1,7,1,0.79018,0.77537,0.20982,5.05911,708.2432,2083,41.66,0
2048,64,satcomp,2,1,7,2,0.80052,0.77836,0.19948,5.07089,798.0284,2083,41.66,0
2048,64,satcomp,2,1,7,3,0.79046,0.77587,0.20953999999999995,5.08144,802.2026,2083,41.66,0
2048,64,satcomp,2,1,7,4,0.7865,0.77088,0.21350000000000002,5.09429,802.2026,2083,41.66,0
2048,64,satcomp,2,1,8,0,0.78745,0.77487,0.21255000000000002,5.76916,842.1627,2083,41.66,0
2048,64,satcomp,2,1,8,1,0.79018,0.77537,0.20982,5.7818,842.9181,2083,41.66,0
2048,64,satcomp,2,1,8,2,0.80052,0.77836,0.19948,5.79358,928.7081,2083,41.66,0
2048,64,satcomp,2,1,8,3,0.79046,0.77587,0.20953999999999995,5.80414,931.7167,2083,41.66,0
2048,64,satcomp,2,1,8,4,0.7865,0.77088,0.21350000000000002,5.81699,931.7167,2083,41.66,0
2048,64,satcomp,2,2,2,0,0.31885,0.34131,0.6811499999999999,1.49857,772.4388,2083,41.66,0
2048,64,satcomp,2,2,2,1,0.30783,0.32087,0.69217,1.51121,773.1942,2083,41.66,0
2048,64,satcomp,2,2,2,2,0.36286,0.43505,0.63714,1.52299,860.3187,2083,41.66,0
2048,64,satcomp,2,2,2,3,0.49997,0.53652,0.50003,1.53355,875.2207,2083,41.66,0
2048,64,satcomp,2,2,2,4,0.57277,0.57268,0.42723,1.5464,875.2207,2083,41.66,0
2048,64,satcomp,2,2,3,0,0.37643,0.39417,0.62357,2.22231,772.4388,2083,41.66,0
2048,64,satcomp,2,2,3,1,0.55408,0.43406,0.44592,2.23495,773.1942,2083,41.66,0
2048,64,satcomp,2,2,3,2,0.6295,0.50711,0.37050000000000005,2.24673,860.3187,2083,41.66,0
2048,64,satcomp,2,2,3,3,0.67832,0.60982,0.32167999999999997,2.25729,875.2207,2083,41.66,0
2048,64,satcomp,2,2,3,4,0.67003,0.6734,0.32997,2.27014,875.2207,2083,41.66,0
2048,64,satcomp,2,2,4,0,0.73402,0.53752,0.26598,2.92085,766.665,2083,41.66,0
2048,64,satcomp,2,2,4,1,0.65708,0.65246,0.34292,2.93349,767.4204,2083,41.66,0
2048,64,satcomp,2,2,4,2,0.69391,0.74221,0.30609,2.94527,852.0583,2083,41.66,0
2048,64,satcomp,2,2,4,3,0.80064,0.76689,0.19935999999999998,2.95583,854.9742,2083,41.66,0
2048,64,satcomp,2,2,4,4,0.80051,0.78983,0.19948999999999995,2.96868,854.9742,2083,41.66,0
2048,64,satcomp,2,2,5,0,0.88891,0.8554,0.11109000000000002,3.63531,765.6201,2083,41.66,0
2048,64,satcomp,2,2,5,1,0.777,0.73099,0.22299999999999998,3.64795,766.3755,2083,41.66,0
2048,64,satcomp,2,2,5,2,0.82922,0.84169,0.17078000000000004,3.65973,852.0583,2083,41.66,0
2048,64,satcomp,2,2,5,3,0.85775,0.82448,0.14225,3.67029,854.9742,2083,41.66,0
2048,64,satcomp,2,2,5,4,0.87567,0.85739,0.12433000000000005,3.68314,854.9742,2083,41.66,0
2048,64,satcomp,2,2,6,0,0.91849,0.88133,0.08150999999999997,4.34827,760.7587,2083,41.66,1
2048,64,satcomp,2,2,6,1,0.89406,0.86188,0.10594000000000003,4.36091,761.5141,2083,41.66,0
2048,64,satcomp,2,2,6,2,0.90315,0.84792,0.09684999999999999,4.37269,847.1969,2083,41.66,0
2048,64,satcomp,2,2,6,3,0.88546,0.85864,0.11453999999999998,4.38325,850.1128,2083,41.66,0
2048,64,satcomp,2,2,6,4,0.88054,0.84592,0.11946000000000001,4.3961,850.1128,2083,41.66,0
2048,64,satcomp,2,2,7,0,0.91651,0.85365,0.08348999999999995,5.04647,760.7587,2083,41.66,0
2048,64,satcomp,2,2,7,1,0.88052,0.8554,0.11948000000000003,5.05911,761.5141,2083,41.66,0
2048,64,satcomp,2,2,7,2,0.86756,0.84941,0.13244,5.07089,847.1969,2083,41.66,0
2048,64,satcomp,2,2,7,3,0.8762,0.84892,0.12380000000000002,5.08144,850.1128,2083,41.66,0
2048,64,satcomp,2,2,7,4,0.87144,0.84418,0.12856,5.09429,850.1128,2083,41.66,0
2048,64,satcomp,2,2,8,0,0.91111,0.86163,0.08889000000000002,5.76916,895.4336,2083,41.66,0
2048,64,satcomp,2,2,8,1,0.88962,0.85041,0.11038000000000003,5.7818,896.189,2083,41.66,0
2048,64,satcomp,2,2,8,2,0.87944,0.85066,0.12056,5.79358,977.8765,2083,41.66,0
2048,64,satcomp,2,2,8,3,0.88019,0.85016,0.11980999999999997,5.80414,979.627,2083,41.66,0
2048,64,satcomp,2,2,8,4,0.85628,0.83994,0.14371999999999996,5.81699,979.627,2083,41.66,0
2048,64,satcomp,3,0,8,0,0.87046,0.85864,0.12954,0.78896,39.6037,2083,41.66,0
2048,64,satcomp,3,1,2,0,0.85635,0.7644,0.14365000000000006,1.50661,717.2233,2083,41.66,0
2048,64,satcomp,3,1,2,1,0.85901,0.75143,0.14098999999999995,1.51925,717.9787,2083,41.66,0
2048,64,satcomp,3,1,2,2,0.86039,0.7629,0.13961,1.53103,809.2057,2083,41.66,0
2048,64,satcomp,3,1,2,3,0.84549,0.75517,0.15451000000000004,1.54159,825.3659,2083,41.66,0
2048,64,satcomp,3,1,2,4,0.81349,0.77063,0.18650999999999995,1.55443,825.3659,2083,41.66,0
2048,64,satcomp,3,1,3,0,0.85853,0.78908,0.14146999999999998,2.23035,717.2233,2083,41.66,0
2048,64,satcomp,3,1,3,1,0.85062,0.77736,0.14937999999999996,2.24299,717.9787,2083,41.66,0
2048,64,satcomp,3,1,3,2,0.84096,0.77562,0.15903999999999996,2.25477,809.2057,2083,41.66,0
2048,64,satcomp,3,1,3,3,0.81577,0.77387,0.18423,2.26533,825.3659,2083,41.66,0
2048,64,satcomp,3,1,3,4,0.79222,0.77661,0.20777999999999996,2.27818,825.3659,2083,41.66,0
2048,64,satcomp,3,1,4,0,0.84162,0.76963,0.15837999999999997,2.92889,713.3941,2083,41.66,0
2048,64,satcomp,3,1,4,1,0.84833,0.76814,0.15166999999999997,2.94153,714.1495,2083,41.66,0
2048,64,satcomp,3,1,4,2,0.80368,0.78459,0.19632000000000005,2.95331,802.8898,2083,41.66,0
2048,64,satcomp,3,1,4,3,0.80649,0.77661,0.19350999999999996,2.96387,807.064,2083,41.66,0
2048,64,satcomp,3,1,4,4,0.80734,0.7806,0.19266000000000005,2.97672,807.064,2083,41.66,0
2048,64,satcomp,3,1,5,0,0.83618,0.77836,0.16381999999999997,3.64334,712.3492,2083,41.66,0
2048,64,satcomp,3,1,5,1,0.80575,0.77587,0.19425000000000003,3.65599,713.1046,2083,41.66,0
2048,64,satcomp,3,1,5,2,0.8048,0.77836,0.19520000000000004,3.66777,802.8898,2083,41.66,0
2048,64,satcomp,3,1,5,3,0.79224,0.77562,0.20775999999999994,3.67832,807.064,2083,41.66,0
2048,64,satcomp,3,1,5,4,0.7865,0.77088,0.21350000000000002,3.69117,807.064,2083,41.66,0
2048,64,satcomp,3,1,6,0,0.80246,0.77537,0.19754000000000005,4.3563,707.4878,2083,41.66,0
2048,64,satcomp,3,1,6,1,0.7943,0.77512,0.2057,4.36895,708.2432,2083,41.66,0
2048,64,satcomp,3,1,6,2,0.80052,0.77836,0.19948,4.38073,798.0284,2083,41.66,0
2048,64,satcomp,3,1,6,3,0.79148,0.77612,0.20852000000000004,4.39128,802.2026,2083,41.66,0
2048,64,satcomp,3,1,6,4,0.7865,0.77088,0.21350000000000002,4.40413,802.2026,2083,41.66,0
2048,64,satcomp,3,1,7,0,0.78998,0.77487,0.21001999999999998,5.0545,707.4878,2083,41.66,0
2048,64,satcomp,3,1,7,1,0.79119,0.77537,0.20881000000000005,5.06714,708.2432,2083,41.66,0
2048,64,satcomp,3,1,7,2,0.80052,0.77836,0.19948,5.07892,798.0284,2083,41.66,0
2048,64,satcomp,3,1,7,3,0.79148,0.77612,0.20852000000000004,5.08948,802.2026,2083,41.66,0
2048,64,satcomp,3,1,7,4,0.7865,0.77088,0.21350000000000002,5.10233,802.2026,2083,41.66,0
2048,64,satcomp,3,1,8,0,0.78643,0.77487,0.21357000000000004,5.7772,842.1627,2083,41.66,0
2048,64,satcomp,3,1,8,1,0.79119,0.77537,0.20881000000000005,5.78984,842.9181,2083,41.66,0
2048,64,satcomp,3,1,8,2,0.80052,0.77836,0.19948,5.80162,928.7081,2083,41.66,0
2048,64,satcomp,3,1,8,3,0.79148,0.77612,0.20852000000000004,5.81217,931.7167,2083,41.66,0
2048,64,satcomp,3,1,8,4,0.7865,0.77088,0.21350000000000002,5.82502,931.7167,2083,41.66,0
2048,64,satcomp,3,2,2,0,0.32725,0.31937,0.67275,1.50661,772.4388,2083,41.66,0
2048,64,satcomp,3,2,2,1,0.31675,0.31314,0.68325,1.51925,773.1942,2083,41.66,0
2048,64,satcomp,3,2,2,2,0.4109,0.39466,0.5891,1.53103,860.3187,2083,41.66,0
2048,64,satcomp,3,2,2,3,0.4841,0.51184,0.5159,1.54159,875.2207,2083,41.66,0
2048,64,satcomp,3,2,2,4,0.59763,0.55348,0.40237,1.55443,875.2207,2083,41.66,0
2048,64,satcomp,3,2,3,0,0.36358,0.38968,0.63642,2.23035,772.4388,2083,41.66,0
2048,64,satcomp,3,2,3,1,0.51012,0.59312,0.48988,2.24299,773.1942,2083,41.66,0
2048,64,satcomp,3,2,3,2,0.60089,0.6188,0.39910999999999996,2.25477,860.3187,2083,41.66,0
2048,64,satcomp,3,2,3,3,0.73178,0.77636,0.26822,2.26533,875.2207,2083,41.66,0
2048,64,satcomp,3,2,3,4,0.7246,0.70282,0.2754,2.27818,875.2207,2083,41.66,0
2048,64,satcomp,3,2,4,0,0.67007,0.5814,0.32992999999999995,2.92889,766.665,2083,41.66,0
2048,64,satcomp,3,2,4,1,0.74387,0.72825,0.25612999999999997,2.94153,767.4204,2083,41.66,0
2048,64,satcomp,3,2,4,2,0.77143,0.76465,0.22857000000000005,2.95331,852.0583,2083,41.66,0
2048,64,satcomp,3,2,4,3,0.79544,0.80703,0.20455999999999996,2.96387,854.9742,2083,41.66,0
2048,64,satcomp,3,2,4,4,0.83184,0.82324,0.16815999999999998,2.97672,854.9742,2083,41.66,0
2048,64,satcomp,3,2,5,0,0.88423,0.8367,0.11577000000000004,3.64334,765.6201,2083,41.66,0
2048,64,satcomp,3,2,5,1,0.82462,0.76265,0.17537999999999998,3.65599,766.3755,2083,41.66,0
2048,64,satcomp,3,2,5,2,0.84976,0.83495,0.15024000000000004,3.66777,852.0583,2083,41.66,0
2048,64,satcomp,3,2,5,3,0.87355,0.84094,0.12644999999999995,3.67832,854.9742,2083,41.66,0
2048,64,satcomp,3,2,5,4,0.86335,0.83595,0.13665000000000005,3.69117,854.9742,2083,41.66,0
2048,64,satcomp,3,2,6,0,0.91271,0.86736,0.08728999999999998,4.3563,760.7587,2083,41.66,0
2048,64,satcomp,3,2,6,1,0.88739,0.84293,0.11260999999999999,4.36895,761.5141,2083,41.66,0
2048,64,satcomp,3,2,6,2,0.89973,0.86537,0.10026999999999997,4.38073,847.1969,2083,41.66,0
2048,64,satcomp,3,2,6,3,0.88921,0.83495,0.11079000000000006,4.39128,850.1128,2083,41.66,0
2048,64,satcomp,3,2,6,4,0.86548,0.83919,0.13451999999999997,4.40413,850.1128,2083,41.66,0
2048,64,satcomp,3,2,7,0,0.90406,0.86537,0.09594000000000003,5.0545,760.7587,2083,41.66,0
2048,64,satcomp,3,2,7,1,0.88827,0.83695,0.11173,5.06714,761.5141,2083,41.66,0
2048,64,satcomp,3,2,7,2,0.88117,0.85789,0.11882999999999999,5.07892,847.1969,2083,41.66,0
2048,64,satcomp,3,2,7,3,0.89527,0.8539,0.10472999999999999,5.08948,850.1128,2083,41.66,0
2048,64,satcomp,3,2,7,4,0.85144,0.84518,0.14856000000000003,5.10233,850.1128,2083,41.66,0
2048,64,satcomp,3,2,8,0,0.90881,0.86437,0.09119,5.7772,895.4336,2083,41.66,0
2048,64,satcomp,3,2,8,1,0.88368,0.85515,0.11631999999999998,5.78984,896.189,2083,41.66,0
2048,64,satcomp,3,2,8,2,0.86896,0.84792,0.13104000000000005,5.80162,977.8765,2083,41.66,0
2048,64,satcomp,3,2,8,3,0.87697,0.83495,0.12302999999999997,5.81217,979.627,2083,41.66,0
2048,64,satcomp,3,2,8,4,0.85347,0.84169,0.14653000000000005,5.82502,979.627,2083,41.66,0
2048,64,sampled,4,0,8,0,0.82986,0.817,0.17013999999999996,0.79104,65.4703,1059,21.18,0
2048,64,sampled,4,1,2,0,0.84451,0.72949,0.15549000000000002,1.50869,767.7177,1059,21.18,0
2048,64,sampled,4,1,2,1,0.83752,0.73049,0.16247999999999996,1.52133,775.7356,1059,21.18,0
2048,64,sampled,4,1,2,2,0.83768,0.72974,0.16232000000000002,1.53311,875.3537,1059,21.18,0
2048,64,sampled,4,1,2,3,0.83939,0.74445,0.16061000000000003,1.54367,897.1433,1059,21.18,0
2048,64,sampled,4,1,2,4,0.7796,0.72476,0.22040000000000004,1.55651,897.1433,1059,21.18,0
2048,64,sampled,4,1,3,0,0.84419,0.75941,0.15581,2.23243,767.7177,1059,21.18,0
2048,64,sampled,4,1,3,1,0.83226,0.7472,0.16774,2.24507,775.7356,1059,21.18,0
2048,64,sampled,4,1,3,2,0.8284,0.75143,0.17159999999999997,2.25685,875.3537,1059,21.18,0
2048,64,sampled,4,1,3,3,0.81446,0.74819,0.18554000000000004,2.26741,897.1433,1059,21.18,0
2048,64,sampled,4,1,3,4,0.77455,0.72949,0.22545000000000004,2.28026,897.1433,1059,21.18,0
2048,64,sampled,4,1,4,0,0.82619,0.74769,0.17381000000000002,2.93097,767.9272,1059,21.18,0
2048,64,sampled,4,1,4,1,0.82395,0.75268,0.17605000000000004,2.94361,775.9451,1059,21.18,0
2048,64,sampled,4,1,4,2,0.79366,0.75642,0.20633999999999997,2.95539,873.0767,1059,21.18,0
2048,64,sampled,4,1,4,3,0.78546,0.76091,0.21453999999999995,2.96595,882.8802,1059,21.18,0
2048,64,sampled,4,1,4,4,0.75505,0.74296,0.24495,2.9788,882.8802,1059,21.18,0
2048,64,sampled,4,1,5,0,0.82586,0.75019,0.17413999999999996,3.64542,766.8824,1059,21.18,0
2048,64,sampled,4,1,5,1,0.79414,0.75093,0.20586000000000004,3.65807,774.9003,1059,21.18,0
2048,64,sampled,4,1,5,2,0.76983,0.75767,0.23016999999999999,3.66985,873.0767,1059,21.18,0
2048,64,sampled,4,1,5,3,0.76647,0.76091,0.23353000000000002,3.6804,882.8802,1059,21.18,0
2048,64,sampled,4,1,5,4,0.748,0.74196,0.252,3.69325,882.8802,1059,21.18,0
2048,64,sampled,4,1,6,0,0.78355,0.75318,0.21645000000000003,4.35838,765.0895,1059,21.18,0
2048,64,sampled,4,1,6,1,0.7738,0.74595,0.22619999999999996,4.37103,773.1074,1059,21.18,0
2048,64,sampled,4,1,6,2,0.76269,0.75567,0.23731000000000002,4.38281,871.2838,1059,21.18,0
2048,64,sampled,4,1,6,3,0.76264,0.76091,0.23736000000000002,4.39336,881.0873,1059,21.18,0
2048,64,sampled,4,1,6,4,0.748,0.74196,0.252,4.40621,881.0873,1059,21.18,0
2048,64,sampled,4,1,7,0,0.76419,0.75093,0.23580999999999996,5.05658,765.0895,1059,21.18,0
2048,64,sampled,4,1,7,1,0.76938,0.74595,0.23062000000000005,5.06922,773.1074,1059,21.18,0
2048,64,sampled,4,1,7,2,0.76269,0.75567,0.23731000000000002,5.081,871.2838,1059,21.18,0
2048,64,sampled,4,1,7,3,0.76264,0.76091,0.23736000000000002,5.09156,881.0873,1059,21.18,0
2048,64,sampled,4,1,7,4,0.748,0.74196,0.252,5.10441,881.0873,1059,21.18,0
2048,64,sampled,4,1,8,0,0.76153,0.75093,0.23846999999999996,5.77928,901.2652,1059,21.18,0
2048,64,sampled,4,1,8,1,0.76938,0.74595,0.23062000000000005,5.79192,909.2831,1059,21.18,0
2048,64,sampled,4,1,8,2,0.76269,0.75567,0.23731000000000002,5.8037,1003.4642,1059,21.18,0
2048,64,sampled,4,1,8,3,0.76264,0.76091,0.23736000000000002,5.81425,1012.1022,1059,21.18,0
2048,64,sampled,4,1,8,4,0.748,0.74196,0.252,5.8271,1012.1022,1059,21.18,0
2048,64,sampled,4,2,2,0,0.32736,0.31538,0.67264,1.50869,822.9331,1059,21.18,0
2048,64,sampled,4,2,2,1,0.31499,0.33084,0.68501,1.52133,830.951,1059,21.18,0
2048,64,sampled,4,2,2,2,0.40868,0.48168,0.5913200000000001,1.53311,926.4667,1059,21.18,0
2048,64,sampled,4,2,2,3,0.46416,0.52605,0.53584,1.54367,946.9981,1059,21.18,0
2048,64,sampled,4,2,2,4,0.55625,0.59013,0.44375,1.55651,946.9981,1059,21.18,0
2048,64,sampled,4,2,3,0,0.36811,0.33932,0.6318900000000001,2.23243,822.9331,1059,21.18,0
2048,64,sampled,4,2,3,1,0.5426,0.453,0.45740000000000003,2.24507,830.951,1059,21.18,0
2048,64,sampled,4,2,3,2,0.54806,0.6547,0.45194,2.25685,926.4667,1059,21.18,0
2048,64,sampled,4,2,3,3,0.62749,0.66318,0.37251,2.26741,946.9981,1059,21.18,0
2048,64,sampled,4,2,3,4,0.69431,0.71379,0.30569,2.28026,946.9981,1059,21.18,0
2048,64,sampled,4,2,4,0,0.67098,0.44577,0.32902,2.93097,821.1981,1059,21.18,0
2048,64,sampled,4,2,4,1,0.71038,0.74994,0.28962,2.94361,829.216,1059,21.18,0
2048,64,sampled,4,2,4,2,0.77189,0.72401,0.22811000000000003,2.95539,922.2451,1059,21.18,0
2048,64,sampled,4,2,4,3,0.74018,0.76639,0.25982000000000005,2.96595,930.7904,1059,21.18,0
2048,64,sampled,4,2,4,4,0.78559,0.77711,0.21441,2.9788,930.7904,1059,21.18,0
2048,64,sampled,4,2,5,0,0.77986,0.81675,0.22014,3.64542,820.1533,1059,21.18,0
2048,64,sampled,4,2,5,1,0.79774,0.77736,0.20226,3.65807,828.1712,1059,21.18,0
2048,64,sampled,4,2,5,2,0.83754,0.79382,0.16246000000000005,3.66985,922.2451,1059,21.18,0
2048,64,sampled,4,2,5,3,0.84702,0.78484,0.15298,3.6804,930.7904,1059,21.18,0
2048,64,sampled,4,2,5,4,0.82455,0.79407,0.17545,3.69325,930.7904,1059,21.18,0
2048,64,sampled,4,2,6,0,0.89259,0.85889,0.10741,4.35838,818.3604,1059,21.18,0
2048,64,sampled,4,2,6,1,0.83582,0.82747,0.16418,4.37103,826.3783,1059,21.18,0
2048,64,sampled,4,2,6,2,0.87129,0.84717,0.12871,4.38281,920.4522,1059,21.18,0
2048,64,sampled,4,2,6,3,0.83804,0.80952,0.16196,4.39336,928.9975,1059,21.18,0
2048,64,sampled,4,2,6,4,0.8339,0.7988,0.16610000000000003,4.40621,928.9975,1059,21.18,0
2048,64,sampled,4,2,7,0,0.89306,0.84966,0.10694000000000004,5.05658,818.3604,1059,21.18,0
2048,64,sampled,4,2,7,1,0.8723,0.82598,0.12770000000000004,5.06922,826.3783,1059,21.18,0
2048,64,sampled,4,2,7,2,0.86867,0.81202,0.13132999999999995,5.081,920.4522,1059,21.18,0
2048,64,sampled,4,2,7,3,0.83836,0.82124,0.16164,5.09156,928.9975,1059,21.18,0
2048,64,sampled,4,2,7,4,0.83644,0.82448,0.16356000000000004,5.10441,928.9975,1059,21.18,0
2048,64,sampled,4,2,8,0,0.86531,0.84268,0.13468999999999998,5.77928,954.5361,1059,21.18,0
2048,64,sampled,4,2,8,1,0.86349,0.80853,0.13651000000000002,5.79192,962.554,1059,21.18,0
2048,64,sampled,4,2,8,2,0.83767,0.82149,0.16232999999999997,5.8037,1052.6326,1059,21.18,0
2048,64,sampled,4,2,8,3,0.83339,0.80753,0.16661000000000004,5.81425,1060.0124,1059,21.18,0
2048,64,sampled,4,2,8,4,0.81721,0.80853,0.18279,5.8271,1060.0124,1059,21.18,0
2048,128,exact,0,0,8,0,0.87046,0.85864,0.12954,0.92047,211.3369,1043,20.86,0
2048,128,exact,0,1,2,0,0.85635,0.7644,0.14365000000000006,1.69498,913.5843,1043,20.86,0
2048,128,exact,0,1,2,1,0.85901,0.75143,0.14098999999999995,1.71857,921.6022,1043,20.86,0
2048,128,exact,0,1,2,2,0.86039,0.7629,0.13961,1.74132,1030.7467,1043,20.86,0
2048,128,exact,0,1,2,3,0.84549,0.75517,0.15451000000000004,1.76332,1046.346,1043,20.86,0
2048,128,exact,0,1,2,4,0.81349,0.77063,0.18650999999999995,1.78555,1046.346,1043,20.86,0
2048,128,exact,0,1,3,0,0.85853,0.78908,0.14146999999999998,2.48244,913.5843,1043,20.86,0
2048,128,exact,0,1,3,1,0.85062,0.77736,0.14937999999999996,2.50603,921.6022,1043,20.86,0
2048,128,exact,0,1,3,2,0.84096,0.77562,0.15903999999999996,2.52878,1030.7467,1043,20.86,0
2048,128,exact,0,1,3,3,0.81577,0.77387,0.18423,2.55077,1046.346,1043,20.86,0
2048,128,exact,0,1,3,4,0.79222,0.77661,0.20777999999999996,2.573,1046.346,1043,20.86,0
2048,128,exact,0,1,4,0,0.84162,0.76963,0.15837999999999997,3.21864,920.1484,1043,20.86,0
2048,128,exact,0,1,4,1,0.84833,0.76814,0.15166999999999997,3.24223,928.1663,1043,20.86,0
2048,128,exact,0,1,4,2,0.80368,0.78459,0.19632000000000005,3.26498,1034.8243,1043,20.86,0
2048,128,exact,0,1,4,3,0.80649,0.77661,0.19350999999999996,3.28697,1038.4375,1043,20.86,0
2048,128,exact,0,1,4,4,0.80734,0.7806,0.19266000000000005,3.3092,1038.4375,1043,20.86,0
2048,128,exact,0,1,5,0,0.83618,0.77836,0.16381999999999997,3.98519,919.1035,1043,20.86,0
2048,128,exact,0,1,5,1,0.80575,0.77587,0.19425000000000003,4.00878,927.1214,1043,20.86,0
2048,128,exact,0,1,5,2,0.8048,0.77836,0.19520000000000004,4.03153,1034.8243,1043,20.86,0
2048,128,exact,0,1,5,3,0.79224,0.77562,0.20775999999999994,4.05353,1038.4375,1043,20.86,0
2048,128,exact,0,1,5,4,0.7865,0.77088,0.21350000000000002,4.07576,1038.4375,1043,20.86,0
2048,128,exact,0,1,6,0,0.80246,0.77537,0.19754000000000005,4.75118,916.5053,1043,20.86,0
2048,128,exact,0,1,6,1,0.7943,0.77512,0.2057,4.77477,924.5232,1043,20.86,0
2048,128,exact,0,1,6,2,0.80052,0.77836,0.19948,4.79752,1032.226,1043,20.86,0
2048,128,exact,0,1,6,3,0.79148,0.77612,0.20852000000000004,4.81951,1035.8392,1043,20.86,0
2048,128,exact,0,1,6,4,0.7865,0.77088,0.21350000000000002,4.84174,1035.8392,1043,20.86,0
2048,128,exact,0,1,7,0,0.78998,0.77487,0.21001999999999998,5.48522,916.5053,1043,20.86,0
2048,128,exact,0,1,7,1,0.79119,0.77537,0.20881000000000005,5.50881,924.5232,1043,20.86,0
2048,128,exact,0,1,7,2,0.80052,0.77836,0.19948,5.53156,1032.226,1043,20.86,0
2048,128,exact,0,1,7,3,0.79148,0.77612,0.20852000000000004,5.55356,1035.8392,1043,20.86,0
2048,128,exact,0,1,7,4,0.7865,0.77088,0.21350000000000002,5.57579,1035.8392,1043,20.86,0
2048,128,exact,0,1,8,0,0.78643,0.77487,0.21357000000000004,6.26946,1011.128,1043,20.86,0
2048,128,exact,0,1,8,1,0.79119,0.77537,0.20881000000000005,6.29306,1019.1459,1043,20.86,0
2048,128,exact,0,1,8,2,0.80052,0.77836,0.19948,6.3158,1122.8535,1043,20.86,0
2048,128,exact,0,1,8,3,0.79148,0.77612,0.20852000000000004,6.3378,1125.3012,1043,20.86,0
2048,128,exact,0,1,8,4,0.7865,0.77088,0.21350000000000002,6.36003,1125.3012,1043,20.86,0
2048,128,exact,0,2,2,0,0.32725,0.31937,0.67275,1.69498,948.3589,1043,20.86,0
2048,128,exact,0,2,2,1,0.35511,0.3286,0.64489,1.71857,956.3768,1043,20.86,0
2048,128,exact,0,2,2,2,0.43071,0.38719,0.5692900000000001,1.74132,1061.4189,1043,20.86,0
2048,128,exact,0,2,2,3,0.50821,0.52705,0.49178999999999995,1.76332,1075.7599,1043,20.86,0
2048,128,exact,0,2,2,4,0.59723,0.53478,0.40276999999999996,1.78555,1075.7599,1043,20.86,0
2048,128,exact,0,2,3,0,0.36358,0.38968,0.63642,2.48244,948.3589,1043,20.86,0
2048,128,exact,0,2,3,1,0.51559,0.45974,0.48441,2.50603,956.3768,1043,20.86,0
2048,128,exact,0,2,3,2,0.64847,0.62977,0.35153,2.52878,1061.4189,1043,20.86,0
2048,128,exact,0,2,3,3,0.73137,0.65221,0.26863000000000004,2.55077,1075.7599,1043,20.86,0
2048,128,exact,0,2,3,4,0.76493,0.69783,0.23507,2.573,1075.7599,1043,20.86,0
2048,128,exact,0,2,4,0,0.67007,0.5814,0.32992999999999995,3.21864,952.9784,1043,20.86,0
2048,128,exact,0,2,4,1,0.68253,0.64722,0.31747000000000003,3.24223,960.9963,1043,20.86,0
2048,128,exact,0,2,4,2,0.69947,0.69434,0.30052999999999996,3.26498,1063.5519,1043,20.86,0
2048,128,exact,0,2,4,3,0.80374,0.78758,0.19626,3.28697,1065.9068,1043,20.86,0
2048,128,exact,0,2,4,4,0.84492,0.82997,0.15508,3.3092,1065.9068,1043,20.86,0
2048,128,exact,0,2,5,0,0.88423,0.8367,0.11577000000000004,3.98519,951.9336,1043,20.86,0
2048,128,exact,0,2,5,1,0.81213,0.81177,0.18786999999999998,4.00878,959.9515,1043,20.86,0
2048,128,exact,0,2,5,2,0.84976,0.83495,0.15024000000000004,4.03153,1063.5519,1043,20.86,0
2048,128,exact,0,2,5,3,0.87355,0.84094,0.12644999999999995,4.05353,1065.9068,1043,20.86,0
2048,128,exact,0,2,5,4,0.86335,0.83595,0.13665000000000005,4.07576,1065.9068,1043,20.86,0
2048,128,exact,0,2,6,0,0.91271,0.86736,0.08728999999999998,4.75118,949.3353,1043,20.86,0
2048,128,exact,0,2,6,1,0.88739,0.84293,0.11260999999999999,4.77477,957.3532,1043,20.86,0
2048,128,exact,0,2,6,2,0.89973,0.86537,0.10026999999999997,4.79752,1060.9536,1043,20.86,0
2048,128,exact,0,2,6,3,0.88921,0.83495,0.11079000000000006,4.81951,1063.3086,1043,20.86,0
2048,128,exact,0,2,6,4,0.86548,0.83919,0.13451999999999997,4.84174,1063.3086,1043,20.86,0
2048,128,exact,0,2,7,0,0.90406,0.86537,0.09594000000000003,5.48522,949.3353,1043,20.86,0
2048,128,exact,0,2,7,1,0.88827,0.83695,0.11173,5.50881,957.3532,1043,20.86,0
2048,128,exact,0,2,7,2,0.88117,0.85789,0.11882999999999999,5.53156,1060.9536,1043,20.86,0
2048,128,exact,0,2,7,3,0.89527,0.8539,0.10472999999999999,5.55356,1063.3086,1043,20.86,0
2048,128,exact,0,2,7,4,0.85144,0.84518,0.14856000000000003,5.57579,1063.3086,1043,20.86,0
2048,128,exact,0,2,8,0,0.90881,0.86437,0.09119,6.26946,1043.9581,1043,20.86,0
2048,128,exact,0,2,8,1,0.88368,0.85515,0.11631999999999998,6.29306,1051.976,1043,20.86,0
2048,128,exact,0,2,8,2,0.86896,0.84792,0.13104000000000005,6.3158,1151.5811,1043,20.86,0
2048,128,exact,0,2,8,3,0.87697,0.83495,0.12302999999999997,6.3378,1152.7706,1043,20.86,0
2048,128,exact,0,2,8,4,0.85347,0.84169,0.14653000000000005,6.36003,1152.7706,1043,20.86,0
2048,128,trunc,1,0,8,0,0.75758,0.72825,0.24241999999999997,0.91371,200.2946,1043,20.86,0
2048,128,trunc,1,1,2,0,0.84809,0.64647,0.15191,1.68822,902.5419,1043,20.86,0
2048,128,trunc,1,1,2,1,0.8373,0.66642,0.16269999999999996,1.71181,910.5599,1043,20.86,0
2048,128,trunc,1,1,2,2,0.84241,0.66692,0.15759,1.73456,1019.0433,1043,20.86,0
2048,128,trunc,1,1,2,3,0.83223,0.69658,0.16776999999999997,1.75655,1034.6425,1043,20.86,0
2048,128,trunc,1,1,2,4,0.79483,0.68287,0.20516999999999996,1.77878,1034.6425,1043,20.86,0
2048,128,trunc,1,1,3,0,0.84786,0.70057,0.15214000000000005,2.47567,902.5419,1043,20.86,0
2048,128,trunc,1,1,3,1,0.83932,0.69559,0.16068000000000005,2.49926,910.5599,1043,20.86,0
2048,128,trunc,1,1,3,2,0.81691,0.68512,0.18308999999999997,2.52201,1019.0433,1043,20.86,0
2048,128,trunc,1,1,3,3,0.81273,0.67789,0.18727000000000005,2.54401,1034.6425,1043,20.86,0
2048,128,trunc,1,1,3,4,0.75251,0.67489,0.24749,2.56624,1034.6425,1043,20.86,0
2048,128,trunc,1,1,4,0,0.83872,0.66891,0.16127999999999998,3.21187,909.1061,1043,20.86,0
2048,128,trunc,1,1,4,1,0.80461,0.67215,0.19538999999999995,3.23547,917.124,1043,20.86,0
2048,128,trunc,1,1,4,2,0.77783,0.67739,0.22216999999999998,3.25821,1023.1208,1043,20.86,0
2048,128,trunc,1,1,4,3,0.74737,0.67838,0.25263,3.28021,1026.734,1043,20.86,0
2048,128,trunc,1,1,4,4,0.72752,0.67863,0.27248000000000006,3.30244,1026.734,1043,20.86,0
2048,128,trunc,1,1,5,0,0.80621,0.67091,0.19379000000000002,3.97843,908.0612,1043,20.86,0
2048,128,trunc,1,1,5,1,0.75048,0.67115,0.24951999999999996,4.00202,916.0791,1043,20.86,0
2048,128,trunc,1,1,5,2,0.72222,0.67988,0.27778,4.02477,1023.1208,1043,20.86,0
2048,128,trunc,1,1,5,3,0.72893,0.68362,0.27107000000000003,4.04676,1026.734,1043,20.86,0
2048,128,trunc,1,1,5,4,0.72281,0.67564,0.27719000000000005,4.06899,1026.734,1043,20.86,0
2048,128,trunc,1,1,6,0,0.74214,0.67115,0.25786,4.74441,905.463,1043,20.86,0
2048,128,trunc,1,1,6,1,0.72271,0.66916,0.27729000000000004,4.76801,913.4809,1043,20.86,0
2048,128,trunc,1,1,6,2,0.71893,0.67863,0.28107000000000004,4.79076,1020.5226,1043,20.86,0
2048,128,trunc,1,1,6,3,0.72979,0.68337,0.27020999999999995,4.81275,1024.1357,1043,20.86,0
2048,128,trunc,1,1,6,4,0.72281,0.67564,0.27719000000000005,4.83498,1024.1357,1043,20.86,0
2048,128,trunc,1,1,7,0,0.71654,0.66966,0.28346000000000005,5.47846,905.463,1043,20.86,0
2048,128,trunc,1,1,7,1,0.71651,0.66941,0.28349,5.50205,913.4809,1043,20.86,0
2048,128,trunc,1,1,7,2,0.71893,0.67863,0.28107000000000004,5.5248,1020.5226,1043,20.86,0
2048,128,trunc,1,1,7,3,0.72979,0.68337,0.27020999999999995,5.54679,1024.1357,1043,20.86,0
2048,128,trunc,1,1,7,4,0.72281,0.67564,0.27719000000000005,5.56902,1024.1357,1043,20.86,0
2048,128,trunc,1,1,8,0,0.71477,0.66966,0.28523,6.2627,1000.0857,1043,20.86,0
2048,128,trunc,1,1,8,1,0.71651,0.66941,0.28349,6.28629,1008.1036,1043,20.86,0
2048,128,trunc,1,1,8,2,0.71893,0.67863,0.28107000000000004,6.30904,1111.15,1043,20.86,0
2048,128,trunc,1,1,8,3,0.72979,0.68337,0.27020999999999995,6.33103,1113.5977,1043,20.86,0
2048,128,trunc,1,1,8,4,0.72281,0.67564,0.27719000000000005,6.35326,1113.5977,1043,20.86,0
2048,128,trunc,1,2,2,0,0.32219,0.29245,0.67781,1.68822,937.3166,1043,20.86,0
2048,128,trunc,1,2,2,1,0.28169,0.32959,0.71831,1.71181,945.3345,1043,20.86,0
2048,128,trunc,1,2,2,2,0.35129,0.33458,0.64871,1.73456,1049.7154,1043,20.86,0
2048,128,trunc,1,2,2,3,0.51376,0.51134,0.48624,1.75655,1064.0565,1043,20.86,0
2048,128,trunc,1,2,2,4,0.61544,0.57043,0.38456,1.77878,1064.0565,1043,20.86,0
2048,128,trunc,1,2,3,0,0.37826,0.37896,0.62174,2.47567,937.3166,1043,20.86,0
2048,128,trunc,1,2,3,1,0.55101,0.42408,0.44899,2.49926,945.3345,1043,20.86,0
2048,128,trunc,1,2,3,2,0.5982,0.61082,0.40180000000000005,2.52201,1049.7154,1043,20.86,0
2048,128,trunc,1,2,3,3,0.67679,0.66018,0.32321,2.54401,1064.0565,1043,20.86,0
2048,128,trunc,1,2,3,4,0.73326,0.70406,0.26674,2.56624,1064.0565,1043,20.86,0
2048,128,trunc,1,2,4,0,0.65587,0.57841,0.34413000000000005,3.21187,941.9361,1043,20.86,0
2048,128,trunc,1,2,4,1,0.70015,0.69658,0.29984999999999995,3.23547,949.954,1043,20.86,0
2048,128,trunc,1,2,4,2,0.76081,0.70007,0.23919,3.25821,1051.8484,1043,20.86,0
2048,128,trunc,1,2,4,3,0.77384,0.72326,0.22616000000000003,3.28021,1054.2034,1043,20.86,0
2048,128,trunc,1,2,4,4,0.83753,0.78958,0.16247,3.30244,1054.2034,1043,20.86,0
2048,128,trunc,1,2,5,0,0.83474,0.79157,0.16525999999999996,3.97843,940.8913,1043,20.86,0
2048,128,trunc,1,2,5,1,0.8011,0.77263,0.19889999999999997,4.00202,948.9092,1043,20.86,0
2048,128,trunc,1,2,5,2,0.83032,0.77911,0.16968000000000005,4.02477,1051.8484,1043,20.86,0
2048,128,trunc,1,2,5,3,0.84047,0.80329,0.15952999999999995,4.04676,1054.2034,1043,20.86,0
2048,128,trunc,1,2,5,4,0.85193,0.8185,0.14807000000000003,4.06899,1054.2034,1043,20.86,0
2048,128,trunc,1,2,6,0,0.88587,0.85116,0.11412999999999995,4.74441,938.293,1043,20.86,0
2048,128,trunc,1,2,6,1,0.87203,0.85216,0.12797000000000003,4.76801,946.3109,1043,20.86,0
2048,128,trunc,1,2,6,2,0.87434,0.83371,0.12566,4.79076,1049.2501,1043,20.86,0
2048,128,trunc,1,2,6,3,0.85964,0.82423,0.14036000000000004,4.81275,1051.6051,1043,20.86,0
2048,128,trunc,1,2,6,4,0.78983,0.75792,0.21016999999999997,4.83498,1051.6051,1043,20.86,0
2048,128,trunc,1,2,7,0,0.87517,0.84966,0.12483,5.47846,938.293,1043,20.86,0
2048,128,trunc,1,2,7,1,0.86075,0.81675,0.13924999999999998,5.50205,946.3109,1043,20.86,0
2048,128,trunc,1,2,7,2,0.83893,0.79332,0.16107000000000005,5.5248,1049.2501,1043,20.86,0
2048,128,trunc,1,2,7,3,0.82831,0.79083,0.17169,5.54679,1051.6051,1043,20.86,0
2048,128,trunc,1,2,7,4,0.7924,0.7654,0.2076,5.56902,1051.6051,1043,20.86,0
2048,128,trunc,1,2,8,0,0.8408,0.82149,0.1592,6.2627,1032.9158,1043,20.86,0
2048,128,trunc,1,2,8,1,0.7807,0.75318,0.21930000000000005,6.28629,1040.9337,1043,20.86,0
2048,128,trunc,1,2,8,2,0.80803,0.76589,0.19196999999999997,6.30904,1139.8776,1043,20.86,0
2048,128,trunc,1,2,8,3,0.78342,0.7811,0.21658,6.33103,1141.0671,1043,20.86,0
2048,128,trunc,1,2,8,4,0.77008,0.77088,0.22992,6.35326,1141.0671,1043,20.86,0
2048,128,satcomp,2,0,8,0,0.87134,0.85889,0.12866,0.89897,189.5927,1043,20.86,1
2048,128,satcomp,2,1,2,0,0.85635,0.76415,0.14365000000000006,1.67348,867.2123,1043,20.86,0
2048,128,satcomp,2,1,2,1,0.85901,0.75193,0.14098999999999995,1.69707,867.9677,1043,20.86,0
2048,128,satcomp,2,1,2,2,0.86039,0.76315,0.13961,1.71982,968.7211,1043,20.86,0
2048,128,satcomp,2,1,2,3,0.84549,0.75517,0.15451000000000004,1.74181,978.691,1043,20.86,0
2048,128,satcomp,2,1,2,4,0.81451,0.76988,0.18549000000000004,1.76404,978.691,1043,20.86,0
2048,128,satcomp,2,1,3,0,0.85939,0.78908,0.14061,2.46093,867.2123,1043,20.86,0
2048,128,satcomp,2,1,3,1,0.84977,0.77736,0.15022999999999997,2.48452,867.9677,1043,20.86,0
2048,128,satcomp,2,1,3,2,0.84096,0.77562,0.15903999999999996,2.50727,968.7211,1043,20.86,0
2048,128,satcomp,2,1,3,3,0.81491,0.77387,0.18508999999999998,2.52926,978.691,1043,20.86,0
2048,128,satcomp,2,1,3,4,0.79324,0.77636,0.20676000000000005,2.55149,978.691,1043,20.86,0
2048,128,satcomp,2,1,4,0,0.84162,0.76963,0.15837999999999997,3.19713,873.7764,1043,20.86,0
2048,128,satcomp,2,1,4,1,0.84833,0.76814,0.15166999999999997,3.22072,874.5318,1043,20.86,0
2048,128,satcomp,2,1,4,2,0.80368,0.78409,0.19632000000000005,3.24347,972.7987,1043,20.86,0
2048,128,satcomp,2,1,4,3,0.80649,0.77636,0.19350999999999996,3.26547,970.7825,1043,20.86,0
2048,128,satcomp,2,1,4,4,0.80734,0.7806,0.19266000000000005,3.2877,970.7825,1043,20.86,0
2048,128,satcomp,2,1,5,0,0.83618,0.77836,0.16381999999999997,3.96368,872.7316,1043,20.86,0
2048,128,satcomp,2,1,5,1,0.80575,0.77587,0.19425000000000003,3.98728,873.487,1043,20.86,0
2048,128,satcomp,2,1,5,2,0.80378,0.77836,0.19621999999999995,4.01003,972.7987,1043,20.86,0
2048,128,satcomp,2,1,5,3,0.79224,0.77562,0.20775999999999994,4.03202,970.7825,1043,20.86,0
2048,128,satcomp,2,1,5,4,0.7865,0.77088,0.21350000000000002,4.05425,970.7825,1043,20.86,0
2048,128,satcomp,2,1,6,0,0.80246,0.77537,0.19754000000000005,4.72967,867.0648,1043,20.86,0
2048,128,satcomp,2,1,6,1,0.7943,0.77512,0.2057,4.75327,867.8202,1043,20.86,0
2048,128,satcomp,2,1,6,2,0.80052,0.77836,0.19948,4.77601,967.1319,1043,20.86,0
2048,128,satcomp,2,1,6,3,0.79046,0.77587,0.20953999999999995,4.79801,965.1157,1043,20.86,0
2048,128,satcomp,2,1,6,4,0.7865,0.77088,0.21350000000000002,4.82024,965.1157,1043,20.86,0
2048,128,satcomp,2,1,7,0,0.79099,0.77487,0.20901000000000003,5.46371,867.0648,1043,20.86,0
2048,128,satcomp,2,1,7,1,0.79018,0.77537,0.20982,5.48731,867.8202,1043,20.86,0
2048,128,satcomp,2,1,7,2,0.80052,0.77836,0.19948,5.51006,967.1319,1043,20.86,0
2048,128,satcomp,2,1,7,3,0.79046,0.77587,0.20953999999999995,5.53205,965.1157,1043,20.86,0
2048,128,satcomp,2,1,7,4,0.7865,0.77088,0.21350000000000002,5.55428,965.1157,1043,20.86,0
2048,128,satcomp,2,1,8,0,0.78745,0.77487,0.21255000000000002,6.24796,960.1868,1043,20.86,0
2048,128,satcomp,2,1,8,1,0.79018,0.77537,0.20982,6.27155,960.9421,1043,20.86,0
2048,128,satcomp,2,1,8,2,0.80052,0.77836,0.19948,6.2943,1056.2586,1043,20.86,0
2048,128,satcomp,2,1,8,3,0.79046,0.77587,0.20953999999999995,6.31629,1053.0769,1043,20.86,0
2048,128,satcomp,2,1,8,4,0.7865,0.77088,0.21350000000000002,6.33852,1053.0769,1043,20.86,0
2048,128,satcomp,2,2,2,0,0.31885,0.34131,0.6811499999999999,1.67348,901.9869,1043,20.86,0
2048,128,satcomp,2,2,2,1,0.30783,0.32087,0.69217,1.69707,902.7423,1043,20.86,0
2048,128,satcomp,2,2,2,2,0.36286,0.43505,0.63714,1.71982,999.3932,1043,20.86,0
2048,128,satcomp,2,2,2,3,0.49997,0.53652,0.50003,1.74181,1008.1049,1043,20.86,0
2048,128,satcomp,2,2,2,4,0.57277,0.57268,0.42723,1.76404,1008.1049,1043,20.86,0
2048,128,satcomp,2,2,3,0,0.37643,0.39417,0.62357,2.46093,901.9869,1043,20.86,0
2048,128,satcomp,2,2,3,1,0.55408,0.43406,0.44592,2.48452,902.7423,1043,20.86,0
2048,128,satcomp,2,2,3,2,0.6295,0.50711,0.37050000000000005,2.50727,999.3932,1043,20.86,0
2048,128,satcomp,2,2,3,3,0.67832,0.60982,0.32167999999999997,2.52926,1008.1049,1043,20.86,0
2048,128,satcomp,2,2,3,4,0.67003,0.6734,0.32997,2.55149,1008.1049,1043,20.86,0
2048,128,satcomp,2,2,4,0,0.73402,0.53752,0.26598,3.19713,906.6065,1043,20.86,0
2048,128,satcomp,2,2,4,1,0.65708,0.65246,0.34292,3.22072,907.3618,1043,20.86,0
2048,128,satcomp,2,2,4,2,0.69391,0.74221,0.30609,3.24347,1001.5262,1043,20.86,0
2048,128,satcomp,2,2,4,3,0.80064,0.76689,0.19935999999999998,3.26547,998.2518,1043,20.86,0
2048,128,satcomp,2,2,4,4,0.80051,0.78983,0.19948999999999995,3.2877,998.2518,1043,20.86,0
2048,128,satcomp,2,2,5,0,0.88891,0.8554,0.11109000000000002,3.96368,905.5616,1043,20.86,0
2048,128,satcomp,2,2,5,1,0.777,0.73099,0.22299999999999998,3.98728,906.317,1043,20.86,0
2048,128,satcomp,2,2,5,2,0.82922,0.84169,0.17078000000000004,4.01003,1001.5262,1043,20.86,0
2048,128,satcomp,2,2,5,3,0.85775,0.82448,0.14225,4.03202,998.2518,1043,20.86,0
2048,128,satcomp,2,2,5,4,0.87567,0.85739,0.12433000000000005,4.05425,998.2518,1043,20.86,0
2048,128,satcomp,2,2,6,0,0.91849,0.88133,0.08150999999999997,4.72967,899.8949,1043,20.86,1
2048,128,satcomp,2,2,6,1,0.89406,0.86188,0.10594000000000003,4.75327,900.6502,1043,20.86,0
2048,128,satcomp,2,2,6,2,0.90315,0.84792,0.09684999999999999,4.77601,995.8595,1043,20.86,0
2048,128,satcomp,2,2,6,3,0.88546,0.85864,0.11453999999999998,4.79801,992.5851,1043,20.86,0
2048,128,satcomp,2,2,6,4,0.88054,0.84592,0.11946000000000001,4.82024,992.5851,1043,20.86,0
2048,128,satcomp,2,2,7,0,0.91651,0.85365,0.08348999999999995,5.46371,899.8949,1043,20.86,0
2048,128,satcomp,2,2,7,1,0.88052,0.8554,0.11948000000000003,5.48731,900.6502,1043,20.86,0
2048,128,satcomp,2,2,7,2,0.86756,0.84941,0.13244,5.51006,995.8595,1043,20.86,0
2048,128,satcomp,2,2,7,3,0.8762,0.84892,0.12380000000000002,5.53205,992.5851,1043,20.86,0
2048,128,satcomp,2,2,7,4,0.87144,0.84418,0.12856,5.55428,992.5851,1043,20.86,0
2048,128,satcomp,2,2,8,0,0.91111,0.86163,0.08889000000000002,6.24796,993.0168,1043,20.86,0
2048,128,satcomp,2,2,8,1,0.88962,0.85041,0.11038000000000003,6.27155,993.7722,1043,20.86,0
2048,128,satcomp,2,2,8,2,0.87944,0.85066,0.12056,6.2943,1084.9861,1043,20.86,0
2048,128,satcomp,2,2,8,3,0.88019,0.85016,0.11980999999999997,6.31629,1080.5463,1043,20.86,0
2048,128,satcomp,2,2,8,4,0.85628,0.83994,0.14371999999999996,6.33852,1080.5463,1043,20.86,0
2048,128,satcomp,3,0,8,0,0.87046,0.85864,0.12954,0.91567,189.5927,1043,20.86,0
2048,128,satcomp,3,1,2,0,0.85635,0.7644,0.14365000000000006,1.69018,867.2123,1043,20.86,0
2048,128,satcomp,3,1,2,1,0.85901,0.75143,0.14098999999999995,1.71377,867.9677,1043,20.86,0
2048,128,satcomp,3,1,2,2,0.86039,0.7629,0.13961,1.73652,968.7211,1043,20.86,0
2048,128,satcomp,3,1,2,3,0.84549,0.75517,0.15451000000000004,1.75851,978.691,1043,20.86,0
2048,128,satcomp,3,1,2,4,0.81349,0.77063,0.18650999999999995,1.78074,978.691,1043,20.86,0
2048,128,satcomp,3,1,3,0,0.85853,0.78908,0.14146999999999998,2.47763,867.2123,1043,20.86,0
2048,128,satcomp,3,1,3,1,0.85062,0.77736,0.14937999999999996,2.50122,867.9677,1043,20.86,0
2048,128,satcomp,3,1,3,2,0.84096,0.77562,0.15903999999999996,2.52397,968.7211,1043,20.86,0
2048,128,satcomp,3,1,3,3,0.81577,0.77387,0.18423,2.54596,978.691,1043,20.86,0
2048,128,satcomp,3,1,3,4,0.79222,0.77661,0.20777999999999996,2.56819,978.691,1043,20.86,0
2048,128,satcomp,3,1,4,0,0.84162,0.76963,0.15837999999999997,3.21383,873.7764,1043,20.86,0
2048,128,satcomp,3,1,4,1,0.84833,0.76814,0.15166999999999997,3.23742,874.5318,1043,20.86,0
2048,128,satcomp,3,1,4,2,0.80368,0.78459,0.19632000000000005,3.26017,972.7987,1043,20.86,0
2048,128,satcomp,3,1,4,3,0.80649,0.77661,0.19350999999999996,3.28217,970.7825,1043,20.86,0
2048,128,satcomp,3,1,4,4,0.80734,0.7806,0.19266000000000005,3.3044,970.7825,1043,20.86,0
2048,128,satcomp,3,1,5,0,0.83618,0.77836,0.16381999999999997,3.98038,872.7316,1043,20.86,0
2048,128,satcomp,3,1,5,1,0.80575,0.77587,0.19425000000000003,4.00398,873.487,1043,20.86,0
2048,128,satcomp,3,1,5,2,0.8048,0.77836,0.19520000000000004,4.02673,972.7987,1043,20.86,0
2048,128,satcomp,3,1,5,3,0.79224,0.77562,0.20775999999999994,4.04872,970.7825,1043,20.86,0
2048,128,satcomp,3,1,5,4,0.7865,0.77088,0.21350000000000002,4.07095,970.7825,1043,20.86,0
2048,128,satcomp,3,1,6,0,0.80246,0.77537,0.19754000000000005,4.74637,867.0648,1043,20.86,0
2048,128,satcomp,3,1,6,1,0.7943,0.77512,0.2057,4.76997,867.8202,1043,20.86,0
2048,128,satcomp,3,1,6,2,0.80052,0.77836,0.19948,4.79271,967.1319,1043,20.86,0
2048,128,satcomp,3,1,6,3,0.79148,0.77612,0.20852000000000004,4.81471,965.1157,1043,20.86,0
2048,128,satcomp,3,1,6,4,0.7865,0.77088,0.21350000000000002,4.83694,965.1157,1043,20.86,0
2048,128,satcomp,3,1,7,0,0.78998,0.77487,0.21001999999999998,5.48041,867.0648,1043,20.86,0
2048,128,satcomp,3,1,7,1,0.79119,0.77537,0.20881000000000005,5.50401,867.8202,1043,20.86,0
2048,128,satcomp,3,1,7,2,0.80052,0.77836,0.19948,5.52676,967.1319,1043,20.86,0
2048,128,satcomp,3,1,7,3,0.79148,0.77612,0.20852000000000004,5.54875,965.1157,1043,20.86,0
2048,128,satcomp,3,1,7,4,0.7865,0.77088,0.21350000000000002,5.57098,965.1157,1043,20.86,0
2048,128,satcomp,3,1,8,0,0.78643,0.77487,0.21357000000000004,6.26466,960.1868,1043,20.86,0
2048,128,satcomp,3,1,8,1,0.79119,0.77537,0.20881000000000005,6.28825,960.9421,1043,20.86,0
2048,128,satcomp,3,1,8,2,0.80052,0.77836,0.19948,6.311,1056.2586,1043,20.86,0
2048,128,satcomp,3,1,8,3,0.79148,0.77612,0.20852000000000004,6.33299,1053.0769,1043,20.86,0
2048,128,satcomp,3,1,8,4,0.7865,0.77088,0.21350000000000002,6.35522,1053.0769,1043,20.86,0
2048,128,satcomp,3,2,2,0,0.32725,0.31937,0.67275,1.69018,901.9869,1043,20.86,0
2048,128,satcomp,3,2,2,1,0.31675,0.31314,0.68325,1.71377,902.7423,1043,20.86,0
2048,128,satcomp,3,2,2,2,0.4109,0.39466,0.5891,1.73652,999.3932,1043,20.86,0
2048,128,satcomp,3,2,2,3,0.4841,0.51184,0.5159,1.75851,1008.1049,1043,20.86,0
2048,128,satcomp,3,2,2,4,0.59763,0.55348,0.40237,1.78074,1008.1049,1043,20.86,0
2048,128,satcomp,3,2,3,0,0.36358,0.38968,0.63642,2.47763,901.9869,1043,20.86,0
2048,128,satcomp,3,2,3,1,0.51012,0.59312,0.48988,2.50122,902.7423,1043,20.86,0
2048,128,satcomp,3,2,3,2,0.60089,0.6188,0.39910999999999996,2.52397,999.3932,1043,20.86,0
2048,128,satcomp,3,2,3,3,0.73178,0.77636,0.26822,2.54596,1008.1049,1043,20.86,0
2048,128,satcomp,3,2,3,4,0.7246,0.70282,0.2754,2.56819,1008.1049,1043,20.86,0
2048,128,satcomp,3,2,4,0,0.67007,0.5814,0.32992999999999995,3.21383,906.6065,1043,20.86,0
2048,128,satcomp,3,2,4,1,0.74387,0.72825,0.25612999999999997,3.23742,907.3618,1043,20.86,0
2048,128,satcomp,3,2,4,2,0.77143,0.76465,0.22857000000000005,3.26017,1001.5262,1043,20.86,0
2048,128,satcomp,3,2,4,3,0.79544,0.80703,0.20455999999999996,3.28217,998.2518,1043,20.86,0
2048,128,satcomp,3,2,4,4,0.83184,0.82324,0.16815999999999998,3.3044,998.2518,1043,20.86,0
2048,128,satcomp,3,2,5,0,0.88423,0.8367,0.11577000000000004,3.98038,905.5616,1043,20.86,0
2048,128,satcomp,3,2,5,1,0.82462,0.76265,0.17537999999999998,4.00398,906.317,1043,20.86,0
2048,128,satcomp,3,2,5,2,0.84976,0.83495,0.15024000000000004,4.02673,1001.5262,1043,20.86,0
2048,128,satcomp,3,2,5,3,0.87355,0.84094,0.12644999999999995,4.04872,998.2518,1043,20.86,0
2048,128,satcomp,3,2,5,4,0.86335,0.83595,0.13665000000000005,4.07095,998.2518,1043,20.86,0
2048,128,satcomp,3,2,6,0,0.91271,0.86736,0.08728999999999998,4.74637,899.8949,1043,20.86,0
2048,128,satcomp,3,2,6,1,0.88739,0.84293,0.11260999999999999,4.76997,900.6502,1043,20.86,0
2048,128,satcomp,3,2,6,2,0.89973,0.86537,0.10026999999999997,4.79271,995.8595,1043,20.86,0
2048,128,satcomp,3,2,6,3,0.88921,0.83495,0.11079000000000006,4.81471,992.5851,1043,20.86,0
2048,128,satcomp,3,2,6,4,0.86548,0.83919,0.13451999999999997,4.83694,992.5851,1043,20.86,0
2048,128,satcomp,3,2,7,0,0.90406,0.86537,0.09594000000000003,5.48041,899.8949,1043,20.86,0
2048,128,satcomp,3,2,7,1,0.88827,0.83695,0.11173,5.50401,900.6502,1043,20.86,0
2048,128,satcomp,3,2,7,2,0.88117,0.85789,0.11882999999999999,5.52676,995.8595,1043,20.86,0
2048,128,satcomp,3,2,7,3,0.89527,0.8539,0.10472999999999999,5.54875,992.5851,1043,20.86,0
2048,128,satcomp,3,2,7,4,0.85144,0.84518,0.14856000000000003,5.57098,992.5851,1043,20.86,0
2048,128,satcomp,3,2,8,0,0.90881,0.86437,0.09119,6.26466,993.0168,1043,20.86,0
2048,128,satcomp,3,2,8,1,0.88368,0.85515,0.11631999999999998,6.28825,993.7722,1043,20.86,0
2048,128,satcomp,3,2,8,2,0.86896,0.84792,0.13104000000000005,6.311,1084.9861,1043,20.86,0
2048,128,satcomp,3,2,8,3,0.87697,0.83495,0.12302999999999997,6.33299,1080.5463,1043,20.86,0
2048,128,satcomp,3,2,8,4,0.85347,0.84169,0.14653000000000005,6.35522,1080.5463,1043,20.86,0
2048,128,sampled,4,0,8,0,0.82986,0.817,0.17013999999999996,0.92047,230.0779,531,10.62,0
2048,128,sampled,4,1,2,0,0.84451,0.72949,0.15549000000000002,1.69498,932.3252,531,10.62,0
2048,128,sampled,4,1,2,1,0.83752,0.73049,0.16247999999999996,1.71857,940.3431,531,10.62,0
2048,128,sampled,4,1,2,2,0.83768,0.72974,0.16232000000000002,1.74132,1049.4877,531,10.62,0
2048,128,sampled,4,1,2,3,0.83939,0.74445,0.16061000000000003,1.76332,1065.0869,531,10.62,0
2048,128,sampled,4,1,2,4,0.7796,0.72476,0.22040000000000004,1.78555,1065.0869,531,10.62,0
2048,128,sampled,4,1,3,0,0.84419,0.75941,0.15581,2.48244,932.3252,531,10.62,0
2048,128,sampled,4,1,3,1,0.83226,0.7472,0.16774,2.50603,940.3431,531,10.62,0
2048,128,sampled,4,1,3,2,0.8284,0.75143,0.17159999999999997,2.52878,1049.4877,531,10.62,0
2048,128,sampled,4,1,3,3,0.81446,0.74819,0.18554000000000004,2.55077,1065.0869,531,10.62,0
2048,128,sampled,4,1,3,4,0.77455,0.72949,0.22545000000000004,2.573,1065.0869,531,10.62,0
2048,128,sampled,4,1,4,0,0.82619,0.74769,0.17381000000000002,3.21864,942.9281,531,10.62,0
2048,128,sampled,4,1,4,1,0.82395,0.75268,0.17605000000000004,3.24223,950.946,531,10.62,0
2048,128,sampled,4,1,4,2,0.79366,0.75642,0.20633999999999997,3.26498,1057.604,531,10.62,0
2048,128,sampled,4,1,4,3,0.78546,0.76091,0.21453999999999995,3.28697,1061.2172,531,10.62,0
2048,128,sampled,4,1,4,4,0.75505,0.74296,0.24495,3.3092,1061.2172,531,10.62,0
2048,128,sampled,4,1,5,0,0.82586,0.75019,0.17413999999999996,3.98519,941.8833,531,10.62,0
2048,128,sampled,4,1,5,1,0.79414,0.75093,0.20586000000000004,4.00878,949.9012,531,10.62,0
2048,128,sampled,4,1,5,2,0.76983,0.75767,0.23016999999999999,4.03153,1057.604,531,10.62,0
2048,128,sampled,4,1,5,3,0.76647,0.76091,0.23353000000000002,4.05353,1061.2172,531,10.62,0
2048,128,sampled,4,1,5,4,0.748,0.74196,0.252,4.07576,1061.2172,531,10.62,0
2048,128,sampled,4,1,6,0,0.78355,0.75318,0.21645000000000003,4.75118,939.285,531,10.62,0
2048,128,sampled,4,1,6,1,0.7738,0.74595,0.22619999999999996,4.77477,947.3029,531,10.62,0
2048,128,sampled,4,1,6,2,0.76269,0.75567,0.23731000000000002,4.79752,1055.0058,531,10.62,0
2048,128,sampled,4,1,6,3,0.76264,0.76091,0.23736000000000002,4.81951,1058.619,531,10.62,0
2048,128,sampled,4,1,6,4,0.748,0.74196,0.252,4.84174,1058.619,531,10.62,0
2048,128,sampled,4,1,7,0,0.76419,0.75093,0.23580999999999996,5.48522,939.285,531,10.62,0
2048,128,sampled,4,1,7,1,0.76938,0.74595,0.23062000000000005,5.50881,947.3029,531,10.62,0
2048,128,sampled,4,1,7,2,0.76269,0.75567,0.23731000000000002,5.53156,1055.0058,531,10.62,0
2048,128,sampled,4,1,7,3,0.76264,0.76091,0.23736000000000002,5.55356,1058.619,531,10.62,0
2048,128,sampled,4,1,7,4,0.748,0.74196,0.252,5.57579,1058.619,531,10.62,0
2048,128,sampled,4,1,8,0,0.76153,0.75093,0.23846999999999996,6.26946,1033.9078,531,10.62,0
2048,128,sampled,4,1,8,1,0.76938,0.74595,0.23062000000000005,6.29306,1041.9257,531,10.62,0
2048,128,sampled,4,1,8,2,0.76269,0.75567,0.23731000000000002,6.3158,1145.6333,531,10.62,0
2048,128,sampled,4,1,8,3,0.76264,0.76091,0.23736000000000002,6.3378,1148.0809,531,10.62,0
2048,128,sampled,4,1,8,4,0.748,0.74196,0.252,6.36003,1148.0809,531,10.62,0
2048,128,sampled,4,2,2,0,0.32736,0.31538,0.67264,1.69498,967.0998,531,10.62,0
2048,128,sampled,4,2,2,1,0.31499,0.33084,0.68501,1.71857,975.1177,531,10.62,0
2048,128,sampled,4,2,2,2,0.40868,0.48168,0.5913200000000001,1.74132,1080.1598,531,10.62,0
2048,128,sampled,4,2,2,3,0.46416,0.52605,0.53584,1.76332,1094.5009,531,10.62,0
2048,128,sampled,4,2,2,4,0.55625,0.59013,0.44375,1.78555,1094.5009,531,10.62,0
2048,128,sampled,4,2,3,0,0.36811,0.33932,0.6318900000000001,2.48244,967.0998,531,10.62,0
2048,128,sampled,4,2,3,1,0.5426,0.453,0.45740000000000003,2.50603,975.1177,531,10.62,0
2048,128,sampled,4,2,3,2,0.54806,0.6547,0.45194,2.52878,1080.1598,531,10.62,0
2048,128,sampled,4,2,3,3,0.62749,0.66318,0.37251,2.55077,1094.5009,531,10.62,0
2048,128,sampled,4,2,3,4,0.69431,0.71379,0.30569,2.573,1094.5009,531,10.62,0
2048,128,sampled,4,2,4,0,0.67098,0.44577,0.32902,3.21864,975.7582,531,10.62,0
2048,128,sampled,4,2,4,1,0.71038,0.74994,0.28962,3.24223,983.7761,531,10.62,0
2048,128,sampled,4,2,4,2,0.77189,0.72401,0.22811000000000003,3.26498,1086.3316,531,10.62,0
2048,128,sampled,4,2,4,3,0.74018,0.76639,0.25982000000000005,3.28697,1088.6866,531,10.62,0
2048,128,sampled,4,2,4,4,0.78559,0.77711,0.21441,3.3092,1088.6866,531,10.62,0
2048,128,sampled,4,2,5,0,0.77986,0.81675,0.22014,3.98519,974.7133,531,10.62,0
2048,128,sampled,4,2,5,1,0.79774,0.77736,0.20226,4.00878,982.7312,531,10.62,0
2048,128,sampled,4,2,5,2,0.83754,0.79382,0.16246000000000005,4.03153,1086.3316,531,10.62,0
2048,128,sampled,4,2,5,3,0.84702,0.78484,0.15298,4.05353,1088.6866,531,10.62,0
2048,128,sampled,4,2,5,4,0.82455,0.79407,0.17545,4.07576,1088.6866,531,10.62,0
2048,128,sampled,4,2,6,0,0.89259,0.85889,0.10741,4.75118,972.1151,531,10.62,0
2048,128,sampled,4,2,6,1,0.83582,0.82747,0.16418,4.77477,980.133,531,10.62,0
2048,128,sampled,4,2,6,2,0.87129,0.84717,0.12871,4.79752,1083.7334,531,10.62,0
2048,128,sampled,4,2,6,3,0.83804,0.80952,0.16196,4.81951,1086.0883,531,10.62,0
2048,128,sampled,4,2,6,4,0.8339,0.7988,0.16610000000000003,4.84174,1086.0883,531,10.62,0
2048,128,sampled,4,2,7,0,0.89306,0.84966,0.10694000000000004,5.48522,972.1151,531,10.62,0
2048,128,sampled,4,2,7,1,0.8723,0.82598,0.12770000000000004,5.50881,980.133,531,10.62,0
2048,128,sampled,4,2,7,2,0.86867,0.81202,0.13132999999999995,5.53156,1083.7334,531,10.62,0
2048,128,sampled,4,2,7,3,0.83836,0.82124,0.16164,5.55356,1086.0883,531,10.62,0
2048,128,sampled,4,2,7,4,0.83644,0.82448,0.16356000000000004,5.57579,1086.0883,531,10.62,0
2048,128,sampled,4,2,8,0,0.86531,0.84268,0.13468999999999998,6.26946,1066.7378,531,10.62,0
2048,128,sampled,4,2,8,1,0.86349,0.80853,0.13651000000000002,6.29306,1074.7557,531,10.62,0
2048,128,sampled,4,2,8,2,0.83767,0.82149,0.16232999999999997,6.3158,1174.3608,531,10.62,0
2048,128,sampled,4,2,8,3,0.83339,0.80753,0.16661000000000004,6.3378,1175.5503,531,10.62,0
2048,128,sampled,4,2,8,4,0.81721,0.80853,0.18279,6.36003,1175.5503,531,10.62,0
